domain_url;variable_name;value;confidence;run_id;protocol_version;plugin_version;computed_at;n_sentencas_sinalizadas;n_segmentos_avaliados;limiar;cobertura_vocabulario;extrapolacao;motivo;modelo_sha256;preparo_versao;extrator_versao;corpo_sha256;densidade_sinalizacao
https://drogariasaopaulo.com.br;tem_banner_cookies;true;0.95;eff21c08-b691-4c4d-a648-8ecec047beb6;aovivo-N2KLW-v1.0.0;0.3.1;2026-08-15T20:00:48.784577+00:00;;;;;;;;;;;
https://drogariasaopaulo.com.br;tem_politica_privacidade;true;0.95;eff21c08-b691-4c4d-a648-8ecec047beb6;aovivo-N2KLW-v1.0.0;0.2.1;2026-08-15T20:00:48.804331+00:00;;;;;;;;;;;
https://drogariasaopaulo.com.br;tem_canal_titular;true;0.991974;eff21c08-b691-4c4d-a648-8ecec047beb6;aovivo-N2KLW-v1.0.0;1.0.0;2026-08-15T20:00:49.878037+00:00;;;0.5;;;;df5f83e297a13eeae39b2e1f1dbd5406444f81410152159c587f50b5aaa37401;;1.0.0;ad877ab42514aeae3e38de1837f67ae37ae64c79ae04542af23baa0830dc9946;
https://drogariasaopaulo.com.br;finalidade_especificada;true;0.832562;eff21c08-b691-4c4d-a648-8ecec047beb6;aovivo-N2KLW-v1.0.0;1.0.0;2026-08-15T20:00:50.356691+00:00;218;838;0.07450863272740177;0.3898;false;;cf474b9bf6133dc374e0f0720835da6b8e669a67f3008ae4f970a27db96ae0c0;1.0.0;;cbfafa9326b22da2072cb70afeaa5988fbd98f9f34d1a75bd5440dc37d7a80ef;0.260143
https://drogariasaopaulo.com.br;direitos_titular_explicados;true;0.998929;eff21c08-b691-4c4d-a648-8ecec047beb6;aovivo-N2KLW-v1.0.0;1.0.0;2026-08-15T20:00:50.838764+00:00;16;838;0.14620134174763208;0.3898;false;;a2912290b9911114715a7dd0ea2170bea5e349db39b92b12a6e9c12e84f91a01;1.0.0;;cbfafa9326b22da2072cb70afeaa5988fbd98f9f34d1a75bd5440dc37d7a80ef;0.019093
https://drogariasaopaulo.com.br;transf_internacional_divulgada;true;0.385236;eff21c08-b691-4c4d-a648-8ecec047beb6;aovivo-N2KLW-v1.0.0;1.0.0;2026-08-15T20:00:51.313927+00:00;13;838;0.008095472917573614;0.3898;false;;ba65b01f76606776b220befc40de2025341f4326ab79e1658bcb3049016c7dff;1.0.0;;cbfafa9326b22da2072cb70afeaa5988fbd98f9f34d1a75bd5440dc37d7a80ef;0.015513
https://radios.com.br;tem_banner_cookies;false;0.95;eff21c08-b691-4c4d-a648-8ecec047beb6;aovivo-N2KLW-v1.0.0;0.3.1;2026-08-15T20:01:18.177263+00:00;;;;;;;;;;;
https://radios.com.br;tem_politica_privacidade;false;0.95;eff21c08-b691-4c4d-a648-8ecec047beb6;aovivo-N2KLW-v1.0.0;0.2.1;2026-08-15T20:01:18.191428+00:00;;;;;;;;;;;
https://radios.com.br;tem_canal_titular;false;0.082157;eff21c08-b691-4c4d-a648-8ecec047beb6;aovivo-N2KLW-v1.0.0;1.0.0;2026-08-15T20:01:18.482373+00:00;;;0.5;;;;df5f83e297a13eeae39b2e1f1dbd5406444f81410152159c587f50b5aaa37401;;1.0.0;ad877ab42514aeae3e38de1837f67ae37ae64c79ae04542af23baa0830dc9946;
https://radios.com.br;finalidade_especificada;nao_aplicavel;0.0;eff21c08-b691-4c4d-a648-8ecec047beb6;aovivo-N2KLW-v1.0.0;1.0.0;2026-08-15T20:01:18.488831+00:00;;;;;;precondicao_nao_satisfeita;;;;;
https://radios.com.br;direitos_titular_explicados;nao_aplicavel;0.0;eff21c08-b691-4c4d-a648-8ecec047beb6;aovivo-N2KLW-v1.0.0;1.0.0;2026-08-15T20:01:18.507515+00:00;;;;;;precondicao_nao_satisfeita;;;;;
https://radios.com.br;transf_internacional_divulgada;nao_aplicavel;0.0;eff21c08-b691-4c4d-a648-8ecec047beb6;aovivo-N2KLW-v1.0.0;1.0.0;2026-08-15T20:01:18.519116+00:00;;;;;;precondicao_nao_satisfeita;;;;;
https://portal6.com.br;tem_banner_cookies;true;0.65;eff21c08-b691-4c4d-a648-8ecec047beb6;aovivo-N2KLW-v1.0.0;0.3.1;2026-08-15T20:02:07.810933+00:00;;;;;;;;;;;
https://portal6.com.br;tem_politica_privacidade;true;0.65;eff21c08-b691-4c4d-a648-8ecec047beb6;aovivo-N2KLW-v1.0.0;0.2.1;2026-08-15T20:02:07.824986+00:00;;;;;;;;;;;
https://portal6.com.br;tem_canal_titular;false;0.082157;eff21c08-b691-4c4d-a648-8ecec047beb6;aovivo-N2KLW-v1.0.0;1.0.0;2026-08-15T20:02:08.081918+00:00;;;0.5;;;;df5f83e297a13eeae39b2e1f1dbd5406444f81410152159c587f50b5aaa37401;;1.0.0;ad877ab42514aeae3e38de1837f67ae37ae64c79ae04542af23baa0830dc9946;
https://portal6.com.br;finalidade_especificada;true;0.856606;eff21c08-b691-4c4d-a648-8ecec047beb6;aovivo-N2KLW-v1.0.0;1.0.0;2026-08-15T20:02:08.131029+00:00;35;105;0.07450863272740177;0.4089;false;;cf474b9bf6133dc374e0f0720835da6b8e669a67f3008ae4f970a27db96ae0c0;1.0.0;;cbfafa9326b22da2072cb70afeaa5988fbd98f9f34d1a75bd5440dc37d7a80ef;0.333333
https://portal6.com.br;direitos_titular_explicados;false;0.020406;eff21c08-b691-4c4d-a648-8ecec047beb6;aovivo-N2KLW-v1.0.0;1.0.0;2026-08-15T20:02:08.222295+00:00;0;105;0.14620134174763208;0.4089;false;;a2912290b9911114715a7dd0ea2170bea5e349db39b92b12a6e9c12e84f91a01;1.0.0;;cbfafa9326b22da2072cb70afeaa5988fbd98f9f34d1a75bd5440dc37d7a80ef;0.0
https://portal6.com.br;transf_internacional_divulgada;false;0.003342;eff21c08-b691-4c4d-a648-8ecec047beb6;aovivo-N2KLW-v1.0.0;1.0.0;2026-08-15T20:02:08.269216+00:00;0;105;0.008095472917573614;0.4089;false;;ba65b01f76606776b220befc40de2025341f4326ab79e1658bcb3049016c7dff;1.0.0;;cbfafa9326b22da2072cb70afeaa5988fbd98f9f34d1a75bd5440dc37d7a80ef;0.0
https://meliuz.com.br;tem_banner_cookies;true;0.65;eff21c08-b691-4c4d-a648-8ecec047beb6;aovivo-N2KLW-v1.0.0;0.3.1;2026-08-15T20:02:21.381350+00:00;;;;;;;;;;;
https://meliuz.com.br;tem_politica_privacidade;true;0.95;eff21c08-b691-4c4d-a648-8ecec047beb6;aovivo-N2KLW-v1.0.0;0.2.1;2026-08-15T20:02:21.406681+00:00;;;;;;;;;;;
https://meliuz.com.br;tem_canal_titular;true;0.889233;eff21c08-b691-4c4d-a648-8ecec047beb6;aovivo-N2KLW-v1.0.0;1.0.0;2026-08-15T20:02:21.641965+00:00;;;0.5;;;;df5f83e297a13eeae39b2e1f1dbd5406444f81410152159c587f50b5aaa37401;;1.0.0;ad877ab42514aeae3e38de1837f67ae37ae64c79ae04542af23baa0830dc9946;
https://meliuz.com.br;finalidade_especificada;true;0.88771;eff21c08-b691-4c4d-a648-8ecec047beb6;aovivo-N2KLW-v1.0.0;1.0.0;2026-08-15T20:02:21.986491+00:00;354;780;0.07450863272740177;0.3768;false;;cf474b9bf6133dc374e0f0720835da6b8e669a67f3008ae4f970a27db96ae0c0;1.0.0;;cbfafa9326b22da2072cb70afeaa5988fbd98f9f34d1a75bd5440dc37d7a80ef;0.453846
https://meliuz.com.br;direitos_titular_explicados;true;0.776184;eff21c08-b691-4c4d-a648-8ecec047beb6;aovivo-N2KLW-v1.0.0;1.0.0;2026-08-15T20:02:22.336004+00:00;2;780;0.14620134174763208;0.3768;false;;a2912290b9911114715a7dd0ea2170bea5e349db39b92b12a6e9c12e84f91a01;1.0.0;;cbfafa9326b22da2072cb70afeaa5988fbd98f9f34d1a75bd5440dc37d7a80ef;0.002564
https://meliuz.com.br;transf_internacional_divulgada;true;0.010689;eff21c08-b691-4c4d-a648-8ecec047beb6;aovivo-N2KLW-v1.0.0;1.0.0;2026-08-15T20:02:22.671359+00:00;2;780;0.008095472917573614;0.3768;false;;ba65b01f76606776b220befc40de2025341f4326ab79e1658bcb3049016c7dff;1.0.0;;cbfafa9326b22da2072cb70afeaa5988fbd98f9f34d1a75bd5440dc37d7a80ef;0.002564
https://comprasparaguai.com.br;tem_banner_cookies;true;0.95;eff21c08-b691-4c4d-a648-8ecec047beb6;aovivo-N2KLW-v1.0.0;0.3.1;2026-08-15T20:03:15.867350+00:00;;;;;;;;;;;
https://comprasparaguai.com.br;tem_politica_privacidade;true;0.95;eff21c08-b691-4c4d-a648-8ecec047beb6;aovivo-N2KLW-v1.0.0;0.2.1;2026-08-15T20:03:15.888032+00:00;;;;;;;;;;;
https://comprasparaguai.com.br;tem_canal_titular;true;0.789735;eff21c08-b691-4c4d-a648-8ecec047beb6;aovivo-N2KLW-v1.0.0;1.0.0;2026-08-15T20:03:16.264374+00:00;;;0.5;;;;df5f83e297a13eeae39b2e1f1dbd5406444f81410152159c587f50b5aaa37401;;1.0.0;ad877ab42514aeae3e38de1837f67ae37ae64c79ae04542af23baa0830dc9946;
https://comprasparaguai.com.br;finalidade_especificada;true;0.830989;eff21c08-b691-4c4d-a648-8ecec047beb6;aovivo-N2KLW-v1.0.0;1.0.0;2026-08-15T20:03:16.322940+00:00;44;151;0.07450863272740177;0.4331;false;;cf474b9bf6133dc374e0f0720835da6b8e669a67f3008ae4f970a27db96ae0c0;1.0.0;;cbfafa9326b22da2072cb70afeaa5988fbd98f9f34d1a75bd5440dc37d7a80ef;0.291391
https://comprasparaguai.com.br;direitos_titular_explicados;true;0.920712;eff21c08-b691-4c4d-a648-8ecec047beb6;aovivo-N2KLW-v1.0.0;1.0.0;2026-08-15T20:03:16.377384+00:00;8;151;0.14620134174763208;0.4331;false;;a2912290b9911114715a7dd0ea2170bea5e349db39b92b12a6e9c12e84f91a01;1.0.0;;cbfafa9326b22da2072cb70afeaa5988fbd98f9f34d1a75bd5440dc37d7a80ef;0.05298
https://comprasparaguai.com.br;transf_internacional_divulgada;false;0.002751;eff21c08-b691-4c4d-a648-8ecec047beb6;aovivo-N2KLW-v1.0.0;1.0.0;2026-08-15T20:03:16.454370+00:00;0;151;0.008095472917573614;0.4331;false;;ba65b01f76606776b220befc40de2025341f4326ab79e1658bcb3049016c7dff;1.0.0;;cbfafa9326b22da2072cb70afeaa5988fbd98f9f34d1a75bd5440dc37d7a80ef;0.0
https://simepar.br;tem_banner_cookies;false;0.95;eff21c08-b691-4c4d-a648-8ecec047beb6;aovivo-N2KLW-v1.0.0;0.3.1;2026-08-15T20:03:38.532055+00:00;;;;;;;;;;;
https://simepar.br;tem_politica_privacidade;false;0.95;eff21c08-b691-4c4d-a648-8ecec047beb6;aovivo-N2KLW-v1.0.0;0.2.1;2026-08-15T20:03:38.543210+00:00;;;;;;;;;;;
https://simepar.br;tem_canal_titular;false;0.082157;eff21c08-b691-4c4d-a648-8ecec047beb6;aovivo-N2KLW-v1.0.0;1.0.0;2026-08-15T20:03:38.742821+00:00;;;0.5;;;;df5f83e297a13eeae39b2e1f1dbd5406444f81410152159c587f50b5aaa37401;;1.0.0;ad877ab42514aeae3e38de1837f67ae37ae64c79ae04542af23baa0830dc9946;
https://simepar.br;finalidade_especificada;nao_aplicavel;0.0;eff21c08-b691-4c4d-a648-8ecec047beb6;aovivo-N2KLW-v1.0.0;1.0.0;2026-08-15T20:03:38.744176+00:00;;;;;;precondicao_nao_satisfeita;;;;;
https://simepar.br;direitos_titular_explicados;nao_aplicavel;0.0;eff21c08-b691-4c4d-a648-8ecec047beb6;aovivo-N2KLW-v1.0.0;1.0.0;2026-08-15T20:03:38.760338+00:00;;;;;;precondicao_nao_satisfeita;;;;;
https://simepar.br;transf_internacional_divulgada;nao_aplicavel;0.0;eff21c08-b691-4c4d-a648-8ecec047beb6;aovivo-N2KLW-v1.0.0;1.0.0;2026-08-15T20:03:38.778935+00:00;;;;;;precondicao_nao_satisfeita;;;;;
https://gazetadopovo.com.br;tem_banner_cookies;false;0.95;eff21c08-b691-4c4d-a648-8ecec047beb6;aovivo-N2KLW-v1.0.0;0.3.1;2026-08-15T20:05:08.323576+00:00;;;;;;;;;;;
https://gazetadopovo.com.br;tem_politica_privacidade;true;0.95;eff21c08-b691-4c4d-a648-8ecec047beb6;aovivo-N2KLW-v1.0.0;0.2.1;2026-08-15T20:05:08.342449+00:00;;;;;;;;;;;
https://gazetadopovo.com.br;tem_canal_titular;true;0.985102;eff21c08-b691-4c4d-a648-8ecec047beb6;aovivo-N2KLW-v1.0.0;1.0.0;2026-08-15T20:05:08.966379+00:00;;;0.5;;;;df5f83e297a13eeae39b2e1f1dbd5406444f81410152159c587f50b5aaa37401;;1.0.0;ad877ab42514aeae3e38de1837f67ae37ae64c79ae04542af23baa0830dc9946;
https://gazetadopovo.com.br;finalidade_especificada;true;0.9234;eff21c08-b691-4c4d-a648-8ecec047beb6;aovivo-N2KLW-v1.0.0;1.0.0;2026-08-15T20:05:09.301768+00:00;208;606;0.07450863272740177;0.4003;false;;cf474b9bf6133dc374e0f0720835da6b8e669a67f3008ae4f970a27db96ae0c0;1.0.0;;cbfafa9326b22da2072cb70afeaa5988fbd98f9f34d1a75bd5440dc37d7a80ef;0.343234
https://gazetadopovo.com.br;direitos_titular_explicados;true;0.888305;eff21c08-b691-4c4d-a648-8ecec047beb6;aovivo-N2KLW-v1.0.0;1.0.0;2026-08-15T20:05:09.609221+00:00;12;606;0.14620134174763208;0.4003;false;;a2912290b9911114715a7dd0ea2170bea5e349db39b92b12a6e9c12e84f91a01;1.0.0;;cbfafa9326b22da2072cb70afeaa5988fbd98f9f34d1a75bd5440dc37d7a80ef;0.019802
https://gazetadopovo.com.br;transf_internacional_divulgada;true;0.117169;eff21c08-b691-4c4d-a648-8ecec047beb6;aovivo-N2KLW-v1.0.0;1.0.0;2026-08-15T20:05:09.919666+00:00;7;606;0.008095472917573614;0.4003;false;;ba65b01f76606776b220befc40de2025341f4326ab79e1658bcb3049016c7dff;1.0.0;;cbfafa9326b22da2072cb70afeaa5988fbd98f9f34d1a75bd5440dc37d7a80ef;0.011551
https://voxus.com.br;tem_banner_cookies;false;0.95;eff21c08-b691-4c4d-a648-8ecec047beb6;aovivo-N2KLW-v1.0.0;0.3.1;2026-08-15T20:05:30.856028+00:00;;;;;;;;;;;
https://voxus.com.br;tem_politica_privacidade;true;0.95;eff21c08-b691-4c4d-a648-8ecec047beb6;aovivo-N2KLW-v1.0.0;0.2.1;2026-08-15T20:05:30.870553+00:00;;;;;;;;;;;
https://voxus.com.br;tem_canal_titular;false;0.082157;eff21c08-b691-4c4d-a648-8ecec047beb6;aovivo-N2KLW-v1.0.0;1.0.0;2026-08-15T20:05:30.963494+00:00;;;0.5;;;;df5f83e297a13eeae39b2e1f1dbd5406444f81410152159c587f50b5aaa37401;;1.0.0;ad877ab42514aeae3e38de1837f67ae37ae64c79ae04542af23baa0830dc9946;
https://voxus.com.br;finalidade_especificada;true;0.515323;eff21c08-b691-4c4d-a648-8ecec047beb6;aovivo-N2KLW-v1.0.0;1.0.0;2026-08-15T20:05:31.029665+00:00;32;96;0.07450863272740177;0.3689;false;;cf474b9bf6133dc374e0f0720835da6b8e669a67f3008ae4f970a27db96ae0c0;1.0.0;;cbfafa9326b22da2072cb70afeaa5988fbd98f9f34d1a75bd5440dc37d7a80ef;0.333333
https://voxus.com.br;direitos_titular_explicados;false;0.08563;eff21c08-b691-4c4d-a648-8ecec047beb6;aovivo-N2KLW-v1.0.0;1.0.0;2026-08-15T20:05:31.077686+00:00;0;96;0.14620134174763208;0.3689;false;;a2912290b9911114715a7dd0ea2170bea5e349db39b92b12a6e9c12e84f91a01;1.0.0;;cbfafa9326b22da2072cb70afeaa5988fbd98f9f34d1a75bd5440dc37d7a80ef;0.0
https://voxus.com.br;transf_internacional_divulgada;true;0.008358;eff21c08-b691-4c4d-a648-8ecec047beb6;aovivo-N2KLW-v1.0.0;1.0.0;2026-08-15T20:05:31.134731+00:00;1;96;0.008095472917573614;0.3689;false;;ba65b01f76606776b220befc40de2025341f4326ab79e1658bcb3049016c7dff;1.0.0;;cbfafa9326b22da2072cb70afeaa5988fbd98f9f34d1a75bd5440dc37d7a80ef;0.010417
https://omie.com.br;tem_banner_cookies;true;0.95;eff21c08-b691-4c4d-a648-8ecec047beb6;aovivo-N2KLW-v1.0.0;0.3.1;2026-08-15T20:06:12.743596+00:00;;;;;;;;;;;
https://omie.com.br;tem_politica_privacidade;true;0.95;eff21c08-b691-4c4d-a648-8ecec047beb6;aovivo-N2KLW-v1.0.0;0.2.1;2026-08-15T20:06:12.828363+00:00;;;;;;;;;;;
https://omie.com.br;tem_canal_titular;true;0.99395;eff21c08-b691-4c4d-a648-8ecec047beb6;aovivo-N2KLW-v1.0.0;1.0.0;2026-08-15T20:06:13.779959+00:00;;;0.5;;;;df5f83e297a13eeae39b2e1f1dbd5406444f81410152159c587f50b5aaa37401;;1.0.0;ad877ab42514aeae3e38de1837f67ae37ae64c79ae04542af23baa0830dc9946;
https://omie.com.br;finalidade_especificada;true;0.919974;eff21c08-b691-4c4d-a648-8ecec047beb6;aovivo-N2KLW-v1.0.0;1.0.0;2026-08-15T20:06:13.930395+00:00;53;238;0.07450863272740177;0.4833;false;;cf474b9bf6133dc374e0f0720835da6b8e669a67f3008ae4f970a27db96ae0c0;1.0.0;;cbfafa9326b22da2072cb70afeaa5988fbd98f9f34d1a75bd5440dc37d7a80ef;0.222689
https://omie.com.br;direitos_titular_explicados;true;0.896162;eff21c08-b691-4c4d-a648-8ecec047beb6;aovivo-N2KLW-v1.0.0;1.0.0;2026-08-15T20:06:14.061067+00:00;9;238;0.14620134174763208;0.4833;false;;a2912290b9911114715a7dd0ea2170bea5e349db39b92b12a6e9c12e84f91a01;1.0.0;;cbfafa9326b22da2072cb70afeaa5988fbd98f9f34d1a75bd5440dc37d7a80ef;0.037815
https://omie.com.br;transf_internacional_divulgada;true;0.150715;eff21c08-b691-4c4d-a648-8ecec047beb6;aovivo-N2KLW-v1.0.0;1.0.0;2026-08-15T20:06:14.204132+00:00;6;238;0.008095472917573614;0.4833;false;;ba65b01f76606776b220befc40de2025341f4326ab79e1658bcb3049016c7dff;1.0.0;;cbfafa9326b22da2072cb70afeaa5988fbd98f9f34d1a75bd5440dc37d7a80ef;0.02521
https://utmify.com.br;tem_banner_cookies;false;0.95;eff21c08-b691-4c4d-a648-8ecec047beb6;aovivo-N2KLW-v1.0.0;0.3.1;2026-08-15T20:06:30.263246+00:00;;;;;;;;;;;
https://utmify.com.br;tem_politica_privacidade;false;0.95;eff21c08-b691-4c4d-a648-8ecec047beb6;aovivo-N2KLW-v1.0.0;0.2.1;2026-08-15T20:06:30.270911+00:00;;;;;;;;;;;
https://utmify.com.br;tem_canal_titular;false;0.082157;eff21c08-b691-4c4d-a648-8ecec047beb6;aovivo-N2KLW-v1.0.0;1.0.0;2026-08-15T20:06:30.360775+00:00;;;0.5;;;;df5f83e297a13eeae39b2e1f1dbd5406444f81410152159c587f50b5aaa37401;;1.0.0;ad877ab42514aeae3e38de1837f67ae37ae64c79ae04542af23baa0830dc9946;
https://utmify.com.br;finalidade_especificada;nao_aplicavel;0.0;eff21c08-b691-4c4d-a648-8ecec047beb6;aovivo-N2KLW-v1.0.0;1.0.0;2026-08-15T20:06:30.370844+00:00;;;;;;precondicao_nao_satisfeita;;;;;
https://utmify.com.br;direitos_titular_explicados;nao_aplicavel;0.0;eff21c08-b691-4c4d-a648-8ecec047beb6;aovivo-N2KLW-v1.0.0;1.0.0;2026-08-15T20:06:30.387209+00:00;;;;;;precondicao_nao_satisfeita;;;;;
https://utmify.com.br;transf_internacional_divulgada;nao_aplicavel;0.0;eff21c08-b691-4c4d-a648-8ecec047beb6;aovivo-N2KLW-v1.0.0;1.0.0;2026-08-15T20:06:30.387209+00:00;;;;;;precondicao_nao_satisfeita;;;;;
https://cebraspe.org.br;tem_banner_cookies;false;0.95;eff21c08-b691-4c4d-a648-8ecec047beb6;aovivo-N2KLW-v1.0.0;0.3.1;2026-08-15T20:06:51.668326+00:00;;;;;;;;;;;
https://cebraspe.org.br;tem_politica_privacidade;false;0.95;eff21c08-b691-4c4d-a648-8ecec047beb6;aovivo-N2KLW-v1.0.0;0.2.1;2026-08-15T20:06:51.684326+00:00;;;;;;;;;;;
https://cebraspe.org.br;tem_canal_titular;false;0.363488;eff21c08-b691-4c4d-a648-8ecec047beb6;aovivo-N2KLW-v1.0.0;1.0.0;2026-08-15T20:06:51.938059+00:00;;;0.5;;;;df5f83e297a13eeae39b2e1f1dbd5406444f81410152159c587f50b5aaa37401;;1.0.0;ad877ab42514aeae3e38de1837f67ae37ae64c79ae04542af23baa0830dc9946;
https://cebraspe.org.br;finalidade_especificada;nao_aplicavel;0.0;eff21c08-b691-4c4d-a648-8ecec047beb6;aovivo-N2KLW-v1.0.0;1.0.0;2026-08-15T20:06:51.954837+00:00;;;;;;precondicao_nao_satisfeita;;;;;
https://cebraspe.org.br;direitos_titular_explicados;nao_aplicavel;0.0;eff21c08-b691-4c4d-a648-8ecec047beb6;aovivo-N2KLW-v1.0.0;1.0.0;2026-08-15T20:06:51.967830+00:00;;;;;;precondicao_nao_satisfeita;;;;;
https://cebraspe.org.br;transf_internacional_divulgada;nao_aplicavel;0.0;eff21c08-b691-4c4d-a648-8ecec047beb6;aovivo-N2KLW-v1.0.0;1.0.0;2026-08-15T20:06:51.980186+00:00;;;;;;precondicao_nao_satisfeita;;;;;
https://b3.com.br;tem_banner_cookies;true;0.95;eff21c08-b691-4c4d-a648-8ecec047beb6;aovivo-N2KLW-v1.0.0;0.3.1;2026-08-15T20:07:27.905411+00:00;;;;;;;;;;;
https://b3.com.br;tem_politica_privacidade;true;0.95;eff21c08-b691-4c4d-a648-8ecec047beb6;aovivo-N2KLW-v1.0.0;0.2.1;2026-08-15T20:07:27.926525+00:00;;;;;;;;;;;
https://b3.com.br;tem_canal_titular;true;0.990636;eff21c08-b691-4c4d-a648-8ecec047beb6;aovivo-N2KLW-v1.0.0;1.0.0;2026-08-15T20:07:28.354319+00:00;;;0.5;;;;df5f83e297a13eeae39b2e1f1dbd5406444f81410152159c587f50b5aaa37401;;1.0.0;ad877ab42514aeae3e38de1837f67ae37ae64c79ae04542af23baa0830dc9946;
https://b3.com.br;finalidade_especificada;true;0.92866;eff21c08-b691-4c4d-a648-8ecec047beb6;aovivo-N2KLW-v1.0.0;1.0.0;2026-08-15T20:07:28.733866+00:00;122;493;0.07450863272740177;0.4329;false;;cf474b9bf6133dc374e0f0720835da6b8e669a67f3008ae4f970a27db96ae0c0;1.0.0;;cbfafa9326b22da2072cb70afeaa5988fbd98f9f34d1a75bd5440dc37d7a80ef;0.247465
https://b3.com.br;direitos_titular_explicados;true;0.9894;eff21c08-b691-4c4d-a648-8ecec047beb6;aovivo-N2KLW-v1.0.0;1.0.0;2026-08-15T20:07:29.152332+00:00;36;493;0.14620134174763208;0.4329;false;;a2912290b9911114715a7dd0ea2170bea5e349db39b92b12a6e9c12e84f91a01;1.0.0;;cbfafa9326b22da2072cb70afeaa5988fbd98f9f34d1a75bd5440dc37d7a80ef;0.073022
https://b3.com.br;transf_internacional_divulgada;true;0.752835;eff21c08-b691-4c4d-a648-8ecec047beb6;aovivo-N2KLW-v1.0.0;1.0.0;2026-08-15T20:07:29.589702+00:00;7;493;0.008095472917573614;0.4329;false;;ba65b01f76606776b220befc40de2025341f4326ab79e1658bcb3049016c7dff;1.0.0;;cbfafa9326b22da2072cb70afeaa5988fbd98f9f34d1a75bd5440dc37d7a80ef;0.014199
https://pmweb.com.br;tem_banner_cookies;false;0.95;eff21c08-b691-4c4d-a648-8ecec047beb6;aovivo-N2KLW-v1.0.0;0.3.1;2026-08-15T20:07:44.933275+00:00;;;;;;;;;;;
https://pmweb.com.br;tem_politica_privacidade;true;0.95;eff21c08-b691-4c4d-a648-8ecec047beb6;aovivo-N2KLW-v1.0.0;0.2.1;2026-08-15T20:07:44.947916+00:00;;;;;;;;;;;
https://pmweb.com.br;tem_canal_titular;true;0.99395;eff21c08-b691-4c4d-a648-8ecec047beb6;aovivo-N2KLW-v1.0.0;1.0.0;2026-08-15T20:07:45.037430+00:00;;;0.5;;;;df5f83e297a13eeae39b2e1f1dbd5406444f81410152159c587f50b5aaa37401;;1.0.0;ad877ab42514aeae3e38de1837f67ae37ae64c79ae04542af23baa0830dc9946;
https://pmweb.com.br;finalidade_especificada;true;0.434287;eff21c08-b691-4c4d-a648-8ecec047beb6;aovivo-N2KLW-v1.0.0;1.0.0;2026-08-15T20:07:45.091752+00:00;17;82;0.07450863272740177;0.4638;false;;cf474b9bf6133dc374e0f0720835da6b8e669a67f3008ae4f970a27db96ae0c0;1.0.0;;cbfafa9326b22da2072cb70afeaa5988fbd98f9f34d1a75bd5440dc37d7a80ef;0.207317
https://pmweb.com.br;direitos_titular_explicados;true;0.689231;eff21c08-b691-4c4d-a648-8ecec047beb6;aovivo-N2KLW-v1.0.0;1.0.0;2026-08-15T20:07:45.144406+00:00;3;82;0.14620134174763208;0.4638;false;;a2912290b9911114715a7dd0ea2170bea5e349db39b92b12a6e9c12e84f91a01;1.0.0;;cbfafa9326b22da2072cb70afeaa5988fbd98f9f34d1a75bd5440dc37d7a80ef;0.036585
https://pmweb.com.br;transf_internacional_divulgada;true;0.053907;eff21c08-b691-4c4d-a648-8ecec047beb6;aovivo-N2KLW-v1.0.0;1.0.0;2026-08-15T20:07:45.193136+00:00;3;82;0.008095472917573614;0.4638;false;;ba65b01f76606776b220befc40de2025341f4326ab79e1658bcb3049016c7dff;1.0.0;;cbfafa9326b22da2072cb70afeaa5988fbd98f9f34d1a75bd5440dc37d7a80ef;0.036585
https://noticiasagricolas.com.br;tem_banner_cookies;false;0.95;eff21c08-b691-4c4d-a648-8ecec047beb6;aovivo-N2KLW-v1.0.0;0.3.1;2026-08-15T20:08:34.710743+00:00;;;;;;;;;;;
https://noticiasagricolas.com.br;tem_politica_privacidade;true;0.95;eff21c08-b691-4c4d-a648-8ecec047beb6;aovivo-N2KLW-v1.0.0;0.2.1;2026-08-15T20:08:34.736632+00:00;;;;;;;;;;;
https://noticiasagricolas.com.br;tem_canal_titular;false;0.349347;eff21c08-b691-4c4d-a648-8ecec047beb6;aovivo-N2KLW-v1.0.0;1.0.0;2026-08-15T20:08:35.134505+00:00;;;0.5;;;;df5f83e297a13eeae39b2e1f1dbd5406444f81410152159c587f50b5aaa37401;;1.0.0;ad877ab42514aeae3e38de1837f67ae37ae64c79ae04542af23baa0830dc9946;
https://noticiasagricolas.com.br;finalidade_especificada;true;0.706886;eff21c08-b691-4c4d-a648-8ecec047beb6;aovivo-N2KLW-v1.0.0;1.0.0;2026-08-15T20:08:35.267778+00:00;23;146;0.07450863272740177;0.4612;false;;cf474b9bf6133dc374e0f0720835da6b8e669a67f3008ae4f970a27db96ae0c0;1.0.0;;cbfafa9326b22da2072cb70afeaa5988fbd98f9f34d1a75bd5440dc37d7a80ef;0.157534
https://noticiasagricolas.com.br;direitos_titular_explicados;true;0.999839;eff21c08-b691-4c4d-a648-8ecec047beb6;aovivo-N2KLW-v1.0.0;1.0.0;2026-08-15T20:08:35.405983+00:00;11;146;0.14620134174763208;0.4612;false;;a2912290b9911114715a7dd0ea2170bea5e349db39b92b12a6e9c12e84f91a01;1.0.0;;cbfafa9326b22da2072cb70afeaa5988fbd98f9f34d1a75bd5440dc37d7a80ef;0.075342
https://noticiasagricolas.com.br;transf_internacional_divulgada;true;0.019815;eff21c08-b691-4c4d-a648-8ecec047beb6;aovivo-N2KLW-v1.0.0;1.0.0;2026-08-15T20:08:35.551972+00:00;3;146;0.008095472917573614;0.4612;false;;ba65b01f76606776b220befc40de2025341f4326ab79e1658bcb3049016c7dff;1.0.0;;cbfafa9326b22da2072cb70afeaa5988fbd98f9f34d1a75bd5440dc37d7a80ef;0.020548
https://uespi.br;tem_banner_cookies;false;0.95;eff21c08-b691-4c4d-a648-8ecec047beb6;aovivo-N2KLW-v1.0.0;0.3.1;2026-08-15T20:08:44.914394+00:00;;;;;;;;;;;
https://uespi.br;tem_politica_privacidade;false;0.95;eff21c08-b691-4c4d-a648-8ecec047beb6;aovivo-N2KLW-v1.0.0;0.2.1;2026-08-15T20:08:44.933202+00:00;;;;;;;;;;;
https://uespi.br;tem_canal_titular;false;0.082157;eff21c08-b691-4c4d-a648-8ecec047beb6;aovivo-N2KLW-v1.0.0;1.0.0;2026-08-15T20:08:45.014401+00:00;;;0.5;;;;df5f83e297a13eeae39b2e1f1dbd5406444f81410152159c587f50b5aaa37401;;1.0.0;ad877ab42514aeae3e38de1837f67ae37ae64c79ae04542af23baa0830dc9946;
https://uespi.br;finalidade_especificada;nao_aplicavel;0.0;eff21c08-b691-4c4d-a648-8ecec047beb6;aovivo-N2KLW-v1.0.0;1.0.0;2026-08-15T20:08:45.031132+00:00;;;;;;precondicao_nao_satisfeita;;;;;
https://uespi.br;direitos_titular_explicados;nao_aplicavel;0.0;eff21c08-b691-4c4d-a648-8ecec047beb6;aovivo-N2KLW-v1.0.0;1.0.0;2026-08-15T20:08:45.043809+00:00;;;;;;precondicao_nao_satisfeita;;;;;
https://uespi.br;transf_internacional_divulgada;nao_aplicavel;0.0;eff21c08-b691-4c4d-a648-8ecec047beb6;aovivo-N2KLW-v1.0.0;1.0.0;2026-08-15T20:08:45.053474+00:00;;;;;;precondicao_nao_satisfeita;;;;;
https://ev.org.br;tem_banner_cookies;false;0.95;eff21c08-b691-4c4d-a648-8ecec047beb6;aovivo-N2KLW-v1.0.0;0.3.1;2026-08-15T20:08:58.769343+00:00;;;;;;;;;;;
https://ev.org.br;tem_politica_privacidade;false;0.95;eff21c08-b691-4c4d-a648-8ecec047beb6;aovivo-N2KLW-v1.0.0;0.2.1;2026-08-15T20:08:58.781161+00:00;;;;;;;;;;;
https://ev.org.br;tem_canal_titular;false;0.082157;eff21c08-b691-4c4d-a648-8ecec047beb6;aovivo-N2KLW-v1.0.0;1.0.0;2026-08-15T20:08:58.793659+00:00;;;0.5;;;;df5f83e297a13eeae39b2e1f1dbd5406444f81410152159c587f50b5aaa37401;;1.0.0;ad877ab42514aeae3e38de1837f67ae37ae64c79ae04542af23baa0830dc9946;
https://ev.org.br;finalidade_especificada;nao_aplicavel;0.0;eff21c08-b691-4c4d-a648-8ecec047beb6;aovivo-N2KLW-v1.0.0;1.0.0;2026-08-15T20:08:58.804542+00:00;;;;;;precondicao_nao_satisfeita;;;;;
https://ev.org.br;direitos_titular_explicados;nao_aplicavel;0.0;eff21c08-b691-4c4d-a648-8ecec047beb6;aovivo-N2KLW-v1.0.0;1.0.0;2026-08-15T20:08:58.815545+00:00;;;;;;precondicao_nao_satisfeita;;;;;
https://ev.org.br;transf_internacional_divulgada;nao_aplicavel;0.0;eff21c08-b691-4c4d-a648-8ecec047beb6;aovivo-N2KLW-v1.0.0;1.0.0;2026-08-15T20:08:58.828122+00:00;;;;;;precondicao_nao_satisfeita;;;;;
https://noataque.com.br;tem_banner_cookies;false;0.95;eff21c08-b691-4c4d-a648-8ecec047beb6;aovivo-N2KLW-v1.0.0;0.3.1;2026-08-15T20:09:41.447952+00:00;;;;;;;;;;;
https://noataque.com.br;tem_politica_privacidade;false;0.95;eff21c08-b691-4c4d-a648-8ecec047beb6;aovivo-N2KLW-v1.0.0;0.2.1;2026-08-15T20:09:41.466419+00:00;;;;;;;;;;;
https://noataque.com.br;tem_canal_titular;false;0.082157;eff21c08-b691-4c4d-a648-8ecec047beb6;aovivo-N2KLW-v1.0.0;1.0.0;2026-08-15T20:09:41.748290+00:00;;;0.5;;;;df5f83e297a13eeae39b2e1f1dbd5406444f81410152159c587f50b5aaa37401;;1.0.0;ad877ab42514aeae3e38de1837f67ae37ae64c79ae04542af23baa0830dc9946;
https://noataque.com.br;finalidade_especificada;nao_aplicavel;0.0;eff21c08-b691-4c4d-a648-8ecec047beb6;aovivo-N2KLW-v1.0.0;1.0.0;2026-08-15T20:09:41.885362+00:00;;;;;;precondicao_nao_satisfeita;;;;;
https://noataque.com.br;direitos_titular_explicados;nao_aplicavel;0.0;eff21c08-b691-4c4d-a648-8ecec047beb6;aovivo-N2KLW-v1.0.0;1.0.0;2026-08-15T20:09:41.901325+00:00;;;;;;precondicao_nao_satisfeita;;;;;
https://noataque.com.br;transf_internacional_divulgada;nao_aplicavel;0.0;eff21c08-b691-4c4d-a648-8ecec047beb6;aovivo-N2KLW-v1.0.0;1.0.0;2026-08-15T20:09:41.907084+00:00;;;;;;precondicao_nao_satisfeita;;;;;
https://unoesc.edu.br;tem_banner_cookies;true;0.95;eff21c08-b691-4c4d-a648-8ecec047beb6;aovivo-N2KLW-v1.0.0;0.3.1;2026-08-15T20:10:09.907294+00:00;;;;;;;;;;;
https://unoesc.edu.br;tem_politica_privacidade;true;0.95;eff21c08-b691-4c4d-a648-8ecec047beb6;aovivo-N2KLW-v1.0.0;0.2.1;2026-08-15T20:10:09.975162+00:00;;;;;;;;;;;
https://unoesc.edu.br;tem_canal_titular;true;0.99395;eff21c08-b691-4c4d-a648-8ecec047beb6;aovivo-N2KLW-v1.0.0;1.0.0;2026-08-15T20:10:10.390903+00:00;;;0.5;;;;df5f83e297a13eeae39b2e1f1dbd5406444f81410152159c587f50b5aaa37401;;1.0.0;ad877ab42514aeae3e38de1837f67ae37ae64c79ae04542af23baa0830dc9946;
https://unoesc.edu.br;finalidade_especificada;true;0.953436;eff21c08-b691-4c4d-a648-8ecec047beb6;aovivo-N2KLW-v1.0.0;1.0.0;2026-08-15T20:10:10.664079+00:00;50;265;0.07450863272740177;0.347;false;;cf474b9bf6133dc374e0f0720835da6b8e669a67f3008ae4f970a27db96ae0c0;1.0.0;;cbfafa9326b22da2072cb70afeaa5988fbd98f9f34d1a75bd5440dc37d7a80ef;0.188679
https://unoesc.edu.br;direitos_titular_explicados;true;0.676655;eff21c08-b691-4c4d-a648-8ecec047beb6;aovivo-N2KLW-v1.0.0;1.0.0;2026-08-15T20:10:10.868799+00:00;3;265;0.14620134174763208;0.347;false;;a2912290b9911114715a7dd0ea2170bea5e349db39b92b12a6e9c12e84f91a01;1.0.0;;cbfafa9326b22da2072cb70afeaa5988fbd98f9f34d1a75bd5440dc37d7a80ef;0.011321
https://unoesc.edu.br;transf_internacional_divulgada;false;0.004502;eff21c08-b691-4c4d-a648-8ecec047beb6;aovivo-N2KLW-v1.0.0;1.0.0;2026-08-15T20:10:11.071793+00:00;0;265;0.008095472917573614;0.347;false;;ba65b01f76606776b220befc40de2025341f4326ab79e1658bcb3049016c7dff;1.0.0;;cbfafa9326b22da2072cb70afeaa5988fbd98f9f34d1a75bd5440dc37d7a80ef;0.0
https://spcbrasil.com.br;tem_banner_cookies;true;0.95;eff21c08-b691-4c4d-a648-8ecec047beb6;aovivo-N2KLW-v1.0.0;0.3.1;2026-08-15T20:10:32.690782+00:00;;;;;;;;;;;
https://spcbrasil.com.br;tem_politica_privacidade;true;0.95;eff21c08-b691-4c4d-a648-8ecec047beb6;aovivo-N2KLW-v1.0.0;0.2.1;2026-08-15T20:10:32.746032+00:00;;;;;;;;;;;
https://spcbrasil.com.br;tem_canal_titular;true;0.99395;eff21c08-b691-4c4d-a648-8ecec047beb6;aovivo-N2KLW-v1.0.0;1.0.0;2026-08-15T20:10:33.761982+00:00;;;0.5;;;;df5f83e297a13eeae39b2e1f1dbd5406444f81410152159c587f50b5aaa37401;;1.0.0;ad877ab42514aeae3e38de1837f67ae37ae64c79ae04542af23baa0830dc9946;
https://spcbrasil.com.br;finalidade_especificada;true;0.750141;eff21c08-b691-4c4d-a648-8ecec047beb6;aovivo-N2KLW-v1.0.0;1.0.0;2026-08-15T20:10:33.830551+00:00;13;63;0.07450863272740177;0.4388;false;;cf474b9bf6133dc374e0f0720835da6b8e669a67f3008ae4f970a27db96ae0c0;1.0.0;;cbfafa9326b22da2072cb70afeaa5988fbd98f9f34d1a75bd5440dc37d7a80ef;0.206349
https://spcbrasil.com.br;direitos_titular_explicados;true;0.153309;eff21c08-b691-4c4d-a648-8ecec047beb6;aovivo-N2KLW-v1.0.0;1.0.0;2026-08-15T20:10:33.897544+00:00;1;63;0.14620134174763208;0.4388;false;;a2912290b9911114715a7dd0ea2170bea5e349db39b92b12a6e9c12e84f91a01;1.0.0;;cbfafa9326b22da2072cb70afeaa5988fbd98f9f34d1a75bd5440dc37d7a80ef;0.015873
https://spcbrasil.com.br;transf_internacional_divulgada;true;0.01022;eff21c08-b691-4c4d-a648-8ecec047beb6;aovivo-N2KLW-v1.0.0;1.0.0;2026-08-15T20:10:33.987744+00:00;2;63;0.008095472917573614;0.4388;false;;ba65b01f76606776b220befc40de2025341f4326ab79e1658bcb3049016c7dff;1.0.0;;cbfafa9326b22da2072cb70afeaa5988fbd98f9f34d1a75bd5440dc37d7a80ef;0.031746
https://comprasnet.gov.br;tem_banner_cookies;true;0.95;eff21c08-b691-4c4d-a648-8ecec047beb6;aovivo-N2KLW-v1.0.0;0.3.1;2026-08-15T20:11:02.552166+00:00;;;;;;;;;;;
https://comprasnet.gov.br;tem_politica_privacidade;true;0.95;eff21c08-b691-4c4d-a648-8ecec047beb6;aovivo-N2KLW-v1.0.0;0.2.1;2026-08-15T20:11:02.601706+00:00;;;;;;;;;;;
https://comprasnet.gov.br;tem_canal_titular;true;0.646874;eff21c08-b691-4c4d-a648-8ecec047beb6;aovivo-N2KLW-v1.0.0;1.0.0;2026-08-15T20:11:02.841929+00:00;;;0.5;;;;df5f83e297a13eeae39b2e1f1dbd5406444f81410152159c587f50b5aaa37401;;1.0.0;ad877ab42514aeae3e38de1837f67ae37ae64c79ae04542af23baa0830dc9946;
https://comprasnet.gov.br;finalidade_especificada;true;0.99159;eff21c08-b691-4c4d-a648-8ecec047beb6;aovivo-N2KLW-v1.0.0;1.0.0;2026-08-15T20:11:03.094839+00:00;111;546;0.07450863272740177;0.5205;false;;cf474b9bf6133dc374e0f0720835da6b8e669a67f3008ae4f970a27db96ae0c0;1.0.0;;cbfafa9326b22da2072cb70afeaa5988fbd98f9f34d1a75bd5440dc37d7a80ef;0.203297
https://comprasnet.gov.br;direitos_titular_explicados;true;0.908396;eff21c08-b691-4c4d-a648-8ecec047beb6;aovivo-N2KLW-v1.0.0;1.0.0;2026-08-15T20:11:03.297266+00:00;13;546;0.14620134174763208;0.5205;false;;a2912290b9911114715a7dd0ea2170bea5e349db39b92b12a6e9c12e84f91a01;1.0.0;;cbfafa9326b22da2072cb70afeaa5988fbd98f9f34d1a75bd5440dc37d7a80ef;0.02381
https://comprasnet.gov.br;transf_internacional_divulgada;true;0.930736;eff21c08-b691-4c4d-a648-8ecec047beb6;aovivo-N2KLW-v1.0.0;1.0.0;2026-08-15T20:11:03.559392+00:00;2;546;0.008095472917573614;0.5205;false;;ba65b01f76606776b220befc40de2025341f4326ab79e1658bcb3049016c7dff;1.0.0;;cbfafa9326b22da2072cb70afeaa5988fbd98f9f34d1a75bd5440dc37d7a80ef;0.003663
https://autentique.com.br;tem_banner_cookies;false;0.95;eff21c08-b691-4c4d-a648-8ecec047beb6;aovivo-N2KLW-v1.0.0;0.3.1;2026-08-15T20:11:22.233290+00:00;;;;;;;;;;;
https://autentique.com.br;tem_politica_privacidade;true;0.95;eff21c08-b691-4c4d-a648-8ecec047beb6;aovivo-N2KLW-v1.0.0;0.2.1;2026-08-15T20:11:22.244211+00:00;;;;;;;;;;;
https://autentique.com.br;tem_canal_titular;true;0.964776;eff21c08-b691-4c4d-a648-8ecec047beb6;aovivo-N2KLW-v1.0.0;1.0.0;2026-08-15T20:11:22.446369+00:00;;;0.5;;;;df5f83e297a13eeae39b2e1f1dbd5406444f81410152159c587f50b5aaa37401;;1.0.0;ad877ab42514aeae3e38de1837f67ae37ae64c79ae04542af23baa0830dc9946;
https://autentique.com.br;finalidade_especificada;true;0.850033;eff21c08-b691-4c4d-a648-8ecec047beb6;aovivo-N2KLW-v1.0.0;1.0.0;2026-08-15T20:11:22.500060+00:00;55;178;0.07450863272740177;0.4163;false;;cf474b9bf6133dc374e0f0720835da6b8e669a67f3008ae4f970a27db96ae0c0;1.0.0;;cbfafa9326b22da2072cb70afeaa5988fbd98f9f34d1a75bd5440dc37d7a80ef;0.308989
https://autentique.com.br;direitos_titular_explicados;true;0.480546;eff21c08-b691-4c4d-a648-8ecec047beb6;aovivo-N2KLW-v1.0.0;1.0.0;2026-08-15T20:11:22.589780+00:00;1;178;0.14620134174763208;0.4163;false;;a2912290b9911114715a7dd0ea2170bea5e349db39b92b12a6e9c12e84f91a01;1.0.0;;cbfafa9326b22da2072cb70afeaa5988fbd98f9f34d1a75bd5440dc37d7a80ef;0.005618
https://autentique.com.br;transf_internacional_divulgada;false;0.007336;eff21c08-b691-4c4d-a648-8ecec047beb6;aovivo-N2KLW-v1.0.0;1.0.0;2026-08-15T20:11:22.657190+00:00;0;178;0.008095472917573614;0.4163;false;;ba65b01f76606776b220befc40de2025341f4326ab79e1658bcb3049016c7dff;1.0.0;;cbfafa9326b22da2072cb70afeaa5988fbd98f9f34d1a75bd5440dc37d7a80ef;0.0
https://hospedameusite.com.br;tem_banner_cookies;true;0.95;eff21c08-b691-4c4d-a648-8ecec047beb6;aovivo-N2KLW-v1.0.0;0.3.1;2026-08-15T20:11:40.787164+00:00;;;;;;;;;;;
https://hospedameusite.com.br;tem_politica_privacidade;false;0.95;eff21c08-b691-4c4d-a648-8ecec047beb6;aovivo-N2KLW-v1.0.0;0.2.1;2026-08-15T20:11:40.801880+00:00;;;;;;;;;;;
https://hospedameusite.com.br;tem_canal_titular;true;0.868479;eff21c08-b691-4c4d-a648-8ecec047beb6;aovivo-N2KLW-v1.0.0;1.0.0;2026-08-15T20:11:41.035748+00:00;;;0.5;;;;df5f83e297a13eeae39b2e1f1dbd5406444f81410152159c587f50b5aaa37401;;1.0.0;ad877ab42514aeae3e38de1837f67ae37ae64c79ae04542af23baa0830dc9946;
https://hospedameusite.com.br;finalidade_especificada;nao_aplicavel;0.0;eff21c08-b691-4c4d-a648-8ecec047beb6;aovivo-N2KLW-v1.0.0;1.0.0;2026-08-15T20:11:41.052632+00:00;;;;;;precondicao_nao_satisfeita;;;;;
https://hospedameusite.com.br;direitos_titular_explicados;nao_aplicavel;0.0;eff21c08-b691-4c4d-a648-8ecec047beb6;aovivo-N2KLW-v1.0.0;1.0.0;2026-08-15T20:11:41.067873+00:00;;;;;;precondicao_nao_satisfeita;;;;;
https://hospedameusite.com.br;transf_internacional_divulgada;nao_aplicavel;0.0;eff21c08-b691-4c4d-a648-8ecec047beb6;aovivo-N2KLW-v1.0.0;1.0.0;2026-08-15T20:11:41.072649+00:00;;;;;;precondicao_nao_satisfeita;;;;;
https://netflu.com.br;tem_banner_cookies;false;0.95;eff21c08-b691-4c4d-a648-8ecec047beb6;aovivo-N2KLW-v1.0.0;0.3.1;2026-08-15T20:12:20.744130+00:00;;;;;;;;;;;
https://netflu.com.br;tem_politica_privacidade;true;0.65;eff21c08-b691-4c4d-a648-8ecec047beb6;aovivo-N2KLW-v1.0.0;0.2.1;2026-08-15T20:12:20.811810+00:00;;;;;;;;;;;
https://netflu.com.br;tem_canal_titular;false;0.082157;eff21c08-b691-4c4d-a648-8ecec047beb6;aovivo-N2KLW-v1.0.0;1.0.0;2026-08-15T20:12:21.074957+00:00;;;0.5;;;;df5f83e297a13eeae39b2e1f1dbd5406444f81410152159c587f50b5aaa37401;;1.0.0;ad877ab42514aeae3e38de1837f67ae37ae64c79ae04542af23baa0830dc9946;
https://netflu.com.br;finalidade_especificada;true;0.726385;eff21c08-b691-4c4d-a648-8ecec047beb6;aovivo-N2KLW-v1.0.0;1.0.0;2026-08-15T20:12:21.167208+00:00;6;36;0.07450863272740177;0.2977;false;;cf474b9bf6133dc374e0f0720835da6b8e669a67f3008ae4f970a27db96ae0c0;1.0.0;;cbfafa9326b22da2072cb70afeaa5988fbd98f9f34d1a75bd5440dc37d7a80ef;0.166667
https://netflu.com.br;direitos_titular_explicados;false;0.037482;eff21c08-b691-4c4d-a648-8ecec047beb6;aovivo-N2KLW-v1.0.0;1.0.0;2026-08-15T20:12:21.252810+00:00;0;36;0.14620134174763208;0.2977;false;;a2912290b9911114715a7dd0ea2170bea5e349db39b92b12a6e9c12e84f91a01;1.0.0;;cbfafa9326b22da2072cb70afeaa5988fbd98f9f34d1a75bd5440dc37d7a80ef;0.0
https://netflu.com.br;transf_internacional_divulgada;false;0.005773;eff21c08-b691-4c4d-a648-8ecec047beb6;aovivo-N2KLW-v1.0.0;1.0.0;2026-08-15T20:12:21.334424+00:00;0;36;0.008095472917573614;0.2977;false;;ba65b01f76606776b220befc40de2025341f4326ab79e1658bcb3049016c7dff;1.0.0;;cbfafa9326b22da2072cb70afeaa5988fbd98f9f34d1a75bd5440dc37d7a80ef;0.0
https://pechinchou.com.br;tem_banner_cookies;true;0.95;eff21c08-b691-4c4d-a648-8ecec047beb6;aovivo-N2KLW-v1.0.0;0.3.1;2026-08-15T20:12:36.947317+00:00;;;;;;;;;;;
https://pechinchou.com.br;tem_politica_privacidade;true;0.95;eff21c08-b691-4c4d-a648-8ecec047beb6;aovivo-N2KLW-v1.0.0;0.2.1;2026-08-15T20:12:36.957005+00:00;;;;;;;;;;;
https://pechinchou.com.br;tem_canal_titular;false;0.349347;eff21c08-b691-4c4d-a648-8ecec047beb6;aovivo-N2KLW-v1.0.0;1.0.0;2026-08-15T20:12:37.579854+00:00;;;0.5;;;;df5f83e297a13eeae39b2e1f1dbd5406444f81410152159c587f50b5aaa37401;;1.0.0;ad877ab42514aeae3e38de1837f67ae37ae64c79ae04542af23baa0830dc9946;
https://pechinchou.com.br;finalidade_especificada;true;0.803363;eff21c08-b691-4c4d-a648-8ecec047beb6;aovivo-N2KLW-v1.0.0;1.0.0;2026-08-15T20:12:37.614441+00:00;18;81;0.07450863272740177;0.4443;false;;cf474b9bf6133dc374e0f0720835da6b8e669a67f3008ae4f970a27db96ae0c0;1.0.0;;cbfafa9326b22da2072cb70afeaa5988fbd98f9f34d1a75bd5440dc37d7a80ef;0.222222
https://pechinchou.com.br;direitos_titular_explicados;true;0.854786;eff21c08-b691-4c4d-a648-8ecec047beb6;aovivo-N2KLW-v1.0.0;1.0.0;2026-08-15T20:12:37.648297+00:00;5;81;0.14620134174763208;0.4443;false;;a2912290b9911114715a7dd0ea2170bea5e349db39b92b12a6e9c12e84f91a01;1.0.0;;cbfafa9326b22da2072cb70afeaa5988fbd98f9f34d1a75bd5440dc37d7a80ef;0.061728
https://pechinchou.com.br;transf_internacional_divulgada;false;0.0066;eff21c08-b691-4c4d-a648-8ecec047beb6;aovivo-N2KLW-v1.0.0;1.0.0;2026-08-15T20:12:37.688554+00:00;0;81;0.008095472917573614;0.4443;false;;ba65b01f76606776b220befc40de2025341f4326ab79e1658bcb3049016c7dff;1.0.0;;cbfafa9326b22da2072cb70afeaa5988fbd98f9f34d1a75bd5440dc37d7a80ef;0.0
https://bancobmg.com.br;tem_banner_cookies;true;0.95;eff21c08-b691-4c4d-a648-8ecec047beb6;aovivo-N2KLW-v1.0.0;0.3.1;2026-08-15T20:12:58.893626+00:00;;;;;;;;;;;
https://bancobmg.com.br;tem_politica_privacidade;true;0.95;eff21c08-b691-4c4d-a648-8ecec047beb6;aovivo-N2KLW-v1.0.0;0.2.1;2026-08-15T20:12:58.902489+00:00;;;;;;;;;;;
https://bancobmg.com.br;tem_canal_titular;true;0.99395;eff21c08-b691-4c4d-a648-8ecec047beb6;aovivo-N2KLW-v1.0.0;1.0.0;2026-08-15T20:12:59.351583+00:00;;;0.5;;;;df5f83e297a13eeae39b2e1f1dbd5406444f81410152159c587f50b5aaa37401;;1.0.0;ad877ab42514aeae3e38de1837f67ae37ae64c79ae04542af23baa0830dc9946;
https://bancobmg.com.br;finalidade_especificada;true;0.877435;eff21c08-b691-4c4d-a648-8ecec047beb6;aovivo-N2KLW-v1.0.0;1.0.0;2026-08-15T20:12:59.649815+00:00;174;714;0.07450863272740177;0.4627;false;;cf474b9bf6133dc374e0f0720835da6b8e669a67f3008ae4f970a27db96ae0c0;1.0.0;;cbfafa9326b22da2072cb70afeaa5988fbd98f9f34d1a75bd5440dc37d7a80ef;0.243697
https://bancobmg.com.br;direitos_titular_explicados;true;0.888305;eff21c08-b691-4c4d-a648-8ecec047beb6;aovivo-N2KLW-v1.0.0;1.0.0;2026-08-15T20:12:59.996731+00:00;31;714;0.14620134174763208;0.4627;false;;a2912290b9911114715a7dd0ea2170bea5e349db39b92b12a6e9c12e84f91a01;1.0.0;;cbfafa9326b22da2072cb70afeaa5988fbd98f9f34d1a75bd5440dc37d7a80ef;0.043417
https://bancobmg.com.br;transf_internacional_divulgada;true;0.617477;eff21c08-b691-4c4d-a648-8ecec047beb6;aovivo-N2KLW-v1.0.0;1.0.0;2026-08-15T20:13:00.403797+00:00;20;714;0.008095472917573614;0.4627;false;;ba65b01f76606776b220befc40de2025341f4326ab79e1658bcb3049016c7dff;1.0.0;;cbfafa9326b22da2072cb70afeaa5988fbd98f9f34d1a75bd5440dc37d7a80ef;0.028011
https://grupofleury.com.br;tem_banner_cookies;true;0.95;eff21c08-b691-4c4d-a648-8ecec047beb6;aovivo-N2KLW-v1.0.0;0.3.1;2026-08-15T20:13:20.871533+00:00;;;;;;;;;;;
https://grupofleury.com.br;tem_politica_privacidade;true;0.95;eff21c08-b691-4c4d-a648-8ecec047beb6;aovivo-N2KLW-v1.0.0;0.2.1;2026-08-15T20:13:20.893950+00:00;;;;;;;;;;;
https://grupofleury.com.br;tem_canal_titular;true;0.99395;eff21c08-b691-4c4d-a648-8ecec047beb6;aovivo-N2KLW-v1.0.0;1.0.0;2026-08-15T20:13:21.655891+00:00;;;0.5;;;;df5f83e297a13eeae39b2e1f1dbd5406444f81410152159c587f50b5aaa37401;;1.0.0;ad877ab42514aeae3e38de1837f67ae37ae64c79ae04542af23baa0830dc9946;
https://grupofleury.com.br;finalidade_especificada;true;0.910463;eff21c08-b691-4c4d-a648-8ecec047beb6;aovivo-N2KLW-v1.0.0;1.0.0;2026-08-15T20:13:21.712635+00:00;44;164;0.07450863272740177;0.4687;false;;cf474b9bf6133dc374e0f0720835da6b8e669a67f3008ae4f970a27db96ae0c0;1.0.0;;cbfafa9326b22da2072cb70afeaa5988fbd98f9f34d1a75bd5440dc37d7a80ef;0.268293
https://grupofleury.com.br;direitos_titular_explicados;true;0.5242;eff21c08-b691-4c4d-a648-8ecec047beb6;aovivo-N2KLW-v1.0.0;1.0.0;2026-08-15T20:13:21.770463+00:00;4;164;0.14620134174763208;0.4687;false;;a2912290b9911114715a7dd0ea2170bea5e349db39b92b12a6e9c12e84f91a01;1.0.0;;cbfafa9326b22da2072cb70afeaa5988fbd98f9f34d1a75bd5440dc37d7a80ef;0.02439
https://grupofleury.com.br;transf_internacional_divulgada;true;0.011871;eff21c08-b691-4c4d-a648-8ecec047beb6;aovivo-N2KLW-v1.0.0;1.0.0;2026-08-15T20:13:21.825457+00:00;1;164;0.008095472917573614;0.4687;false;;ba65b01f76606776b220befc40de2025341f4326ab79e1658bcb3049016c7dff;1.0.0;;cbfafa9326b22da2072cb70afeaa5988fbd98f9f34d1a75bd5440dc37d7a80ef;0.006098
https://jucemg.mg.gov.br;tem_banner_cookies;true;0.95;eff21c08-b691-4c4d-a648-8ecec047beb6;aovivo-N2KLW-v1.0.0;0.3.1;2026-08-15T20:14:01.832897+00:00;;;;;;;;;;;
https://jucemg.mg.gov.br;tem_politica_privacidade;true;0.95;eff21c08-b691-4c4d-a648-8ecec047beb6;aovivo-N2KLW-v1.0.0;0.2.1;2026-08-15T20:14:01.851471+00:00;;;;;;;;;;;
https://jucemg.mg.gov.br;tem_canal_titular;false;0.082157;eff21c08-b691-4c4d-a648-8ecec047beb6;aovivo-N2KLW-v1.0.0;1.0.0;2026-08-15T20:14:02.213623+00:00;;;0.5;;;;df5f83e297a13eeae39b2e1f1dbd5406444f81410152159c587f50b5aaa37401;;1.0.0;ad877ab42514aeae3e38de1837f67ae37ae64c79ae04542af23baa0830dc9946;
https://jucemg.mg.gov.br;finalidade_especificada;true;0.677554;eff21c08-b691-4c4d-a648-8ecec047beb6;aovivo-N2KLW-v1.0.0;1.0.0;2026-08-15T20:14:02.475269+00:00;61;262;0.07450863272740177;0.3434;false;;cf474b9bf6133dc374e0f0720835da6b8e669a67f3008ae4f970a27db96ae0c0;1.0.0;;cbfafa9326b22da2072cb70afeaa5988fbd98f9f34d1a75bd5440dc37d7a80ef;0.232824
https://jucemg.mg.gov.br;direitos_titular_explicados;true;0.246154;eff21c08-b691-4c4d-a648-8ecec047beb6;aovivo-N2KLW-v1.0.0;1.0.0;2026-08-15T20:14:02.708545+00:00;3;262;0.14620134174763208;0.3434;false;;a2912290b9911114715a7dd0ea2170bea5e349db39b92b12a6e9c12e84f91a01;1.0.0;;cbfafa9326b22da2072cb70afeaa5988fbd98f9f34d1a75bd5440dc37d7a80ef;0.01145
https://jucemg.mg.gov.br;transf_internacional_divulgada;false;0.003411;eff21c08-b691-4c4d-a648-8ecec047beb6;aovivo-N2KLW-v1.0.0;1.0.0;2026-08-15T20:14:02.955938+00:00;0;262;0.008095472917573614;0.3434;false;;ba65b01f76606776b220befc40de2025341f4326ab79e1658bcb3049016c7dff;1.0.0;;cbfafa9326b22da2072cb70afeaa5988fbd98f9f34d1a75bd5440dc37d7a80ef;0.0
https://telegrupos.com.br;tem_banner_cookies;false;0.95;eff21c08-b691-4c4d-a648-8ecec047beb6;aovivo-N2KLW-v1.0.0;0.3.1;2026-08-15T20:14:11.631366+00:00;;;;;;;;;;;
https://telegrupos.com.br;tem_politica_privacidade;true;0.65;eff21c08-b691-4c4d-a648-8ecec047beb6;aovivo-N2KLW-v1.0.0;0.2.1;2026-08-15T20:14:11.643676+00:00;;;;;;;;;;;
https://telegrupos.com.br;tem_canal_titular;false;0.082157;eff21c08-b691-4c4d-a648-8ecec047beb6;aovivo-N2KLW-v1.0.0;1.0.0;2026-08-15T20:14:11.804514+00:00;;;0.5;;;;df5f83e297a13eeae39b2e1f1dbd5406444f81410152159c587f50b5aaa37401;;1.0.0;ad877ab42514aeae3e38de1837f67ae37ae64c79ae04542af23baa0830dc9946;
https://telegrupos.com.br;finalidade_especificada;true;0.766646;eff21c08-b691-4c4d-a648-8ecec047beb6;aovivo-N2KLW-v1.0.0;1.0.0;2026-08-15T20:14:11.876079+00:00;44;169;0.07450863272740177;0.3898;false;;cf474b9bf6133dc374e0f0720835da6b8e669a67f3008ae4f970a27db96ae0c0;1.0.0;;cbfafa9326b22da2072cb70afeaa5988fbd98f9f34d1a75bd5440dc37d7a80ef;0.260355
https://telegrupos.com.br;direitos_titular_explicados;false;0.030581;eff21c08-b691-4c4d-a648-8ecec047beb6;aovivo-N2KLW-v1.0.0;1.0.0;2026-08-15T20:14:11.947050+00:00;0;169;0.14620134174763208;0.3898;false;;a2912290b9911114715a7dd0ea2170bea5e349db39b92b12a6e9c12e84f91a01;1.0.0;;cbfafa9326b22da2072cb70afeaa5988fbd98f9f34d1a75bd5440dc37d7a80ef;0.0
https://telegrupos.com.br;transf_internacional_divulgada;false;0.00532;eff21c08-b691-4c4d-a648-8ecec047beb6;aovivo-N2KLW-v1.0.0;1.0.0;2026-08-15T20:14:12.008717+00:00;0;169;0.008095472917573614;0.3898;false;;ba65b01f76606776b220befc40de2025341f4326ab79e1658bcb3049016c7dff;1.0.0;;cbfafa9326b22da2072cb70afeaa5988fbd98f9f34d1a75bd5440dc37d7a80ef;0.0
https://somostodosum.com.br;tem_banner_cookies;true;0.95;eff21c08-b691-4c4d-a648-8ecec047beb6;aovivo-N2KLW-v1.0.0;0.3.1;2026-08-15T20:15:01.025543+00:00;;;;;;;;;;;
https://somostodosum.com.br;tem_politica_privacidade;true;0.65;eff21c08-b691-4c4d-a648-8ecec047beb6;aovivo-N2KLW-v1.0.0;0.2.1;2026-08-15T20:15:01.089103+00:00;;;;;;;;;;;
https://somostodosum.com.br;tem_canal_titular;false;0.082157;eff21c08-b691-4c4d-a648-8ecec047beb6;aovivo-N2KLW-v1.0.0;1.0.0;2026-08-15T20:15:01.319046+00:00;;;0.5;;;;df5f83e297a13eeae39b2e1f1dbd5406444f81410152159c587f50b5aaa37401;;1.0.0;ad877ab42514aeae3e38de1837f67ae37ae64c79ae04542af23baa0830dc9946;
https://somostodosum.com.br;finalidade_especificada;true;0.750356;eff21c08-b691-4c4d-a648-8ecec047beb6;aovivo-N2KLW-v1.0.0;1.0.0;2026-08-15T20:15:01.371959+00:00;8;55;0.07450863272740177;0.403;false;;cf474b9bf6133dc374e0f0720835da6b8e669a67f3008ae4f970a27db96ae0c0;1.0.0;;cbfafa9326b22da2072cb70afeaa5988fbd98f9f34d1a75bd5440dc37d7a80ef;0.145455
https://somostodosum.com.br;direitos_titular_explicados;false;0.016244;eff21c08-b691-4c4d-a648-8ecec047beb6;aovivo-N2KLW-v1.0.0;1.0.0;2026-08-15T20:15:01.462590+00:00;0;55;0.14620134174763208;0.403;false;;a2912290b9911114715a7dd0ea2170bea5e349db39b92b12a6e9c12e84f91a01;1.0.0;;cbfafa9326b22da2072cb70afeaa5988fbd98f9f34d1a75bd5440dc37d7a80ef;0.0
https://somostodosum.com.br;transf_internacional_divulgada;false;0.006855;eff21c08-b691-4c4d-a648-8ecec047beb6;aovivo-N2KLW-v1.0.0;1.0.0;2026-08-15T20:15:01.511285+00:00;0;55;0.008095472917573614;0.403;false;;ba65b01f76606776b220befc40de2025341f4326ab79e1658bcb3049016c7dff;1.0.0;;cbfafa9326b22da2072cb70afeaa5988fbd98f9f34d1a75bd5440dc37d7a80ef;0.0
https://saboresajinomoto.com.br;tem_banner_cookies;true;0.95;eff21c08-b691-4c4d-a648-8ecec047beb6;aovivo-N2KLW-v1.0.0;0.3.1;2026-08-15T20:15:22.241059+00:00;;;;;;;;;;;
https://saboresajinomoto.com.br;tem_politica_privacidade;true;0.95;eff21c08-b691-4c4d-a648-8ecec047beb6;aovivo-N2KLW-v1.0.0;0.2.1;2026-08-15T20:15:22.326850+00:00;;;;;;;;;;;
https://saboresajinomoto.com.br;tem_canal_titular;true;0.985102;eff21c08-b691-4c4d-a648-8ecec047beb6;aovivo-N2KLW-v1.0.0;1.0.0;2026-08-15T20:15:22.773072+00:00;;;0.5;;;;df5f83e297a13eeae39b2e1f1dbd5406444f81410152159c587f50b5aaa37401;;1.0.0;ad877ab42514aeae3e38de1837f67ae37ae64c79ae04542af23baa0830dc9946;
https://saboresajinomoto.com.br;finalidade_especificada;true;0.970808;eff21c08-b691-4c4d-a648-8ecec047beb6;aovivo-N2KLW-v1.0.0;1.0.0;2026-08-15T20:15:22.937540+00:00;101;316;0.07450863272740177;0.4314;false;;cf474b9bf6133dc374e0f0720835da6b8e669a67f3008ae4f970a27db96ae0c0;1.0.0;;cbfafa9326b22da2072cb70afeaa5988fbd98f9f34d1a75bd5440dc37d7a80ef;0.31962
https://saboresajinomoto.com.br;direitos_titular_explicados;true;0.881743;eff21c08-b691-4c4d-a648-8ecec047beb6;aovivo-N2KLW-v1.0.0;1.0.0;2026-08-15T20:15:23.141609+00:00;10;316;0.14620134174763208;0.4314;false;;a2912290b9911114715a7dd0ea2170bea5e349db39b92b12a6e9c12e84f91a01;1.0.0;;cbfafa9326b22da2072cb70afeaa5988fbd98f9f34d1a75bd5440dc37d7a80ef;0.031646
https://saboresajinomoto.com.br;transf_internacional_divulgada;true;0.457958;eff21c08-b691-4c4d-a648-8ecec047beb6;aovivo-N2KLW-v1.0.0;1.0.0;2026-08-15T20:15:23.383469+00:00;6;316;0.008095472917573614;0.4314;false;;ba65b01f76606776b220befc40de2025341f4326ab79e1658bcb3049016c7dff;1.0.0;;cbfafa9326b22da2072cb70afeaa5988fbd98f9f34d1a75bd5440dc37d7a80ef;0.018987
https://dlkmodas.com.br;tem_banner_cookies;false;0.95;eff21c08-b691-4c4d-a648-8ecec047beb6;aovivo-N2KLW-v1.0.0;0.3.1;2026-08-15T20:16:35.775238+00:00;;;;;;;;;;;
https://dlkmodas.com.br;tem_politica_privacidade;false;0.95;eff21c08-b691-4c4d-a648-8ecec047beb6;aovivo-N2KLW-v1.0.0;0.2.1;2026-08-15T20:16:35.815027+00:00;;;;;;;;;;;
https://dlkmodas.com.br;tem_canal_titular;false;0.082157;eff21c08-b691-4c4d-a648-8ecec047beb6;aovivo-N2KLW-v1.0.0;1.0.0;2026-08-15T20:16:36.280140+00:00;;;0.5;;;;df5f83e297a13eeae39b2e1f1dbd5406444f81410152159c587f50b5aaa37401;;1.0.0;ad877ab42514aeae3e38de1837f67ae37ae64c79ae04542af23baa0830dc9946;
https://dlkmodas.com.br;finalidade_especificada;nao_aplicavel;0.0;eff21c08-b691-4c4d-a648-8ecec047beb6;aovivo-N2KLW-v1.0.0;1.0.0;2026-08-15T20:16:36.291020+00:00;;;;;;precondicao_nao_satisfeita;;;;;
https://dlkmodas.com.br;direitos_titular_explicados;nao_aplicavel;0.0;eff21c08-b691-4c4d-a648-8ecec047beb6;aovivo-N2KLW-v1.0.0;1.0.0;2026-08-15T20:16:36.307443+00:00;;;;;;precondicao_nao_satisfeita;;;;;
https://dlkmodas.com.br;transf_internacional_divulgada;nao_aplicavel;0.0;eff21c08-b691-4c4d-a648-8ecec047beb6;aovivo-N2KLW-v1.0.0;1.0.0;2026-08-15T20:16:36.307443+00:00;;;;;;precondicao_nao_satisfeita;;;;;
https://ufersa.edu.br;tem_banner_cookies;true;0.95;eff21c08-b691-4c4d-a648-8ecec047beb6;aovivo-N2KLW-v1.0.0;0.3.1;2026-08-15T20:16:48.700889+00:00;;;;;;;;;;;
https://ufersa.edu.br;tem_politica_privacidade;false;0.95;eff21c08-b691-4c4d-a648-8ecec047beb6;aovivo-N2KLW-v1.0.0;0.2.1;2026-08-15T20:16:48.718316+00:00;;;;;;;;;;;
https://ufersa.edu.br;tem_canal_titular;false;0.082157;eff21c08-b691-4c4d-a648-8ecec047beb6;aovivo-N2KLW-v1.0.0;1.0.0;2026-08-15T20:16:48.858180+00:00;;;0.5;;;;df5f83e297a13eeae39b2e1f1dbd5406444f81410152159c587f50b5aaa37401;;1.0.0;ad877ab42514aeae3e38de1837f67ae37ae64c79ae04542af23baa0830dc9946;
https://ufersa.edu.br;finalidade_especificada;nao_aplicavel;0.0;eff21c08-b691-4c4d-a648-8ecec047beb6;aovivo-N2KLW-v1.0.0;1.0.0;2026-08-15T20:16:48.878301+00:00;;;;;;precondicao_nao_satisfeita;;;;;
https://ufersa.edu.br;direitos_titular_explicados;nao_aplicavel;0.0;eff21c08-b691-4c4d-a648-8ecec047beb6;aovivo-N2KLW-v1.0.0;1.0.0;2026-08-15T20:16:48.890370+00:00;;;;;;precondicao_nao_satisfeita;;;;;
https://ufersa.edu.br;transf_internacional_divulgada;nao_aplicavel;0.0;eff21c08-b691-4c4d-a648-8ecec047beb6;aovivo-N2KLW-v1.0.0;1.0.0;2026-08-15T20:16:48.901376+00:00;;;;;;precondicao_nao_satisfeita;;;;;
https://boomsistemas.com.br;tem_banner_cookies;false;0.95;eff21c08-b691-4c4d-a648-8ecec047beb6;aovivo-N2KLW-v1.0.0;0.3.1;2026-08-15T20:16:59.018128+00:00;;;;;;;;;;;
https://boomsistemas.com.br;tem_politica_privacidade;true;0.65;eff21c08-b691-4c4d-a648-8ecec047beb6;aovivo-N2KLW-v1.0.0;0.2.1;2026-08-15T20:16:59.029386+00:00;;;;;;;;;;;
https://boomsistemas.com.br;tem_canal_titular;false;0.082157;eff21c08-b691-4c4d-a648-8ecec047beb6;aovivo-N2KLW-v1.0.0;1.0.0;2026-08-15T20:16:59.246243+00:00;;;0.5;;;;df5f83e297a13eeae39b2e1f1dbd5406444f81410152159c587f50b5aaa37401;;1.0.0;ad877ab42514aeae3e38de1837f67ae37ae64c79ae04542af23baa0830dc9946;
https://boomsistemas.com.br;finalidade_especificada;true;0.363596;eff21c08-b691-4c4d-a648-8ecec047beb6;aovivo-N2KLW-v1.0.0;1.0.0;2026-08-15T20:16:59.341986+00:00;3;31;0.07450863272740177;0.4093;false;;cf474b9bf6133dc374e0f0720835da6b8e669a67f3008ae4f970a27db96ae0c0;1.0.0;;cbfafa9326b22da2072cb70afeaa5988fbd98f9f34d1a75bd5440dc37d7a80ef;0.096774
https://boomsistemas.com.br;direitos_titular_explicados;false;0.020406;eff21c08-b691-4c4d-a648-8ecec047beb6;aovivo-N2KLW-v1.0.0;1.0.0;2026-08-15T20:16:59.357683+00:00;0;31;0.14620134174763208;0.4093;false;;a2912290b9911114715a7dd0ea2170bea5e349db39b92b12a6e9c12e84f91a01;1.0.0;;cbfafa9326b22da2072cb70afeaa5988fbd98f9f34d1a75bd5440dc37d7a80ef;0.0
https://boomsistemas.com.br;transf_internacional_divulgada;false;0.000561;eff21c08-b691-4c4d-a648-8ecec047beb6;aovivo-N2KLW-v1.0.0;1.0.0;2026-08-15T20:16:59.387498+00:00;0;31;0.008095472917573614;0.4093;false;;ba65b01f76606776b220befc40de2025341f4326ab79e1658bcb3049016c7dff;1.0.0;;cbfafa9326b22da2072cb70afeaa5988fbd98f9f34d1a75bd5440dc37d7a80ef;0.0
https://unimeduberaba.com.br;tem_banner_cookies;true;0.95;eff21c08-b691-4c4d-a648-8ecec047beb6;aovivo-N2KLW-v1.0.0;0.3.1;2026-08-15T20:17:29.695652+00:00;;;;;;;;;;;
https://unimeduberaba.com.br;tem_politica_privacidade;true;0.95;eff21c08-b691-4c4d-a648-8ecec047beb6;aovivo-N2KLW-v1.0.0;0.2.1;2026-08-15T20:17:29.741659+00:00;;;;;;;;;;;
https://unimeduberaba.com.br;tem_canal_titular;true;0.99395;eff21c08-b691-4c4d-a648-8ecec047beb6;aovivo-N2KLW-v1.0.0;1.0.0;2026-08-15T20:17:30.254502+00:00;;;0.5;;;;df5f83e297a13eeae39b2e1f1dbd5406444f81410152159c587f50b5aaa37401;;1.0.0;ad877ab42514aeae3e38de1837f67ae37ae64c79ae04542af23baa0830dc9946;
https://unimeduberaba.com.br;finalidade_especificada;true;0.973986;eff21c08-b691-4c4d-a648-8ecec047beb6;aovivo-N2KLW-v1.0.0;1.0.0;2026-08-15T20:17:30.375796+00:00;92;337;0.07450863272740177;0.4584;false;;cf474b9bf6133dc374e0f0720835da6b8e669a67f3008ae4f970a27db96ae0c0;1.0.0;;cbfafa9326b22da2072cb70afeaa5988fbd98f9f34d1a75bd5440dc37d7a80ef;0.272997
https://unimeduberaba.com.br;direitos_titular_explicados;true;0.888305;eff21c08-b691-4c4d-a648-8ecec047beb6;aovivo-N2KLW-v1.0.0;1.0.0;2026-08-15T20:17:30.503159+00:00;11;337;0.14620134174763208;0.4584;false;;a2912290b9911114715a7dd0ea2170bea5e349db39b92b12a6e9c12e84f91a01;1.0.0;;cbfafa9326b22da2072cb70afeaa5988fbd98f9f34d1a75bd5440dc37d7a80ef;0.032641
https://unimeduberaba.com.br;transf_internacional_divulgada;true;0.481096;eff21c08-b691-4c4d-a648-8ecec047beb6;aovivo-N2KLW-v1.0.0;1.0.0;2026-08-15T20:17:30.612275+00:00;2;337;0.008095472917573614;0.4584;false;;ba65b01f76606776b220befc40de2025341f4326ab79e1658bcb3049016c7dff;1.0.0;;cbfafa9326b22da2072cb70afeaa5988fbd98f9f34d1a75bd5440dc37d7a80ef;0.005935
https://mgapp.mg.gov.br;tem_banner_cookies;false;0.95;eff21c08-b691-4c4d-a648-8ecec047beb6;aovivo-N2KLW-v1.0.0;0.3.1;2026-08-15T20:17:43.548977+00:00;;;;;;;;;;;
https://mgapp.mg.gov.br;tem_politica_privacidade;false;0.95;eff21c08-b691-4c4d-a648-8ecec047beb6;aovivo-N2KLW-v1.0.0;0.2.1;2026-08-15T20:17:43.562548+00:00;;;;;;;;;;;
https://mgapp.mg.gov.br;tem_canal_titular;false;0.082157;eff21c08-b691-4c4d-a648-8ecec047beb6;aovivo-N2KLW-v1.0.0;1.0.0;2026-08-15T20:17:43.580024+00:00;;;0.5;;;;df5f83e297a13eeae39b2e1f1dbd5406444f81410152159c587f50b5aaa37401;;1.0.0;ad877ab42514aeae3e38de1837f67ae37ae64c79ae04542af23baa0830dc9946;
https://mgapp.mg.gov.br;finalidade_especificada;nao_aplicavel;0.0;eff21c08-b691-4c4d-a648-8ecec047beb6;aovivo-N2KLW-v1.0.0;1.0.0;2026-08-15T20:17:43.593034+00:00;;;;;;precondicao_nao_satisfeita;;;;;
https://mgapp.mg.gov.br;direitos_titular_explicados;nao_aplicavel;0.0;eff21c08-b691-4c4d-a648-8ecec047beb6;aovivo-N2KLW-v1.0.0;1.0.0;2026-08-15T20:17:43.606145+00:00;;;;;;precondicao_nao_satisfeita;;;;;
https://mgapp.mg.gov.br;transf_internacional_divulgada;nao_aplicavel;0.0;eff21c08-b691-4c4d-a648-8ecec047beb6;aovivo-N2KLW-v1.0.0;1.0.0;2026-08-15T20:17:43.620037+00:00;;;;;;precondicao_nao_satisfeita;;;;;
https://detran.es.gov.br;tem_banner_cookies;true;0.65;eff21c08-b691-4c4d-a648-8ecec047beb6;aovivo-N2KLW-v1.0.0;0.3.1;2026-08-15T20:18:01.870587+00:00;;;;;;;;;;;
https://detran.es.gov.br;tem_politica_privacidade;true;0.95;eff21c08-b691-4c4d-a648-8ecec047beb6;aovivo-N2KLW-v1.0.0;0.2.1;2026-08-15T20:18:01.890278+00:00;;;;;;;;;;;
https://detran.es.gov.br;tem_canal_titular;true;0.773963;eff21c08-b691-4c4d-a648-8ecec047beb6;aovivo-N2KLW-v1.0.0;1.0.0;2026-08-15T20:18:02.285253+00:00;;;0.5;;;;df5f83e297a13eeae39b2e1f1dbd5406444f81410152159c587f50b5aaa37401;;1.0.0;ad877ab42514aeae3e38de1837f67ae37ae64c79ae04542af23baa0830dc9946;
https://detran.es.gov.br;finalidade_especificada;true;0.596157;eff21c08-b691-4c4d-a648-8ecec047beb6;aovivo-N2KLW-v1.0.0;1.0.0;2026-08-15T20:18:02.450600+00:00;32;159;0.07450863272740177;0.4587;false;;cf474b9bf6133dc374e0f0720835da6b8e669a67f3008ae4f970a27db96ae0c0;1.0.0;;cbfafa9326b22da2072cb70afeaa5988fbd98f9f34d1a75bd5440dc37d7a80ef;0.201258
https://detran.es.gov.br;direitos_titular_explicados;true;0.895978;eff21c08-b691-4c4d-a648-8ecec047beb6;aovivo-N2KLW-v1.0.0;1.0.0;2026-08-15T20:18:02.595188+00:00;17;159;0.14620134174763208;0.4587;false;;a2912290b9911114715a7dd0ea2170bea5e349db39b92b12a6e9c12e84f91a01;1.0.0;;cbfafa9326b22da2072cb70afeaa5988fbd98f9f34d1a75bd5440dc37d7a80ef;0.106918
https://detran.es.gov.br;transf_internacional_divulgada;true;0.09429;eff21c08-b691-4c4d-a648-8ecec047beb6;aovivo-N2KLW-v1.0.0;1.0.0;2026-08-15T20:18:02.738272+00:00;1;159;0.008095472917573614;0.4587;false;;ba65b01f76606776b220befc40de2025341f4326ab79e1658bcb3049016c7dff;1.0.0;;cbfafa9326b22da2072cb70afeaa5988fbd98f9f34d1a75bd5440dc37d7a80ef;0.006289
https://inweb.com.br;tem_banner_cookies;false;0.95;eff21c08-b691-4c4d-a648-8ecec047beb6;aovivo-N2KLW-v1.0.0;0.3.1;2026-08-15T20:18:18.730383+00:00;;;;;;;;;;;
https://inweb.com.br;tem_politica_privacidade;true;0.65;eff21c08-b691-4c4d-a648-8ecec047beb6;aovivo-N2KLW-v1.0.0;0.2.1;2026-08-15T20:18:18.744818+00:00;;;;;;;;;;;
https://inweb.com.br;tem_canal_titular;false;0.082157;eff21c08-b691-4c4d-a648-8ecec047beb6;aovivo-N2KLW-v1.0.0;1.0.0;2026-08-15T20:18:18.781556+00:00;;;0.5;;;;df5f83e297a13eeae39b2e1f1dbd5406444f81410152159c587f50b5aaa37401;;1.0.0;ad877ab42514aeae3e38de1837f67ae37ae64c79ae04542af23baa0830dc9946;
https://inweb.com.br;finalidade_especificada;true;0.590205;eff21c08-b691-4c4d-a648-8ecec047beb6;aovivo-N2KLW-v1.0.0;1.0.0;2026-08-15T20:18:18.813898+00:00;9;47;0.07450863272740177;0.4439;false;;cf474b9bf6133dc374e0f0720835da6b8e669a67f3008ae4f970a27db96ae0c0;1.0.0;;cbfafa9326b22da2072cb70afeaa5988fbd98f9f34d1a75bd5440dc37d7a80ef;0.191489
https://inweb.com.br;direitos_titular_explicados;false;0.028264;eff21c08-b691-4c4d-a648-8ecec047beb6;aovivo-N2KLW-v1.0.0;1.0.0;2026-08-15T20:18:18.925475+00:00;0;47;0.14620134174763208;0.4439;false;;a2912290b9911114715a7dd0ea2170bea5e349db39b92b12a6e9c12e84f91a01;1.0.0;;cbfafa9326b22da2072cb70afeaa5988fbd98f9f34d1a75bd5440dc37d7a80ef;0.0
https://inweb.com.br;transf_internacional_divulgada;true;0.009377;eff21c08-b691-4c4d-a648-8ecec047beb6;aovivo-N2KLW-v1.0.0;1.0.0;2026-08-15T20:18:18.956803+00:00;2;47;0.008095472917573614;0.4439;false;;ba65b01f76606776b220befc40de2025341f4326ab79e1658bcb3049016c7dff;1.0.0;;cbfafa9326b22da2072cb70afeaa5988fbd98f9f34d1a75bd5440dc37d7a80ef;0.042553
https://nipotech.com.br;tem_banner_cookies;true;0.65;eff21c08-b691-4c4d-a648-8ecec047beb6;aovivo-N2KLW-v1.0.0;0.3.1;2026-08-15T20:18:33.690386+00:00;;;;;;;;;;;
https://nipotech.com.br;tem_politica_privacidade;false;0.95;eff21c08-b691-4c4d-a648-8ecec047beb6;aovivo-N2KLW-v1.0.0;0.2.1;2026-08-15T20:18:33.712890+00:00;;;;;;;;;;;
https://nipotech.com.br;tem_canal_titular;false;0.082157;eff21c08-b691-4c4d-a648-8ecec047beb6;aovivo-N2KLW-v1.0.0;1.0.0;2026-08-15T20:18:33.741681+00:00;;;0.5;;;;df5f83e297a13eeae39b2e1f1dbd5406444f81410152159c587f50b5aaa37401;;1.0.0;ad877ab42514aeae3e38de1837f67ae37ae64c79ae04542af23baa0830dc9946;
https://nipotech.com.br;finalidade_especificada;nao_aplicavel;0.0;eff21c08-b691-4c4d-a648-8ecec047beb6;aovivo-N2KLW-v1.0.0;1.0.0;2026-08-15T20:18:33.824255+00:00;;;;;;precondicao_nao_satisfeita;;;;;
https://nipotech.com.br;direitos_titular_explicados;nao_aplicavel;0.0;eff21c08-b691-4c4d-a648-8ecec047beb6;aovivo-N2KLW-v1.0.0;1.0.0;2026-08-15T20:18:33.840225+00:00;;;;;;precondicao_nao_satisfeita;;;;;
https://nipotech.com.br;transf_internacional_divulgada;nao_aplicavel;0.0;eff21c08-b691-4c4d-a648-8ecec047beb6;aovivo-N2KLW-v1.0.0;1.0.0;2026-08-15T20:18:33.840225+00:00;;;;;;precondicao_nao_satisfeita;;;;;
https://atmameditacao.com.br;tem_banner_cookies;false;0.95;eff21c08-b691-4c4d-a648-8ecec047beb6;aovivo-N2KLW-v1.0.0;0.3.1;2026-08-15T20:18:41.477365+00:00;;;;;;;;;;;
https://atmameditacao.com.br;tem_politica_privacidade;false;0.95;eff21c08-b691-4c4d-a648-8ecec047beb6;aovivo-N2KLW-v1.0.0;0.2.1;2026-08-15T20:18:41.505304+00:00;;;;;;;;;;;
https://atmameditacao.com.br;tem_canal_titular;false;0.082157;eff21c08-b691-4c4d-a648-8ecec047beb6;aovivo-N2KLW-v1.0.0;1.0.0;2026-08-15T20:18:41.567877+00:00;;;0.5;;;;df5f83e297a13eeae39b2e1f1dbd5406444f81410152159c587f50b5aaa37401;;1.0.0;ad877ab42514aeae3e38de1837f67ae37ae64c79ae04542af23baa0830dc9946;
https://atmameditacao.com.br;finalidade_especificada;nao_aplicavel;0.0;eff21c08-b691-4c4d-a648-8ecec047beb6;aovivo-N2KLW-v1.0.0;1.0.0;2026-08-15T20:18:41.665201+00:00;;;;;;precondicao_nao_satisfeita;;;;;
https://atmameditacao.com.br;direitos_titular_explicados;nao_aplicavel;0.0;eff21c08-b691-4c4d-a648-8ecec047beb6;aovivo-N2KLW-v1.0.0;1.0.0;2026-08-15T20:18:41.674964+00:00;;;;;;precondicao_nao_satisfeita;;;;;
https://atmameditacao.com.br;transf_internacional_divulgada;nao_aplicavel;0.0;eff21c08-b691-4c4d-a648-8ecec047beb6;aovivo-N2KLW-v1.0.0;1.0.0;2026-08-15T20:18:41.688260+00:00;;;;;;precondicao_nao_satisfeita;;;;;
https://jsevenprovedor.com.br;tem_banner_cookies;false;0.95;eff21c08-b691-4c4d-a648-8ecec047beb6;aovivo-N2KLW-v1.0.0;0.3.1;2026-08-15T20:18:48.074922+00:00;;;;;;;;;;;
https://jsevenprovedor.com.br;tem_politica_privacidade;false;0.95;eff21c08-b691-4c4d-a648-8ecec047beb6;aovivo-N2KLW-v1.0.0;0.2.1;2026-08-15T20:18:48.181895+00:00;;;;;;;;;;;
https://jsevenprovedor.com.br;tem_canal_titular;false;0.082157;eff21c08-b691-4c4d-a648-8ecec047beb6;aovivo-N2KLW-v1.0.0;1.0.0;2026-08-15T20:18:48.221112+00:00;;;0.5;;;;df5f83e297a13eeae39b2e1f1dbd5406444f81410152159c587f50b5aaa37401;;1.0.0;ad877ab42514aeae3e38de1837f67ae37ae64c79ae04542af23baa0830dc9946;
https://jsevenprovedor.com.br;finalidade_especificada;nao_aplicavel;0.0;eff21c08-b691-4c4d-a648-8ecec047beb6;aovivo-N2KLW-v1.0.0;1.0.0;2026-08-15T20:18:48.230706+00:00;;;;;;precondicao_nao_satisfeita;;;;;
https://jsevenprovedor.com.br;direitos_titular_explicados;nao_aplicavel;0.0;eff21c08-b691-4c4d-a648-8ecec047beb6;aovivo-N2KLW-v1.0.0;1.0.0;2026-08-15T20:18:48.245028+00:00;;;;;;precondicao_nao_satisfeita;;;;;
https://jsevenprovedor.com.br;transf_internacional_divulgada;nao_aplicavel;0.0;eff21c08-b691-4c4d-a648-8ecec047beb6;aovivo-N2KLW-v1.0.0;1.0.0;2026-08-15T20:18:48.260833+00:00;;;;;;precondicao_nao_satisfeita;;;;;
https://casadosdados.com.br;tem_banner_cookies;false;0.95;eff21c08-b691-4c4d-a648-8ecec047beb6;aovivo-N2KLW-v1.0.0;0.3.1;2026-08-15T20:19:26.768160+00:00;;;;;;;;;;;
https://casadosdados.com.br;tem_politica_privacidade;false;0.95;eff21c08-b691-4c4d-a648-8ecec047beb6;aovivo-N2KLW-v1.0.0;0.2.1;2026-08-15T20:19:26.789348+00:00;;;;;;;;;;;
https://casadosdados.com.br;tem_canal_titular;false;0.082157;eff21c08-b691-4c4d-a648-8ecec047beb6;aovivo-N2KLW-v1.0.0;1.0.0;2026-08-15T20:19:26.866313+00:00;;;0.5;;;;df5f83e297a13eeae39b2e1f1dbd5406444f81410152159c587f50b5aaa37401;;1.0.0;ad877ab42514aeae3e38de1837f67ae37ae64c79ae04542af23baa0830dc9946;
https://casadosdados.com.br;finalidade_especificada;nao_aplicavel;0.0;eff21c08-b691-4c4d-a648-8ecec047beb6;aovivo-N2KLW-v1.0.0;1.0.0;2026-08-15T20:19:26.866313+00:00;;;;;;precondicao_nao_satisfeita;;;;;
https://casadosdados.com.br;direitos_titular_explicados;nao_aplicavel;0.0;eff21c08-b691-4c4d-a648-8ecec047beb6;aovivo-N2KLW-v1.0.0;1.0.0;2026-08-15T20:19:26.889335+00:00;;;;;;precondicao_nao_satisfeita;;;;;
https://casadosdados.com.br;transf_internacional_divulgada;nao_aplicavel;0.0;eff21c08-b691-4c4d-a648-8ecec047beb6;aovivo-N2KLW-v1.0.0;1.0.0;2026-08-15T20:19:26.897940+00:00;;;;;;precondicao_nao_satisfeita;;;;;
https://redacao.pr.gov.br;tem_banner_cookies;false;0.95;eff21c08-b691-4c4d-a648-8ecec047beb6;aovivo-N2KLW-v1.0.0;0.3.1;2026-08-15T20:19:40.145419+00:00;;;;;;;;;;;
https://redacao.pr.gov.br;tem_politica_privacidade;false;0.95;eff21c08-b691-4c4d-a648-8ecec047beb6;aovivo-N2KLW-v1.0.0;0.2.1;2026-08-15T20:19:40.171613+00:00;;;;;;;;;;;
https://redacao.pr.gov.br;tem_canal_titular;false;0.082157;eff21c08-b691-4c4d-a648-8ecec047beb6;aovivo-N2KLW-v1.0.0;1.0.0;2026-08-15T20:19:40.178630+00:00;;;0.5;;;;df5f83e297a13eeae39b2e1f1dbd5406444f81410152159c587f50b5aaa37401;;1.0.0;ad877ab42514aeae3e38de1837f67ae37ae64c79ae04542af23baa0830dc9946;
https://redacao.pr.gov.br;finalidade_especificada;nao_aplicavel;0.0;eff21c08-b691-4c4d-a648-8ecec047beb6;aovivo-N2KLW-v1.0.0;1.0.0;2026-08-15T20:19:40.201532+00:00;;;;;;precondicao_nao_satisfeita;;;;;
https://redacao.pr.gov.br;direitos_titular_explicados;nao_aplicavel;0.0;eff21c08-b691-4c4d-a648-8ecec047beb6;aovivo-N2KLW-v1.0.0;1.0.0;2026-08-15T20:19:40.211079+00:00;;;;;;precondicao_nao_satisfeita;;;;;
https://redacao.pr.gov.br;transf_internacional_divulgada;nao_aplicavel;0.0;eff21c08-b691-4c4d-a648-8ecec047beb6;aovivo-N2KLW-v1.0.0;1.0.0;2026-08-15T20:19:40.222172+00:00;;;;;;precondicao_nao_satisfeita;;;;;
https://yamaha-motor.com.br;tem_banner_cookies;false;0.95;eff21c08-b691-4c4d-a648-8ecec047beb6;aovivo-N2KLW-v1.0.0;0.3.1;2026-08-15T20:19:52.441208+00:00;;;;;;;;;;;
https://yamaha-motor.com.br;tem_politica_privacidade;false;0.95;eff21c08-b691-4c4d-a648-8ecec047beb6;aovivo-N2KLW-v1.0.0;0.2.1;2026-08-15T20:19:52.473251+00:00;;;;;;;;;;;
https://yamaha-motor.com.br;tem_canal_titular;false;0.082157;eff21c08-b691-4c4d-a648-8ecec047beb6;aovivo-N2KLW-v1.0.0;1.0.0;2026-08-15T20:19:52.473251+00:00;;;0.5;;;;df5f83e297a13eeae39b2e1f1dbd5406444f81410152159c587f50b5aaa37401;;1.0.0;ad877ab42514aeae3e38de1837f67ae37ae64c79ae04542af23baa0830dc9946;
https://yamaha-motor.com.br;finalidade_especificada;nao_aplicavel;0.0;eff21c08-b691-4c4d-a648-8ecec047beb6;aovivo-N2KLW-v1.0.0;1.0.0;2026-08-15T20:19:52.498496+00:00;;;;;;precondicao_nao_satisfeita;;;;;
https://yamaha-motor.com.br;direitos_titular_explicados;nao_aplicavel;0.0;eff21c08-b691-4c4d-a648-8ecec047beb6;aovivo-N2KLW-v1.0.0;1.0.0;2026-08-15T20:19:52.507823+00:00;;;;;;precondicao_nao_satisfeita;;;;;
https://yamaha-motor.com.br;transf_internacional_divulgada;nao_aplicavel;0.0;eff21c08-b691-4c4d-a648-8ecec047beb6;aovivo-N2KLW-v1.0.0;1.0.0;2026-08-15T20:19:52.518558+00:00;;;;;;precondicao_nao_satisfeita;;;;;
https://unipampa.edu.br;tem_banner_cookies;true;0.95;eff21c08-b691-4c4d-a648-8ecec047beb6;aovivo-N2KLW-v1.0.0;0.3.1;2026-08-15T20:20:10.687553+00:00;;;;;;;;;;;
https://unipampa.edu.br;tem_politica_privacidade;true;0.95;eff21c08-b691-4c4d-a648-8ecec047beb6;aovivo-N2KLW-v1.0.0;0.2.1;2026-08-15T20:20:10.704040+00:00;;;;;;;;;;;
https://unipampa.edu.br;tem_canal_titular;true;0.646874;eff21c08-b691-4c4d-a648-8ecec047beb6;aovivo-N2KLW-v1.0.0;1.0.0;2026-08-15T20:20:12.291799+00:00;;;0.5;;;;df5f83e297a13eeae39b2e1f1dbd5406444f81410152159c587f50b5aaa37401;;1.0.0;ad877ab42514aeae3e38de1837f67ae37ae64c79ae04542af23baa0830dc9946;
https://unipampa.edu.br;finalidade_especificada;true;0.531012;eff21c08-b691-4c4d-a648-8ecec047beb6;aovivo-N2KLW-v1.0.0;1.0.0;2026-08-15T20:20:12.529207+00:00;40;485;0.07450863272740177;0.4132;false;;cf474b9bf6133dc374e0f0720835da6b8e669a67f3008ae4f970a27db96ae0c0;1.0.0;;cbfafa9326b22da2072cb70afeaa5988fbd98f9f34d1a75bd5440dc37d7a80ef;0.082474
https://unipampa.edu.br;direitos_titular_explicados;true;0.875043;eff21c08-b691-4c4d-a648-8ecec047beb6;aovivo-N2KLW-v1.0.0;1.0.0;2026-08-15T20:20:12.794284+00:00;2;485;0.14620134174763208;0.4132;false;;a2912290b9911114715a7dd0ea2170bea5e349db39b92b12a6e9c12e84f91a01;1.0.0;;cbfafa9326b22da2072cb70afeaa5988fbd98f9f34d1a75bd5440dc37d7a80ef;0.004124
https://unipampa.edu.br;transf_internacional_divulgada;true;0.126945;eff21c08-b691-4c4d-a648-8ecec047beb6;aovivo-N2KLW-v1.0.0;1.0.0;2026-08-15T20:20:13.020220+00:00;7;485;0.008095472917573614;0.4132;false;;ba65b01f76606776b220befc40de2025341f4326ab79e1658bcb3049016c7dff;1.0.0;;cbfafa9326b22da2072cb70afeaa5988fbd98f9f34d1a75bd5440dc37d7a80ef;0.014433
https://pebmed.com.br;tem_banner_cookies;true;0.95;eff21c08-b691-4c4d-a648-8ecec047beb6;aovivo-N2KLW-v1.0.0;0.3.1;2026-08-15T20:20:44.982910+00:00;;;;;;;;;;;
https://pebmed.com.br;tem_politica_privacidade;true;0.95;eff21c08-b691-4c4d-a648-8ecec047beb6;aovivo-N2KLW-v1.0.0;0.2.1;2026-08-15T20:20:45.083964+00:00;;;;;;;;;;;
https://pebmed.com.br;tem_canal_titular;true;0.916828;eff21c08-b691-4c4d-a648-8ecec047beb6;aovivo-N2KLW-v1.0.0;1.0.0;2026-08-15T20:20:45.411332+00:00;;;0.5;;;;df5f83e297a13eeae39b2e1f1dbd5406444f81410152159c587f50b5aaa37401;;1.0.0;ad877ab42514aeae3e38de1837f67ae37ae64c79ae04542af23baa0830dc9946;
https://pebmed.com.br;finalidade_especificada;true;0.917093;eff21c08-b691-4c4d-a648-8ecec047beb6;aovivo-N2KLW-v1.0.0;1.0.0;2026-08-15T20:20:45.468316+00:00;28;105;0.07450863272740177;0.458;false;;cf474b9bf6133dc374e0f0720835da6b8e669a67f3008ae4f970a27db96ae0c0;1.0.0;;cbfafa9326b22da2072cb70afeaa5988fbd98f9f34d1a75bd5440dc37d7a80ef;0.266667
https://pebmed.com.br;direitos_titular_explicados;false;0.042004;eff21c08-b691-4c4d-a648-8ecec047beb6;aovivo-N2KLW-v1.0.0;1.0.0;2026-08-15T20:20:45.596970+00:00;0;105;0.14620134174763208;0.458;false;;a2912290b9911114715a7dd0ea2170bea5e349db39b92b12a6e9c12e84f91a01;1.0.0;;cbfafa9326b22da2072cb70afeaa5988fbd98f9f34d1a75bd5440dc37d7a80ef;0.0
https://pebmed.com.br;transf_internacional_divulgada;false;0.004224;eff21c08-b691-4c4d-a648-8ecec047beb6;aovivo-N2KLW-v1.0.0;1.0.0;2026-08-15T20:20:45.652996+00:00;0;105;0.008095472917573614;0.458;false;;ba65b01f76606776b220befc40de2025341f4326ab79e1658bcb3049016c7dff;1.0.0;;cbfafa9326b22da2072cb70afeaa5988fbd98f9f34d1a75bd5440dc37d7a80ef;0.0
https://rihappy.com.br;tem_banner_cookies;true;0.95;eff21c08-b691-4c4d-a648-8ecec047beb6;aovivo-N2KLW-v1.0.0;0.3.1;2026-08-15T20:21:33.549055+00:00;;;;;;;;;;;
https://rihappy.com.br;tem_politica_privacidade;true;0.65;eff21c08-b691-4c4d-a648-8ecec047beb6;aovivo-N2KLW-v1.0.0;0.2.1;2026-08-15T20:21:33.699338+00:00;;;;;;;;;;;
https://rihappy.com.br;tem_canal_titular;false;0.363394;eff21c08-b691-4c4d-a648-8ecec047beb6;aovivo-N2KLW-v1.0.0;1.0.0;2026-08-15T20:21:35.444816+00:00;;;0.5;;;;df5f83e297a13eeae39b2e1f1dbd5406444f81410152159c587f50b5aaa37401;;1.0.0;ad877ab42514aeae3e38de1837f67ae37ae64c79ae04542af23baa0830dc9946;
https://rihappy.com.br;finalidade_especificada;true;0.673745;eff21c08-b691-4c4d-a648-8ecec047beb6;aovivo-N2KLW-v1.0.0;1.0.0;2026-08-15T20:21:35.743202+00:00;70;230;0.07450863272740177;0.2157;false;;cf474b9bf6133dc374e0f0720835da6b8e669a67f3008ae4f970a27db96ae0c0;1.0.0;;cbfafa9326b22da2072cb70afeaa5988fbd98f9f34d1a75bd5440dc37d7a80ef;0.304348
https://rihappy.com.br;direitos_titular_explicados;false;0.011993;eff21c08-b691-4c4d-a648-8ecec047beb6;aovivo-N2KLW-v1.0.0;1.0.0;2026-08-15T20:21:36.001190+00:00;0;230;0.14620134174763208;0.2157;false;;a2912290b9911114715a7dd0ea2170bea5e349db39b92b12a6e9c12e84f91a01;1.0.0;;cbfafa9326b22da2072cb70afeaa5988fbd98f9f34d1a75bd5440dc37d7a80ef;0.0
https://rihappy.com.br;transf_internacional_divulgada;false;0.002751;eff21c08-b691-4c4d-a648-8ecec047beb6;aovivo-N2KLW-v1.0.0;1.0.0;2026-08-15T20:21:36.275544+00:00;0;230;0.008095472917573614;0.2157;false;;ba65b01f76606776b220befc40de2025341f4326ab79e1658bcb3049016c7dff;1.0.0;;cbfafa9326b22da2072cb70afeaa5988fbd98f9f34d1a75bd5440dc37d7a80ef;0.0
https://cidadania.gov.br;tem_banner_cookies;true;0.95;eff21c08-b691-4c4d-a648-8ecec047beb6;aovivo-N2KLW-v1.0.0;0.3.1;2026-08-15T20:21:57.336998+00:00;;;;;;;;;;;
https://cidadania.gov.br;tem_politica_privacidade;true;0.95;eff21c08-b691-4c4d-a648-8ecec047beb6;aovivo-N2KLW-v1.0.0;0.2.1;2026-08-15T20:21:57.362981+00:00;;;;;;;;;;;
https://cidadania.gov.br;tem_canal_titular;true;0.646874;eff21c08-b691-4c4d-a648-8ecec047beb6;aovivo-N2KLW-v1.0.0;1.0.0;2026-08-15T20:21:57.742841+00:00;;;0.5;;;;df5f83e297a13eeae39b2e1f1dbd5406444f81410152159c587f50b5aaa37401;;1.0.0;ad877ab42514aeae3e38de1837f67ae37ae64c79ae04542af23baa0830dc9946;
https://cidadania.gov.br;finalidade_especificada;true;0.99159;eff21c08-b691-4c4d-a648-8ecec047beb6;aovivo-N2KLW-v1.0.0;1.0.0;2026-08-15T20:21:57.946711+00:00;121;437;0.07450863272740177;0.488;false;;cf474b9bf6133dc374e0f0720835da6b8e669a67f3008ae4f970a27db96ae0c0;1.0.0;;cbfafa9326b22da2072cb70afeaa5988fbd98f9f34d1a75bd5440dc37d7a80ef;0.276888
https://cidadania.gov.br;direitos_titular_explicados;true;0.842395;eff21c08-b691-4c4d-a648-8ecec047beb6;aovivo-N2KLW-v1.0.0;1.0.0;2026-08-15T20:21:58.169787+00:00;7;437;0.14620134174763208;0.488;false;;a2912290b9911114715a7dd0ea2170bea5e349db39b92b12a6e9c12e84f91a01;1.0.0;;cbfafa9326b22da2072cb70afeaa5988fbd98f9f34d1a75bd5440dc37d7a80ef;0.016018
https://cidadania.gov.br;transf_internacional_divulgada;true;0.930736;eff21c08-b691-4c4d-a648-8ecec047beb6;aovivo-N2KLW-v1.0.0;1.0.0;2026-08-15T20:21:58.384988+00:00;3;437;0.008095472917573614;0.488;false;;ba65b01f76606776b220befc40de2025341f4326ab79e1658bcb3049016c7dff;1.0.0;;cbfafa9326b22da2072cb70afeaa5988fbd98f9f34d1a75bd5440dc37d7a80ef;0.006865
https://me.com.br;tem_banner_cookies;false;0.95;eff21c08-b691-4c4d-a648-8ecec047beb6;aovivo-N2KLW-v1.0.0;0.3.1;2026-08-15T20:22:15.986532+00:00;;;;;;;;;;;
https://me.com.br;tem_politica_privacidade;false;0.95;eff21c08-b691-4c4d-a648-8ecec047beb6;aovivo-N2KLW-v1.0.0;0.2.1;2026-08-15T20:22:16.007032+00:00;;;;;;;;;;;
https://me.com.br;tem_canal_titular;true;0.789735;eff21c08-b691-4c4d-a648-8ecec047beb6;aovivo-N2KLW-v1.0.0;1.0.0;2026-08-15T20:22:16.215311+00:00;;;0.5;;;;df5f83e297a13eeae39b2e1f1dbd5406444f81410152159c587f50b5aaa37401;;1.0.0;ad877ab42514aeae3e38de1837f67ae37ae64c79ae04542af23baa0830dc9946;
https://me.com.br;finalidade_especificada;nao_aplicavel;0.0;eff21c08-b691-4c4d-a648-8ecec047beb6;aovivo-N2KLW-v1.0.0;1.0.0;2026-08-15T20:22:16.229129+00:00;;;;;;precondicao_nao_satisfeita;;;;;
https://me.com.br;direitos_titular_explicados;nao_aplicavel;0.0;eff21c08-b691-4c4d-a648-8ecec047beb6;aovivo-N2KLW-v1.0.0;1.0.0;2026-08-15T20:22:16.244396+00:00;;;;;;precondicao_nao_satisfeita;;;;;
https://me.com.br;transf_internacional_divulgada;nao_aplicavel;0.0;eff21c08-b691-4c4d-a648-8ecec047beb6;aovivo-N2KLW-v1.0.0;1.0.0;2026-08-15T20:22:16.254386+00:00;;;;;;precondicao_nao_satisfeita;;;;;
https://encurtador.com.br;tem_banner_cookies;false;0.95;eff21c08-b691-4c4d-a648-8ecec047beb6;aovivo-N2KLW-v1.0.0;0.3.1;2026-08-15T20:22:48.304696+00:00;;;;;;;;;;;
https://encurtador.com.br;tem_politica_privacidade;true;0.95;eff21c08-b691-4c4d-a648-8ecec047beb6;aovivo-N2KLW-v1.0.0;0.2.1;2026-08-15T20:22:48.322261+00:00;;;;;;;;;;;
https://encurtador.com.br;tem_canal_titular;false;0.082157;eff21c08-b691-4c4d-a648-8ecec047beb6;aovivo-N2KLW-v1.0.0;1.0.0;2026-08-15T20:22:48.581161+00:00;;;0.5;;;;df5f83e297a13eeae39b2e1f1dbd5406444f81410152159c587f50b5aaa37401;;1.0.0;ad877ab42514aeae3e38de1837f67ae37ae64c79ae04542af23baa0830dc9946;
https://encurtador.com.br;finalidade_especificada;true;0.751402;eff21c08-b691-4c4d-a648-8ecec047beb6;aovivo-N2KLW-v1.0.0;1.0.0;2026-08-15T20:22:48.620962+00:00;23;94;0.07450863272740177;0.4132;false;;cf474b9bf6133dc374e0f0720835da6b8e669a67f3008ae4f970a27db96ae0c0;1.0.0;;cbfafa9326b22da2072cb70afeaa5988fbd98f9f34d1a75bd5440dc37d7a80ef;0.244681
https://encurtador.com.br;direitos_titular_explicados;true;0.282476;eff21c08-b691-4c4d-a648-8ecec047beb6;aovivo-N2KLW-v1.0.0;1.0.0;2026-08-15T20:22:48.664988+00:00;1;94;0.14620134174763208;0.4132;false;;a2912290b9911114715a7dd0ea2170bea5e349db39b92b12a6e9c12e84f91a01;1.0.0;;cbfafa9326b22da2072cb70afeaa5988fbd98f9f34d1a75bd5440dc37d7a80ef;0.010638
https://encurtador.com.br;transf_internacional_divulgada;false;0.001446;eff21c08-b691-4c4d-a648-8ecec047beb6;aovivo-N2KLW-v1.0.0;1.0.0;2026-08-15T20:22:48.709279+00:00;0;94;0.008095472917573614;0.4132;false;;ba65b01f76606776b220befc40de2025341f4326ab79e1658bcb3049016c7dff;1.0.0;;cbfafa9326b22da2072cb70afeaa5988fbd98f9f34d1a75bd5440dc37d7a80ef;0.0
https://lomadee.com.br;tem_banner_cookies;true;0.95;eff21c08-b691-4c4d-a648-8ecec047beb6;aovivo-N2KLW-v1.0.0;0.3.1;2026-08-15T20:23:02.089762+00:00;;;;;;;;;;;
https://lomadee.com.br;tem_politica_privacidade;false;0.95;eff21c08-b691-4c4d-a648-8ecec047beb6;aovivo-N2KLW-v1.0.0;0.2.1;2026-08-15T20:23:02.106935+00:00;;;;;;;;;;;
https://lomadee.com.br;tem_canal_titular;false;0.082157;eff21c08-b691-4c4d-a648-8ecec047beb6;aovivo-N2KLW-v1.0.0;1.0.0;2026-08-15T20:23:02.310262+00:00;;;0.5;;;;df5f83e297a13eeae39b2e1f1dbd5406444f81410152159c587f50b5aaa37401;;1.0.0;ad877ab42514aeae3e38de1837f67ae37ae64c79ae04542af23baa0830dc9946;
https://lomadee.com.br;finalidade_especificada;nao_aplicavel;0.0;eff21c08-b691-4c4d-a648-8ecec047beb6;aovivo-N2KLW-v1.0.0;1.0.0;2026-08-15T20:23:02.326890+00:00;;;;;;precondicao_nao_satisfeita;;;;;
https://lomadee.com.br;direitos_titular_explicados;nao_aplicavel;0.0;eff21c08-b691-4c4d-a648-8ecec047beb6;aovivo-N2KLW-v1.0.0;1.0.0;2026-08-15T20:23:02.345337+00:00;;;;;;precondicao_nao_satisfeita;;;;;
https://lomadee.com.br;transf_internacional_divulgada;nao_aplicavel;0.0;eff21c08-b691-4c4d-a648-8ecec047beb6;aovivo-N2KLW-v1.0.0;1.0.0;2026-08-15T20:23:02.357610+00:00;;;;;;precondicao_nao_satisfeita;;;;;
https://netdeal.com.br;tem_banner_cookies;false;0.95;eff21c08-b691-4c4d-a648-8ecec047beb6;aovivo-N2KLW-v1.0.0;0.3.1;2026-08-15T20:23:31.677421+00:00;;;;;;;;;;;
https://netdeal.com.br;tem_politica_privacidade;false;0.95;eff21c08-b691-4c4d-a648-8ecec047beb6;aovivo-N2KLW-v1.0.0;0.2.1;2026-08-15T20:23:31.682331+00:00;;;;;;;;;;;
https://netdeal.com.br;tem_canal_titular;false;0.082157;eff21c08-b691-4c4d-a648-8ecec047beb6;aovivo-N2KLW-v1.0.0;1.0.0;2026-08-15T20:23:31.869814+00:00;;;0.5;;;;df5f83e297a13eeae39b2e1f1dbd5406444f81410152159c587f50b5aaa37401;;1.0.0;ad877ab42514aeae3e38de1837f67ae37ae64c79ae04542af23baa0830dc9946;
https://netdeal.com.br;finalidade_especificada;nao_aplicavel;0.0;eff21c08-b691-4c4d-a648-8ecec047beb6;aovivo-N2KLW-v1.0.0;1.0.0;2026-08-15T20:23:31.878362+00:00;;;;;;precondicao_nao_satisfeita;;;;;
https://netdeal.com.br;direitos_titular_explicados;nao_aplicavel;0.0;eff21c08-b691-4c4d-a648-8ecec047beb6;aovivo-N2KLW-v1.0.0;1.0.0;2026-08-15T20:23:31.894892+00:00;;;;;;precondicao_nao_satisfeita;;;;;
https://netdeal.com.br;transf_internacional_divulgada;nao_aplicavel;0.0;eff21c08-b691-4c4d-a648-8ecec047beb6;aovivo-N2KLW-v1.0.0;1.0.0;2026-08-15T20:23:31.894892+00:00;;;;;;precondicao_nao_satisfeita;;;;;
https://crazy-time-brazil.com.br;tem_banner_cookies;false;0.95;eff21c08-b691-4c4d-a648-8ecec047beb6;aovivo-N2KLW-v1.0.0;0.3.1;2026-08-15T20:23:42.018377+00:00;;;;;;;;;;;
https://crazy-time-brazil.com.br;tem_politica_privacidade;true;0.65;eff21c08-b691-4c4d-a648-8ecec047beb6;aovivo-N2KLW-v1.0.0;0.2.1;2026-08-15T20:23:42.033044+00:00;;;;;;;;;;;
https://crazy-time-brazil.com.br;tem_canal_titular;false;0.349347;eff21c08-b691-4c4d-a648-8ecec047beb6;aovivo-N2KLW-v1.0.0;1.0.0;2026-08-15T20:23:42.089216+00:00;;;0.5;;;;df5f83e297a13eeae39b2e1f1dbd5406444f81410152159c587f50b5aaa37401;;1.0.0;ad877ab42514aeae3e38de1837f67ae37ae64c79ae04542af23baa0830dc9946;
https://crazy-time-brazil.com.br;finalidade_especificada;true;0.44221;eff21c08-b691-4c4d-a648-8ecec047beb6;aovivo-N2KLW-v1.0.0;1.0.0;2026-08-15T20:23:42.105075+00:00;7;32;0.07450863272740177;0.38;false;;cf474b9bf6133dc374e0f0720835da6b8e669a67f3008ae4f970a27db96ae0c0;1.0.0;;cbfafa9326b22da2072cb70afeaa5988fbd98f9f34d1a75bd5440dc37d7a80ef;0.21875
https://crazy-time-brazil.com.br;direitos_titular_explicados;true;0.519438;eff21c08-b691-4c4d-a648-8ecec047beb6;aovivo-N2KLW-v1.0.0;1.0.0;2026-08-15T20:23:42.120782+00:00;1;32;0.14620134174763208;0.38;false;;a2912290b9911114715a7dd0ea2170bea5e349db39b92b12a6e9c12e84f91a01;1.0.0;;cbfafa9326b22da2072cb70afeaa5988fbd98f9f34d1a75bd5440dc37d7a80ef;0.03125
https://crazy-time-brazil.com.br;transf_internacional_divulgada;false;0.001579;eff21c08-b691-4c4d-a648-8ecec047beb6;aovivo-N2KLW-v1.0.0;1.0.0;2026-08-15T20:23:42.140518+00:00;0;32;0.008095472917573614;0.38;false;;ba65b01f76606776b220befc40de2025341f4326ab79e1658bcb3049016c7dff;1.0.0;;cbfafa9326b22da2072cb70afeaa5988fbd98f9f34d1a75bd5440dc37d7a80ef;0.0
https://fazaboa.com.br;tem_banner_cookies;false;0.95;eff21c08-b691-4c4d-a648-8ecec047beb6;aovivo-N2KLW-v1.0.0;0.3.1;2026-08-15T20:24:27.053898+00:00;;;;;;;;;;;
https://fazaboa.com.br;tem_politica_privacidade;true;0.95;eff21c08-b691-4c4d-a648-8ecec047beb6;aovivo-N2KLW-v1.0.0;0.2.1;2026-08-15T20:24:27.070479+00:00;;;;;;;;;;;
https://fazaboa.com.br;tem_canal_titular;true;0.789735;eff21c08-b691-4c4d-a648-8ecec047beb6;aovivo-N2KLW-v1.0.0;1.0.0;2026-08-15T20:24:27.181662+00:00;;;0.5;;;;df5f83e297a13eeae39b2e1f1dbd5406444f81410152159c587f50b5aaa37401;;1.0.0;ad877ab42514aeae3e38de1837f67ae37ae64c79ae04542af23baa0830dc9946;
https://fazaboa.com.br;finalidade_especificada;true;0.750526;eff21c08-b691-4c4d-a648-8ecec047beb6;aovivo-N2KLW-v1.0.0;1.0.0;2026-08-15T20:24:27.249432+00:00;29;137;0.07450863272740177;0.4782;false;;cf474b9bf6133dc374e0f0720835da6b8e669a67f3008ae4f970a27db96ae0c0;1.0.0;;cbfafa9326b22da2072cb70afeaa5988fbd98f9f34d1a75bd5440dc37d7a80ef;0.211679
https://fazaboa.com.br;direitos_titular_explicados;true;0.951836;eff21c08-b691-4c4d-a648-8ecec047beb6;aovivo-N2KLW-v1.0.0;1.0.0;2026-08-15T20:24:27.300311+00:00;8;137;0.14620134174763208;0.4782;false;;a2912290b9911114715a7dd0ea2170bea5e349db39b92b12a6e9c12e84f91a01;1.0.0;;cbfafa9326b22da2072cb70afeaa5988fbd98f9f34d1a75bd5440dc37d7a80ef;0.058394
https://fazaboa.com.br;transf_internacional_divulgada;true;0.048397;eff21c08-b691-4c4d-a648-8ecec047beb6;aovivo-N2KLW-v1.0.0;1.0.0;2026-08-15T20:24:27.357804+00:00;2;137;0.008095472917573614;0.4782;false;;ba65b01f76606776b220befc40de2025341f4326ab79e1658bcb3049016c7dff;1.0.0;;cbfafa9326b22da2072cb70afeaa5988fbd98f9f34d1a75bd5440dc37d7a80ef;0.014599
https://abnt.org.br;tem_banner_cookies;true;0.95;eff21c08-b691-4c4d-a648-8ecec047beb6;aovivo-N2KLW-v1.0.0;0.3.1;2026-08-15T20:24:51.009961+00:00;;;;;;;;;;;
https://abnt.org.br;tem_politica_privacidade;true;0.95;eff21c08-b691-4c4d-a648-8ecec047beb6;aovivo-N2KLW-v1.0.0;0.2.1;2026-08-15T20:24:51.026653+00:00;;;;;;;;;;;
https://abnt.org.br;tem_canal_titular;true;0.998415;eff21c08-b691-4c4d-a648-8ecec047beb6;aovivo-N2KLW-v1.0.0;1.0.0;2026-08-15T20:24:51.310022+00:00;;;0.5;;;;df5f83e297a13eeae39b2e1f1dbd5406444f81410152159c587f50b5aaa37401;;1.0.0;ad877ab42514aeae3e38de1837f67ae37ae64c79ae04542af23baa0830dc9946;
https://abnt.org.br;finalidade_especificada;true;0.953436;eff21c08-b691-4c4d-a648-8ecec047beb6;aovivo-N2KLW-v1.0.0;1.0.0;2026-08-15T20:24:51.404391+00:00;38;223;0.07450863272740177;0.4328;false;;cf474b9bf6133dc374e0f0720835da6b8e669a67f3008ae4f970a27db96ae0c0;1.0.0;;cbfafa9326b22da2072cb70afeaa5988fbd98f9f34d1a75bd5440dc37d7a80ef;0.170404
https://abnt.org.br;direitos_titular_explicados;true;0.957837;eff21c08-b691-4c4d-a648-8ecec047beb6;aovivo-N2KLW-v1.0.0;1.0.0;2026-08-15T20:24:51.504049+00:00;5;223;0.14620134174763208;0.4328;false;;a2912290b9911114715a7dd0ea2170bea5e349db39b92b12a6e9c12e84f91a01;1.0.0;;cbfafa9326b22da2072cb70afeaa5988fbd98f9f34d1a75bd5440dc37d7a80ef;0.022422
https://abnt.org.br;transf_internacional_divulgada;true;0.012275;eff21c08-b691-4c4d-a648-8ecec047beb6;aovivo-N2KLW-v1.0.0;1.0.0;2026-08-15T20:24:51.610944+00:00;1;223;0.008095472917573614;0.4328;false;;ba65b01f76606776b220befc40de2025341f4326ab79e1658bcb3049016c7dff;1.0.0;;cbfafa9326b22da2072cb70afeaa5988fbd98f9f34d1a75bd5440dc37d7a80ef;0.004484
https://cifras.com.br;tem_banner_cookies;true;0.95;eff21c08-b691-4c4d-a648-8ecec047beb6;aovivo-N2KLW-v1.0.0;0.3.1;2026-08-15T20:25:44.571027+00:00;;;;;;;;;;;
https://cifras.com.br;tem_politica_privacidade;true;0.95;eff21c08-b691-4c4d-a648-8ecec047beb6;aovivo-N2KLW-v1.0.0;0.2.1;2026-08-15T20:25:44.587661+00:00;;;;;;;;;;;
https://cifras.com.br;tem_canal_titular;true;0.646874;eff21c08-b691-4c4d-a648-8ecec047beb6;aovivo-N2KLW-v1.0.0;1.0.0;2026-08-15T20:25:44.755258+00:00;;;0.5;;;;df5f83e297a13eeae39b2e1f1dbd5406444f81410152159c587f50b5aaa37401;;1.0.0;ad877ab42514aeae3e38de1837f67ae37ae64c79ae04542af23baa0830dc9946;
https://cifras.com.br;finalidade_especificada;true;0.889467;eff21c08-b691-4c4d-a648-8ecec047beb6;aovivo-N2KLW-v1.0.0;1.0.0;2026-08-15T20:25:44.840052+00:00;42;216;0.07450863272740177;0.4227;false;;cf474b9bf6133dc374e0f0720835da6b8e669a67f3008ae4f970a27db96ae0c0;1.0.0;;cbfafa9326b22da2072cb70afeaa5988fbd98f9f34d1a75bd5440dc37d7a80ef;0.194444
https://cifras.com.br;direitos_titular_explicados;true;0.678809;eff21c08-b691-4c4d-a648-8ecec047beb6;aovivo-N2KLW-v1.0.0;1.0.0;2026-08-15T20:25:44.934355+00:00;2;216;0.14620134174763208;0.4227;false;;a2912290b9911114715a7dd0ea2170bea5e349db39b92b12a6e9c12e84f91a01;1.0.0;;cbfafa9326b22da2072cb70afeaa5988fbd98f9f34d1a75bd5440dc37d7a80ef;0.009259
https://cifras.com.br;transf_internacional_divulgada;true;0.015118;eff21c08-b691-4c4d-a648-8ecec047beb6;aovivo-N2KLW-v1.0.0;1.0.0;2026-08-15T20:25:45.025329+00:00;1;216;0.008095472917573614;0.4227;false;;ba65b01f76606776b220befc40de2025341f4326ab79e1658bcb3049016c7dff;1.0.0;;cbfafa9326b22da2072cb70afeaa5988fbd98f9f34d1a75bd5440dc37d7a80ef;0.00463
https://algar.com.br;tem_banner_cookies;true;0.95;eff21c08-b691-4c4d-a648-8ecec047beb6;aovivo-N2KLW-v1.0.0;0.3.1;2026-08-15T20:26:55.590386+00:00;;;;;;;;;;;
https://algar.com.br;tem_politica_privacidade;true;0.65;eff21c08-b691-4c4d-a648-8ecec047beb6;aovivo-N2KLW-v1.0.0;0.2.1;2026-08-15T20:26:55.607379+00:00;;;;;;;;;;;
https://algar.com.br;tem_canal_titular;false;0.082157;eff21c08-b691-4c4d-a648-8ecec047beb6;aovivo-N2KLW-v1.0.0;1.0.0;2026-08-15T20:26:55.806917+00:00;;;0.5;;;;df5f83e297a13eeae39b2e1f1dbd5406444f81410152159c587f50b5aaa37401;;1.0.0;ad877ab42514aeae3e38de1837f67ae37ae64c79ae04542af23baa0830dc9946;
https://algar.com.br;finalidade_especificada;false;0.0;eff21c08-b691-4c4d-a648-8ecec047beb6;aovivo-N2KLW-v1.0.0;1.0.0;2026-08-15T20:26:55.825353+00:00;0;0;0.07450863272740177;;;sem_texto_avaliavel;cf474b9bf6133dc374e0f0720835da6b8e669a67f3008ae4f970a27db96ae0c0;1.0.0;;cbfafa9326b22da2072cb70afeaa5988fbd98f9f34d1a75bd5440dc37d7a80ef;
https://algar.com.br;direitos_titular_explicados;false;0.0;eff21c08-b691-4c4d-a648-8ecec047beb6;aovivo-N2KLW-v1.0.0;1.0.0;2026-08-15T20:26:55.838705+00:00;0;0;0.14620134174763208;;;sem_texto_avaliavel;a2912290b9911114715a7dd0ea2170bea5e349db39b92b12a6e9c12e84f91a01;1.0.0;;cbfafa9326b22da2072cb70afeaa5988fbd98f9f34d1a75bd5440dc37d7a80ef;
https://algar.com.br;transf_internacional_divulgada;false;0.0;eff21c08-b691-4c4d-a648-8ecec047beb6;aovivo-N2KLW-v1.0.0;1.0.0;2026-08-15T20:26:55.838705+00:00;0;0;0.008095472917573614;;;sem_texto_avaliavel;ba65b01f76606776b220befc40de2025341f4326ab79e1658bcb3049016c7dff;1.0.0;;cbfafa9326b22da2072cb70afeaa5988fbd98f9f34d1a75bd5440dc37d7a80ef;
https://bs2.com.br;tem_banner_cookies;true;0.95;eff21c08-b691-4c4d-a648-8ecec047beb6;aovivo-N2KLW-v1.0.0;0.3.1;2026-08-15T20:27:10.402745+00:00;;;;;;;;;;;
https://bs2.com.br;tem_politica_privacidade;true;0.95;eff21c08-b691-4c4d-a648-8ecec047beb6;aovivo-N2KLW-v1.0.0;0.2.1;2026-08-15T20:27:10.420459+00:00;;;;;;;;;;;
https://bs2.com.br;tem_canal_titular;true;0.646874;eff21c08-b691-4c4d-a648-8ecec047beb6;aovivo-N2KLW-v1.0.0;1.0.0;2026-08-15T20:27:10.784598+00:00;;;0.5;;;;df5f83e297a13eeae39b2e1f1dbd5406444f81410152159c587f50b5aaa37401;;1.0.0;ad877ab42514aeae3e38de1837f67ae37ae64c79ae04542af23baa0830dc9946;
https://bs2.com.br;finalidade_especificada;true;0.160138;eff21c08-b691-4c4d-a648-8ecec047beb6;aovivo-N2KLW-v1.0.0;1.0.0;2026-08-15T20:27:10.800346+00:00;3;21;0.07450863272740177;0.4101;false;;cf474b9bf6133dc374e0f0720835da6b8e669a67f3008ae4f970a27db96ae0c0;1.0.0;;cbfafa9326b22da2072cb70afeaa5988fbd98f9f34d1a75bd5440dc37d7a80ef;0.142857
https://bs2.com.br;direitos_titular_explicados;true;0.929393;eff21c08-b691-4c4d-a648-8ecec047beb6;aovivo-N2KLW-v1.0.0;1.0.0;2026-08-15T20:27:10.817465+00:00;1;21;0.14620134174763208;0.4101;false;;a2912290b9911114715a7dd0ea2170bea5e349db39b92b12a6e9c12e84f91a01;1.0.0;;cbfafa9326b22da2072cb70afeaa5988fbd98f9f34d1a75bd5440dc37d7a80ef;0.047619
https://bs2.com.br;transf_internacional_divulgada;true;0.009549;eff21c08-b691-4c4d-a648-8ecec047beb6;aovivo-N2KLW-v1.0.0;1.0.0;2026-08-15T20:27:10.833782+00:00;1;21;0.008095472917573614;0.4101;false;;ba65b01f76606776b220befc40de2025341f4326ab79e1658bcb3049016c7dff;1.0.0;;cbfafa9326b22da2072cb70afeaa5988fbd98f9f34d1a75bd5440dc37d7a80ef;0.047619
https://stealthelook.com.br;tem_banner_cookies;false;0.95;eff21c08-b691-4c4d-a648-8ecec047beb6;aovivo-N2KLW-v1.0.0;0.3.1;2026-08-15T20:28:09.551664+00:00;;;;;;;;;;;
https://stealthelook.com.br;tem_politica_privacidade;true;0.95;eff21c08-b691-4c4d-a648-8ecec047beb6;aovivo-N2KLW-v1.0.0;0.2.1;2026-08-15T20:28:09.608335+00:00;;;;;;;;;;;
https://stealthelook.com.br;tem_canal_titular;true;0.999505;eff21c08-b691-4c4d-a648-8ecec047beb6;aovivo-N2KLW-v1.0.0;1.0.0;2026-08-15T20:28:10.051958+00:00;;;0.5;;;;df5f83e297a13eeae39b2e1f1dbd5406444f81410152159c587f50b5aaa37401;;1.0.0;ad877ab42514aeae3e38de1837f67ae37ae64c79ae04542af23baa0830dc9946;
https://stealthelook.com.br;finalidade_especificada;true;0.980099;eff21c08-b691-4c4d-a648-8ecec047beb6;aovivo-N2KLW-v1.0.0;1.0.0;2026-08-15T20:28:10.174558+00:00;71;393;0.07450863272740177;0.3763;false;;cf474b9bf6133dc374e0f0720835da6b8e669a67f3008ae4f970a27db96ae0c0;1.0.0;;cbfafa9326b22da2072cb70afeaa5988fbd98f9f34d1a75bd5440dc37d7a80ef;0.180662
https://stealthelook.com.br;direitos_titular_explicados;true;0.825473;eff21c08-b691-4c4d-a648-8ecec047beb6;aovivo-N2KLW-v1.0.0;1.0.0;2026-08-15T20:28:10.310870+00:00;10;393;0.14620134174763208;0.3763;false;;a2912290b9911114715a7dd0ea2170bea5e349db39b92b12a6e9c12e84f91a01;1.0.0;;cbfafa9326b22da2072cb70afeaa5988fbd98f9f34d1a75bd5440dc37d7a80ef;0.025445
https://stealthelook.com.br;transf_internacional_divulgada;true;0.991407;eff21c08-b691-4c4d-a648-8ecec047beb6;aovivo-N2KLW-v1.0.0;1.0.0;2026-08-15T20:28:10.444314+00:00;4;393;0.008095472917573614;0.3763;false;;ba65b01f76606776b220befc40de2025341f4326ab79e1658bcb3049016c7dff;1.0.0;;cbfafa9326b22da2072cb70afeaa5988fbd98f9f34d1a75bd5440dc37d7a80ef;0.010178
https://eneldistribuicao.com.br;tem_banner_cookies;true;0.95;eff21c08-b691-4c4d-a648-8ecec047beb6;aovivo-N2KLW-v1.0.0;0.3.1;2026-08-15T20:29:02.672230+00:00;;;;;;;;;;;
https://eneldistribuicao.com.br;tem_politica_privacidade;false;0.95;eff21c08-b691-4c4d-a648-8ecec047beb6;aovivo-N2KLW-v1.0.0;0.2.1;2026-08-15T20:29:02.699144+00:00;;;;;;;;;;;
https://eneldistribuicao.com.br;tem_canal_titular;true;0.985102;eff21c08-b691-4c4d-a648-8ecec047beb6;aovivo-N2KLW-v1.0.0;1.0.0;2026-08-15T20:29:02.787486+00:00;;;0.5;;;;df5f83e297a13eeae39b2e1f1dbd5406444f81410152159c587f50b5aaa37401;;1.0.0;ad877ab42514aeae3e38de1837f67ae37ae64c79ae04542af23baa0830dc9946;
https://eneldistribuicao.com.br;finalidade_especificada;nao_aplicavel;0.0;eff21c08-b691-4c4d-a648-8ecec047beb6;aovivo-N2KLW-v1.0.0;1.0.0;2026-08-15T20:29:02.803501+00:00;;;;;;precondicao_nao_satisfeita;;;;;
https://eneldistribuicao.com.br;direitos_titular_explicados;nao_aplicavel;0.0;eff21c08-b691-4c4d-a648-8ecec047beb6;aovivo-N2KLW-v1.0.0;1.0.0;2026-08-15T20:29:02.815817+00:00;;;;;;precondicao_nao_satisfeita;;;;;
https://eneldistribuicao.com.br;transf_internacional_divulgada;nao_aplicavel;0.0;eff21c08-b691-4c4d-a648-8ecec047beb6;aovivo-N2KLW-v1.0.0;1.0.0;2026-08-15T20:29:02.826503+00:00;;;;;;precondicao_nao_satisfeita;;;;;
https://bompracredito.com.br;tem_banner_cookies;false;0.95;eff21c08-b691-4c4d-a648-8ecec047beb6;aovivo-N2KLW-v1.0.0;0.3.1;2026-08-15T20:30:40.918317+00:00;;;;;;;;;;;
https://bompracredito.com.br;tem_politica_privacidade;true;0.95;eff21c08-b691-4c4d-a648-8ecec047beb6;aovivo-N2KLW-v1.0.0;0.2.1;2026-08-15T20:30:40.926636+00:00;;;;;;;;;;;
https://bompracredito.com.br;tem_canal_titular;true;0.979656;eff21c08-b691-4c4d-a648-8ecec047beb6;aovivo-N2KLW-v1.0.0;1.0.0;2026-08-15T20:30:41.069527+00:00;;;0.5;;;;df5f83e297a13eeae39b2e1f1dbd5406444f81410152159c587f50b5aaa37401;;1.0.0;ad877ab42514aeae3e38de1837f67ae37ae64c79ae04542af23baa0830dc9946;
https://bompracredito.com.br;finalidade_especificada;true;0.940838;eff21c08-b691-4c4d-a648-8ecec047beb6;aovivo-N2KLW-v1.0.0;1.0.0;2026-08-15T20:30:41.166062+00:00;60;222;0.07450863272740177;0.4376;false;;cf474b9bf6133dc374e0f0720835da6b8e669a67f3008ae4f970a27db96ae0c0;1.0.0;;cbfafa9326b22da2072cb70afeaa5988fbd98f9f34d1a75bd5440dc37d7a80ef;0.27027
https://bompracredito.com.br;direitos_titular_explicados;true;0.965803;eff21c08-b691-4c4d-a648-8ecec047beb6;aovivo-N2KLW-v1.0.0;1.0.0;2026-08-15T20:30:41.236736+00:00;19;222;0.14620134174763208;0.4376;false;;a2912290b9911114715a7dd0ea2170bea5e349db39b92b12a6e9c12e84f91a01;1.0.0;;cbfafa9326b22da2072cb70afeaa5988fbd98f9f34d1a75bd5440dc37d7a80ef;0.085586
https://bompracredito.com.br;transf_internacional_divulgada;true;0.057804;eff21c08-b691-4c4d-a648-8ecec047beb6;aovivo-N2KLW-v1.0.0;1.0.0;2026-08-15T20:30:41.334465+00:00;2;222;0.008095472917573614;0.4376;false;;ba65b01f76606776b220befc40de2025341f4326ab79e1658bcb3049016c7dff;1.0.0;;cbfafa9326b22da2072cb70afeaa5988fbd98f9f34d1a75bd5440dc37d7a80ef;0.009009
https://euamomomi.com.br;tem_banner_cookies;true;0.65;eff21c08-b691-4c4d-a648-8ecec047beb6;aovivo-N2KLW-v1.0.0;0.3.1;2026-08-15T20:30:53.573307+00:00;;;;;;;;;;;
https://euamomomi.com.br;tem_politica_privacidade;true;0.95;eff21c08-b691-4c4d-a648-8ecec047beb6;aovivo-N2KLW-v1.0.0;0.2.1;2026-08-15T20:30:53.589261+00:00;;;;;;;;;;;
https://euamomomi.com.br;tem_canal_titular;false;0.082157;eff21c08-b691-4c4d-a648-8ecec047beb6;aovivo-N2KLW-v1.0.0;1.0.0;2026-08-15T20:30:53.919330+00:00;;;0.5;;;;df5f83e297a13eeae39b2e1f1dbd5406444f81410152159c587f50b5aaa37401;;1.0.0;ad877ab42514aeae3e38de1837f67ae37ae64c79ae04542af23baa0830dc9946;
https://euamomomi.com.br;finalidade_especificada;true;0.550685;eff21c08-b691-4c4d-a648-8ecec047beb6;aovivo-N2KLW-v1.0.0;1.0.0;2026-08-15T20:30:53.994633+00:00;15;48;0.07450863272740177;0.4171;false;;cf474b9bf6133dc374e0f0720835da6b8e669a67f3008ae4f970a27db96ae0c0;1.0.0;;cbfafa9326b22da2072cb70afeaa5988fbd98f9f34d1a75bd5440dc37d7a80ef;0.3125
https://euamomomi.com.br;direitos_titular_explicados;false;0.054198;eff21c08-b691-4c4d-a648-8ecec047beb6;aovivo-N2KLW-v1.0.0;1.0.0;2026-08-15T20:30:54.121917+00:00;0;48;0.14620134174763208;0.4171;false;;a2912290b9911114715a7dd0ea2170bea5e349db39b92b12a6e9c12e84f91a01;1.0.0;;cbfafa9326b22da2072cb70afeaa5988fbd98f9f34d1a75bd5440dc37d7a80ef;0.0
https://euamomomi.com.br;transf_internacional_divulgada;false;0.002062;eff21c08-b691-4c4d-a648-8ecec047beb6;aovivo-N2KLW-v1.0.0;1.0.0;2026-08-15T20:30:54.155058+00:00;0;48;0.008095472917573614;0.4171;false;;ba65b01f76606776b220befc40de2025341f4326ab79e1658bcb3049016c7dff;1.0.0;;cbfafa9326b22da2072cb70afeaa5988fbd98f9f34d1a75bd5440dc37d7a80ef;0.0
https://cora.com.br;tem_banner_cookies;true;0.65;eff21c08-b691-4c4d-a648-8ecec047beb6;aovivo-N2KLW-v1.0.0;0.3.1;2026-08-15T20:32:03.310734+00:00;;;;;;;;;;;
https://cora.com.br;tem_politica_privacidade;true;0.95;eff21c08-b691-4c4d-a648-8ecec047beb6;aovivo-N2KLW-v1.0.0;0.2.1;2026-08-15T20:32:03.391050+00:00;;;;;;;;;;;
https://cora.com.br;tem_canal_titular;true;0.99395;eff21c08-b691-4c4d-a648-8ecec047beb6;aovivo-N2KLW-v1.0.0;1.0.0;2026-08-15T20:32:03.713914+00:00;;;0.5;;;;df5f83e297a13eeae39b2e1f1dbd5406444f81410152159c587f50b5aaa37401;;1.0.0;ad877ab42514aeae3e38de1837f67ae37ae64c79ae04542af23baa0830dc9946;
https://cora.com.br;finalidade_especificada;true;0.936498;eff21c08-b691-4c4d-a648-8ecec047beb6;aovivo-N2KLW-v1.0.0;1.0.0;2026-08-15T20:32:03.876830+00:00;84;293;0.07450863272740177;0.4557;false;;cf474b9bf6133dc374e0f0720835da6b8e669a67f3008ae4f970a27db96ae0c0;1.0.0;;cbfafa9326b22da2072cb70afeaa5988fbd98f9f34d1a75bd5440dc37d7a80ef;0.286689
https://cora.com.br;direitos_titular_explicados;true;0.995118;eff21c08-b691-4c4d-a648-8ecec047beb6;aovivo-N2KLW-v1.0.0;1.0.0;2026-08-15T20:32:04.059479+00:00;4;293;0.14620134174763208;0.4557;false;;a2912290b9911114715a7dd0ea2170bea5e349db39b92b12a6e9c12e84f91a01;1.0.0;;cbfafa9326b22da2072cb70afeaa5988fbd98f9f34d1a75bd5440dc37d7a80ef;0.013652
https://cora.com.br;transf_internacional_divulgada;true;0.225944;eff21c08-b691-4c4d-a648-8ecec047beb6;aovivo-N2KLW-v1.0.0;1.0.0;2026-08-15T20:32:04.261048+00:00;5;293;0.008095472917573614;0.4557;false;;ba65b01f76606776b220befc40de2025341f4326ab79e1658bcb3049016c7dff;1.0.0;;cbfafa9326b22da2072cb70afeaa5988fbd98f9f34d1a75bd5440dc37d7a80ef;0.017065
https://skypecas.com.br;tem_banner_cookies;false;0.95;eff21c08-b691-4c4d-a648-8ecec047beb6;aovivo-N2KLW-v1.0.0;0.3.1;2026-08-15T20:32:20.080583+00:00;;;;;;;;;;;
https://skypecas.com.br;tem_politica_privacidade;false;0.95;eff21c08-b691-4c4d-a648-8ecec047beb6;aovivo-N2KLW-v1.0.0;0.2.1;2026-08-15T20:32:20.092224+00:00;;;;;;;;;;;
https://skypecas.com.br;tem_canal_titular;false;0.082157;eff21c08-b691-4c4d-a648-8ecec047beb6;aovivo-N2KLW-v1.0.0;1.0.0;2026-08-15T20:32:20.105823+00:00;;;0.5;;;;df5f83e297a13eeae39b2e1f1dbd5406444f81410152159c587f50b5aaa37401;;1.0.0;ad877ab42514aeae3e38de1837f67ae37ae64c79ae04542af23baa0830dc9946;
https://skypecas.com.br;finalidade_especificada;nao_aplicavel;0.0;eff21c08-b691-4c4d-a648-8ecec047beb6;aovivo-N2KLW-v1.0.0;1.0.0;2026-08-15T20:32:20.118205+00:00;;;;;;precondicao_nao_satisfeita;;;;;
https://skypecas.com.br;direitos_titular_explicados;nao_aplicavel;0.0;eff21c08-b691-4c4d-a648-8ecec047beb6;aovivo-N2KLW-v1.0.0;1.0.0;2026-08-15T20:32:20.130212+00:00;;;;;;precondicao_nao_satisfeita;;;;;
https://skypecas.com.br;transf_internacional_divulgada;nao_aplicavel;0.0;eff21c08-b691-4c4d-a648-8ecec047beb6;aovivo-N2KLW-v1.0.0;1.0.0;2026-08-15T20:32:20.142849+00:00;;;;;;precondicao_nao_satisfeita;;;;;
https://moviecom.com.br;tem_banner_cookies;false;0.95;eff21c08-b691-4c4d-a648-8ecec047beb6;aovivo-N2KLW-v1.0.0;0.3.1;2026-08-15T20:32:29.603359+00:00;;;;;;;;;;;
https://moviecom.com.br;tem_politica_privacidade;false;0.95;eff21c08-b691-4c4d-a648-8ecec047beb6;aovivo-N2KLW-v1.0.0;0.2.1;2026-08-15T20:32:29.616907+00:00;;;;;;;;;;;
https://moviecom.com.br;tem_canal_titular;false;0.082157;eff21c08-b691-4c4d-a648-8ecec047beb6;aovivo-N2KLW-v1.0.0;1.0.0;2026-08-15T20:32:29.637701+00:00;;;0.5;;;;df5f83e297a13eeae39b2e1f1dbd5406444f81410152159c587f50b5aaa37401;;1.0.0;ad877ab42514aeae3e38de1837f67ae37ae64c79ae04542af23baa0830dc9946;
https://moviecom.com.br;finalidade_especificada;nao_aplicavel;0.0;eff21c08-b691-4c4d-a648-8ecec047beb6;aovivo-N2KLW-v1.0.0;1.0.0;2026-08-15T20:32:29.650596+00:00;;;;;;precondicao_nao_satisfeita;;;;;
https://moviecom.com.br;direitos_titular_explicados;nao_aplicavel;0.0;eff21c08-b691-4c4d-a648-8ecec047beb6;aovivo-N2KLW-v1.0.0;1.0.0;2026-08-15T20:32:29.659988+00:00;;;;;;precondicao_nao_satisfeita;;;;;
https://moviecom.com.br;transf_internacional_divulgada;nao_aplicavel;0.0;eff21c08-b691-4c4d-a648-8ecec047beb6;aovivo-N2KLW-v1.0.0;1.0.0;2026-08-15T20:32:29.671320+00:00;;;;;;precondicao_nao_satisfeita;;;;;
https://letras.com.br;tem_banner_cookies;false;0.95;eff21c08-b691-4c4d-a648-8ecec047beb6;aovivo-N2KLW-v1.0.0;0.3.1;2026-08-15T20:32:44.256154+00:00;;;;;;;;;;;
https://letras.com.br;tem_politica_privacidade;true;0.95;eff21c08-b691-4c4d-a648-8ecec047beb6;aovivo-N2KLW-v1.0.0;0.2.1;2026-08-15T20:32:44.270979+00:00;;;;;;;;;;;
https://letras.com.br;tem_canal_titular;true;0.646874;eff21c08-b691-4c4d-a648-8ecec047beb6;aovivo-N2KLW-v1.0.0;1.0.0;2026-08-15T20:32:44.441204+00:00;;;0.5;;;;df5f83e297a13eeae39b2e1f1dbd5406444f81410152159c587f50b5aaa37401;;1.0.0;ad877ab42514aeae3e38de1837f67ae37ae64c79ae04542af23baa0830dc9946;
https://letras.com.br;finalidade_especificada;true;0.889467;eff21c08-b691-4c4d-a648-8ecec047beb6;aovivo-N2KLW-v1.0.0;1.0.0;2026-08-15T20:32:44.522789+00:00;42;216;0.07450863272740177;0.4227;false;;cf474b9bf6133dc374e0f0720835da6b8e669a67f3008ae4f970a27db96ae0c0;1.0.0;;cbfafa9326b22da2072cb70afeaa5988fbd98f9f34d1a75bd5440dc37d7a80ef;0.194444
https://letras.com.br;direitos_titular_explicados;true;0.678809;eff21c08-b691-4c4d-a648-8ecec047beb6;aovivo-N2KLW-v1.0.0;1.0.0;2026-08-15T20:32:44.676577+00:00;2;216;0.14620134174763208;0.4227;false;;a2912290b9911114715a7dd0ea2170bea5e349db39b92b12a6e9c12e84f91a01;1.0.0;;cbfafa9326b22da2072cb70afeaa5988fbd98f9f34d1a75bd5440dc37d7a80ef;0.009259
https://letras.com.br;transf_internacional_divulgada;true;0.015118;eff21c08-b691-4c4d-a648-8ecec047beb6;aovivo-N2KLW-v1.0.0;1.0.0;2026-08-15T20:32:44.806857+00:00;1;216;0.008095472917573614;0.4227;false;;ba65b01f76606776b220befc40de2025341f4326ab79e1658bcb3049016c7dff;1.0.0;;cbfafa9326b22da2072cb70afeaa5988fbd98f9f34d1a75bd5440dc37d7a80ef;0.00463
https://brinox.com.br;tem_banner_cookies;false;0.95;eff21c08-b691-4c4d-a648-8ecec047beb6;aovivo-N2KLW-v1.0.0;0.3.1;2026-08-15T20:33:11.991846+00:00;;;;;;;;;;;
https://brinox.com.br;tem_politica_privacidade;true;0.65;eff21c08-b691-4c4d-a648-8ecec047beb6;aovivo-N2KLW-v1.0.0;0.2.1;2026-08-15T20:33:12.026560+00:00;;;;;;;;;;;
https://brinox.com.br;tem_canal_titular;false;0.082157;eff21c08-b691-4c4d-a648-8ecec047beb6;aovivo-N2KLW-v1.0.0;1.0.0;2026-08-15T20:33:12.617645+00:00;;;0.5;;;;df5f83e297a13eeae39b2e1f1dbd5406444f81410152159c587f50b5aaa37401;;1.0.0;ad877ab42514aeae3e38de1837f67ae37ae64c79ae04542af23baa0830dc9946;
https://brinox.com.br;finalidade_especificada;true;0.252707;eff21c08-b691-4c4d-a648-8ecec047beb6;aovivo-N2KLW-v1.0.0;1.0.0;2026-08-15T20:33:12.677271+00:00;5;46;0.07450863272740177;0.3572;false;;cf474b9bf6133dc374e0f0720835da6b8e669a67f3008ae4f970a27db96ae0c0;1.0.0;;cbfafa9326b22da2072cb70afeaa5988fbd98f9f34d1a75bd5440dc37d7a80ef;0.108696
https://brinox.com.br;direitos_titular_explicados;false;0.047349;eff21c08-b691-4c4d-a648-8ecec047beb6;aovivo-N2KLW-v1.0.0;1.0.0;2026-08-15T20:33:12.727805+00:00;0;46;0.14620134174763208;0.3572;false;;a2912290b9911114715a7dd0ea2170bea5e349db39b92b12a6e9c12e84f91a01;1.0.0;;cbfafa9326b22da2072cb70afeaa5988fbd98f9f34d1a75bd5440dc37d7a80ef;0.0
https://brinox.com.br;transf_internacional_divulgada;false;0.004376;eff21c08-b691-4c4d-a648-8ecec047beb6;aovivo-N2KLW-v1.0.0;1.0.0;2026-08-15T20:33:12.777964+00:00;0;46;0.008095472917573614;0.3572;false;;ba65b01f76606776b220befc40de2025341f4326ab79e1658bcb3049016c7dff;1.0.0;;cbfafa9326b22da2072cb70afeaa5988fbd98f9f34d1a75bd5440dc37d7a80ef;0.0
https://pmt.pi.gov.br;tem_banner_cookies;true;0.95;eff21c08-b691-4c4d-a648-8ecec047beb6;aovivo-N2KLW-v1.0.0;0.3.1;2026-08-15T20:33:23.638932+00:00;;;;;;;;;;;
https://pmt.pi.gov.br;tem_politica_privacidade;true;0.95;eff21c08-b691-4c4d-a648-8ecec047beb6;aovivo-N2KLW-v1.0.0;0.2.1;2026-08-15T20:33:23.655441+00:00;;;;;;;;;;;
https://pmt.pi.gov.br;tem_canal_titular;false;0.349347;eff21c08-b691-4c4d-a648-8ecec047beb6;aovivo-N2KLW-v1.0.0;1.0.0;2026-08-15T20:33:23.806959+00:00;;;0.5;;;;df5f83e297a13eeae39b2e1f1dbd5406444f81410152159c587f50b5aaa37401;;1.0.0;ad877ab42514aeae3e38de1837f67ae37ae64c79ae04542af23baa0830dc9946;
https://pmt.pi.gov.br;finalidade_especificada;true;0.510767;eff21c08-b691-4c4d-a648-8ecec047beb6;aovivo-N2KLW-v1.0.0;1.0.0;2026-08-15T20:33:23.855029+00:00;19;76;0.07450863272740177;0.4833;false;;cf474b9bf6133dc374e0f0720835da6b8e669a67f3008ae4f970a27db96ae0c0;1.0.0;;cbfafa9326b22da2072cb70afeaa5988fbd98f9f34d1a75bd5440dc37d7a80ef;0.25
https://pmt.pi.gov.br;direitos_titular_explicados;true;0.902014;eff21c08-b691-4c4d-a648-8ecec047beb6;aovivo-N2KLW-v1.0.0;1.0.0;2026-08-15T20:33:23.888434+00:00;7;76;0.14620134174763208;0.4833;false;;a2912290b9911114715a7dd0ea2170bea5e349db39b92b12a6e9c12e84f91a01;1.0.0;;cbfafa9326b22da2072cb70afeaa5988fbd98f9f34d1a75bd5440dc37d7a80ef;0.092105
https://pmt.pi.gov.br;transf_internacional_divulgada;false;0.007975;eff21c08-b691-4c4d-a648-8ecec047beb6;aovivo-N2KLW-v1.0.0;1.0.0;2026-08-15T20:33:23.909288+00:00;0;76;0.008095472917573614;0.4833;false;;ba65b01f76606776b220befc40de2025341f4326ab79e1658bcb3049016c7dff;1.0.0;;cbfafa9326b22da2072cb70afeaa5988fbd98f9f34d1a75bd5440dc37d7a80ef;0.0
https://valueserver.net.br;tem_banner_cookies;false;0.95;eff21c08-b691-4c4d-a648-8ecec047beb6;aovivo-N2KLW-v1.0.0;0.3.1;2026-08-15T20:33:36.053856+00:00;;;;;;;;;;;
https://valueserver.net.br;tem_politica_privacidade;false;0.95;eff21c08-b691-4c4d-a648-8ecec047beb6;aovivo-N2KLW-v1.0.0;0.2.1;2026-08-15T20:33:36.053856+00:00;;;;;;;;;;;
https://valueserver.net.br;tem_canal_titular;false;0.082157;eff21c08-b691-4c4d-a648-8ecec047beb6;aovivo-N2KLW-v1.0.0;1.0.0;2026-08-15T20:33:36.076107+00:00;;;0.5;;;;df5f83e297a13eeae39b2e1f1dbd5406444f81410152159c587f50b5aaa37401;;1.0.0;ad877ab42514aeae3e38de1837f67ae37ae64c79ae04542af23baa0830dc9946;
https://valueserver.net.br;finalidade_especificada;nao_aplicavel;0.0;eff21c08-b691-4c4d-a648-8ecec047beb6;aovivo-N2KLW-v1.0.0;1.0.0;2026-08-15T20:33:36.084165+00:00;;;;;;precondicao_nao_satisfeita;;;;;
https://valueserver.net.br;direitos_titular_explicados;nao_aplicavel;0.0;eff21c08-b691-4c4d-a648-8ecec047beb6;aovivo-N2KLW-v1.0.0;1.0.0;2026-08-15T20:33:36.099038+00:00;;;;;;precondicao_nao_satisfeita;;;;;
https://valueserver.net.br;transf_internacional_divulgada;nao_aplicavel;0.0;eff21c08-b691-4c4d-a648-8ecec047beb6;aovivo-N2KLW-v1.0.0;1.0.0;2026-08-15T20:33:36.107934+00:00;;;;;;precondicao_nao_satisfeita;;;;;
https://fia.com.br;tem_banner_cookies;false;0.95;eff21c08-b691-4c4d-a648-8ecec047beb6;aovivo-N2KLW-v1.0.0;0.3.1;2026-08-15T20:33:55.215681+00:00;;;;;;;;;;;
https://fia.com.br;tem_politica_privacidade;false;0.95;eff21c08-b691-4c4d-a648-8ecec047beb6;aovivo-N2KLW-v1.0.0;0.2.1;2026-08-15T20:33:55.246106+00:00;;;;;;;;;;;
https://fia.com.br;tem_canal_titular;false;0.082157;eff21c08-b691-4c4d-a648-8ecec047beb6;aovivo-N2KLW-v1.0.0;1.0.0;2026-08-15T20:33:55.638621+00:00;;;0.5;;;;df5f83e297a13eeae39b2e1f1dbd5406444f81410152159c587f50b5aaa37401;;1.0.0;ad877ab42514aeae3e38de1837f67ae37ae64c79ae04542af23baa0830dc9946;
https://fia.com.br;finalidade_especificada;nao_aplicavel;0.0;eff21c08-b691-4c4d-a648-8ecec047beb6;aovivo-N2KLW-v1.0.0;1.0.0;2026-08-15T20:33:55.660069+00:00;;;;;;precondicao_nao_satisfeita;;;;;
https://fia.com.br;direitos_titular_explicados;nao_aplicavel;0.0;eff21c08-b691-4c4d-a648-8ecec047beb6;aovivo-N2KLW-v1.0.0;1.0.0;2026-08-15T20:33:55.672116+00:00;;;;;;precondicao_nao_satisfeita;;;;;
https://fia.com.br;transf_internacional_divulgada;nao_aplicavel;0.0;eff21c08-b691-4c4d-a648-8ecec047beb6;aovivo-N2KLW-v1.0.0;1.0.0;2026-08-15T20:33:55.681914+00:00;;;;;;precondicao_nao_satisfeita;;;;;
https://rd.com.br;tem_banner_cookies;true;0.95;eff21c08-b691-4c4d-a648-8ecec047beb6;aovivo-N2KLW-v1.0.0;0.3.1;2026-08-15T20:34:15.509038+00:00;;;;;;;;;;;
https://rd.com.br;tem_politica_privacidade;true;0.95;eff21c08-b691-4c4d-a648-8ecec047beb6;aovivo-N2KLW-v1.0.0;0.2.1;2026-08-15T20:34:15.527511+00:00;;;;;;;;;;;
https://rd.com.br;tem_canal_titular;true;0.99986;eff21c08-b691-4c4d-a648-8ecec047beb6;aovivo-N2KLW-v1.0.0;1.0.0;2026-08-15T20:34:15.969537+00:00;;;0.5;;;;df5f83e297a13eeae39b2e1f1dbd5406444f81410152159c587f50b5aaa37401;;1.0.0;ad877ab42514aeae3e38de1837f67ae37ae64c79ae04542af23baa0830dc9946;
https://rd.com.br;finalidade_especificada;true;0.770505;eff21c08-b691-4c4d-a648-8ecec047beb6;aovivo-N2KLW-v1.0.0;1.0.0;2026-08-15T20:34:16.100954+00:00;91;320;0.07450863272740177;0.4671;false;;cf474b9bf6133dc374e0f0720835da6b8e669a67f3008ae4f970a27db96ae0c0;1.0.0;;cbfafa9326b22da2072cb70afeaa5988fbd98f9f34d1a75bd5440dc37d7a80ef;0.284375
https://rd.com.br;direitos_titular_explicados;true;0.888305;eff21c08-b691-4c4d-a648-8ecec047beb6;aovivo-N2KLW-v1.0.0;1.0.0;2026-08-15T20:34:16.220299+00:00;14;320;0.14620134174763208;0.4671;false;;a2912290b9911114715a7dd0ea2170bea5e349db39b92b12a6e9c12e84f91a01;1.0.0;;cbfafa9326b22da2072cb70afeaa5988fbd98f9f34d1a75bd5440dc37d7a80ef;0.04375
https://rd.com.br;transf_internacional_divulgada;true;0.282403;eff21c08-b691-4c4d-a648-8ecec047beb6;aovivo-N2KLW-v1.0.0;1.0.0;2026-08-15T20:34:16.355452+00:00;2;320;0.008095472917573614;0.4671;false;;ba65b01f76606776b220befc40de2025341f4326ab79e1658bcb3049016c7dff;1.0.0;;cbfafa9326b22da2072cb70afeaa5988fbd98f9f34d1a75bd5440dc37d7a80ef;0.00625
https://prospin.com.br;tem_banner_cookies;false;0.95;eff21c08-b691-4c4d-a648-8ecec047beb6;aovivo-N2KLW-v1.0.0;0.3.1;2026-08-15T20:35:01.026065+00:00;;;;;;;;;;;
https://prospin.com.br;tem_politica_privacidade;false;0.95;eff21c08-b691-4c4d-a648-8ecec047beb6;aovivo-N2KLW-v1.0.0;0.2.1;2026-08-15T20:35:01.037809+00:00;;;;;;;;;;;
https://prospin.com.br;tem_canal_titular;false;0.082157;eff21c08-b691-4c4d-a648-8ecec047beb6;aovivo-N2KLW-v1.0.0;1.0.0;2026-08-15T20:35:01.048234+00:00;;;0.5;;;;df5f83e297a13eeae39b2e1f1dbd5406444f81410152159c587f50b5aaa37401;;1.0.0;ad877ab42514aeae3e38de1837f67ae37ae64c79ae04542af23baa0830dc9946;
https://prospin.com.br;finalidade_especificada;nao_aplicavel;0.0;eff21c08-b691-4c4d-a648-8ecec047beb6;aovivo-N2KLW-v1.0.0;1.0.0;2026-08-15T20:35:01.061389+00:00;;;;;;precondicao_nao_satisfeita;;;;;
https://prospin.com.br;direitos_titular_explicados;nao_aplicavel;0.0;eff21c08-b691-4c4d-a648-8ecec047beb6;aovivo-N2KLW-v1.0.0;1.0.0;2026-08-15T20:35:01.066934+00:00;;;;;;precondicao_nao_satisfeita;;;;;
https://prospin.com.br;transf_internacional_divulgada;nao_aplicavel;0.0;eff21c08-b691-4c4d-a648-8ecec047beb6;aovivo-N2KLW-v1.0.0;1.0.0;2026-08-15T20:35:01.083994+00:00;;;;;;precondicao_nao_satisfeita;;;;;
https://ecuro.com.br;tem_banner_cookies;false;0.95;eff21c08-b691-4c4d-a648-8ecec047beb6;aovivo-N2KLW-v1.0.0;0.3.1;2026-08-15T20:35:13.136659+00:00;;;;;;;;;;;
https://ecuro.com.br;tem_politica_privacidade;false;0.95;eff21c08-b691-4c4d-a648-8ecec047beb6;aovivo-N2KLW-v1.0.0;0.2.1;2026-08-15T20:35:13.147688+00:00;;;;;;;;;;;
https://ecuro.com.br;tem_canal_titular;false;0.082157;eff21c08-b691-4c4d-a648-8ecec047beb6;aovivo-N2KLW-v1.0.0;1.0.0;2026-08-15T20:35:13.159324+00:00;;;0.5;;;;df5f83e297a13eeae39b2e1f1dbd5406444f81410152159c587f50b5aaa37401;;1.0.0;ad877ab42514aeae3e38de1837f67ae37ae64c79ae04542af23baa0830dc9946;
https://ecuro.com.br;finalidade_especificada;nao_aplicavel;0.0;eff21c08-b691-4c4d-a648-8ecec047beb6;aovivo-N2KLW-v1.0.0;1.0.0;2026-08-15T20:35:13.174451+00:00;;;;;;precondicao_nao_satisfeita;;;;;
https://ecuro.com.br;direitos_titular_explicados;nao_aplicavel;0.0;eff21c08-b691-4c4d-a648-8ecec047beb6;aovivo-N2KLW-v1.0.0;1.0.0;2026-08-15T20:35:13.184866+00:00;;;;;;precondicao_nao_satisfeita;;;;;
https://ecuro.com.br;transf_internacional_divulgada;nao_aplicavel;0.0;eff21c08-b691-4c4d-a648-8ecec047beb6;aovivo-N2KLW-v1.0.0;1.0.0;2026-08-15T20:35:13.194591+00:00;;;;;;precondicao_nao_satisfeita;;;;;
https://linkcorreios.com.br;tem_banner_cookies;false;0.95;eff21c08-b691-4c4d-a648-8ecec047beb6;aovivo-N2KLW-v1.0.0;0.3.1;2026-08-15T20:35:50.524561+00:00;;;;;;;;;;;
https://linkcorreios.com.br;tem_politica_privacidade;true;0.65;eff21c08-b691-4c4d-a648-8ecec047beb6;aovivo-N2KLW-v1.0.0;0.2.1;2026-08-15T20:35:50.543009+00:00;;;;;;;;;;;
https://linkcorreios.com.br;tem_canal_titular;false;0.082157;eff21c08-b691-4c4d-a648-8ecec047beb6;aovivo-N2KLW-v1.0.0;1.0.0;2026-08-15T20:35:50.819622+00:00;;;0.5;;;;df5f83e297a13eeae39b2e1f1dbd5406444f81410152159c587f50b5aaa37401;;1.0.0;ad877ab42514aeae3e38de1837f67ae37ae64c79ae04542af23baa0830dc9946;
https://linkcorreios.com.br;finalidade_especificada;true;0.93357;eff21c08-b691-4c4d-a648-8ecec047beb6;aovivo-N2KLW-v1.0.0;1.0.0;2026-08-15T20:35:50.851017+00:00;14;60;0.07450863272740177;0.4693;false;;cf474b9bf6133dc374e0f0720835da6b8e669a67f3008ae4f970a27db96ae0c0;1.0.0;;cbfafa9326b22da2072cb70afeaa5988fbd98f9f34d1a75bd5440dc37d7a80ef;0.233333
https://linkcorreios.com.br;direitos_titular_explicados;false;0.03108;eff21c08-b691-4c4d-a648-8ecec047beb6;aovivo-N2KLW-v1.0.0;1.0.0;2026-08-15T20:35:50.892367+00:00;0;60;0.14620134174763208;0.4693;false;;a2912290b9911114715a7dd0ea2170bea5e349db39b92b12a6e9c12e84f91a01;1.0.0;;cbfafa9326b22da2072cb70afeaa5988fbd98f9f34d1a75bd5440dc37d7a80ef;0.0
https://linkcorreios.com.br;transf_internacional_divulgada;false;0.000806;eff21c08-b691-4c4d-a648-8ecec047beb6;aovivo-N2KLW-v1.0.0;1.0.0;2026-08-15T20:35:50.925157+00:00;0;60;0.008095472917573614;0.4693;false;;ba65b01f76606776b220befc40de2025341f4326ab79e1658bcb3049016c7dff;1.0.0;;cbfafa9326b22da2072cb70afeaa5988fbd98f9f34d1a75bd5440dc37d7a80ef;0.0
https://singulare.com.br;tem_banner_cookies;false;0.95;eff21c08-b691-4c4d-a648-8ecec047beb6;aovivo-N2KLW-v1.0.0;0.3.1;2026-08-15T20:36:13.265272+00:00;;;;;;;;;;;
https://singulare.com.br;tem_politica_privacidade;false;0.95;eff21c08-b691-4c4d-a648-8ecec047beb6;aovivo-N2KLW-v1.0.0;0.2.1;2026-08-15T20:36:13.285732+00:00;;;;;;;;;;;
https://singulare.com.br;tem_canal_titular;false;0.082157;eff21c08-b691-4c4d-a648-8ecec047beb6;aovivo-N2KLW-v1.0.0;1.0.0;2026-08-15T20:36:13.601546+00:00;;;0.5;;;;df5f83e297a13eeae39b2e1f1dbd5406444f81410152159c587f50b5aaa37401;;1.0.0;ad877ab42514aeae3e38de1837f67ae37ae64c79ae04542af23baa0830dc9946;
https://singulare.com.br;finalidade_especificada;nao_aplicavel;0.0;eff21c08-b691-4c4d-a648-8ecec047beb6;aovivo-N2KLW-v1.0.0;1.0.0;2026-08-15T20:36:13.616545+00:00;;;;;;precondicao_nao_satisfeita;;;;;
https://singulare.com.br;direitos_titular_explicados;nao_aplicavel;0.0;eff21c08-b691-4c4d-a648-8ecec047beb6;aovivo-N2KLW-v1.0.0;1.0.0;2026-08-15T20:36:13.632132+00:00;;;;;;precondicao_nao_satisfeita;;;;;
https://singulare.com.br;transf_internacional_divulgada;nao_aplicavel;0.0;eff21c08-b691-4c4d-a648-8ecec047beb6;aovivo-N2KLW-v1.0.0;1.0.0;2026-08-15T20:36:13.632986+00:00;;;;;;precondicao_nao_satisfeita;;;;;
https://upp.com.br;tem_banner_cookies;false;0.95;eff21c08-b691-4c4d-a648-8ecec047beb6;aovivo-N2KLW-v1.0.0;0.3.1;2026-08-15T20:36:35.375025+00:00;;;;;;;;;;;
https://upp.com.br;tem_politica_privacidade;true;0.95;eff21c08-b691-4c4d-a648-8ecec047beb6;aovivo-N2KLW-v1.0.0;0.2.1;2026-08-15T20:36:35.383589+00:00;;;;;;;;;;;
https://upp.com.br;tem_canal_titular;true;0.99395;eff21c08-b691-4c4d-a648-8ecec047beb6;aovivo-N2KLW-v1.0.0;1.0.0;2026-08-15T20:36:35.623446+00:00;;;0.5;;;;df5f83e297a13eeae39b2e1f1dbd5406444f81410152159c587f50b5aaa37401;;1.0.0;ad877ab42514aeae3e38de1837f67ae37ae64c79ae04542af23baa0830dc9946;
https://upp.com.br;finalidade_especificada;true;0.873241;eff21c08-b691-4c4d-a648-8ecec047beb6;aovivo-N2KLW-v1.0.0;1.0.0;2026-08-15T20:36:35.803779+00:00;112;423;0.07450863272740177;0.4309;false;;cf474b9bf6133dc374e0f0720835da6b8e669a67f3008ae4f970a27db96ae0c0;1.0.0;;cbfafa9326b22da2072cb70afeaa5988fbd98f9f34d1a75bd5440dc37d7a80ef;0.264775
https://upp.com.br;direitos_titular_explicados;true;0.932272;eff21c08-b691-4c4d-a648-8ecec047beb6;aovivo-N2KLW-v1.0.0;1.0.0;2026-08-15T20:36:36.005675+00:00;20;423;0.14620134174763208;0.4309;false;;a2912290b9911114715a7dd0ea2170bea5e349db39b92b12a6e9c12e84f91a01;1.0.0;;cbfafa9326b22da2072cb70afeaa5988fbd98f9f34d1a75bd5440dc37d7a80ef;0.047281
https://upp.com.br;transf_internacional_divulgada;true;0.914509;eff21c08-b691-4c4d-a648-8ecec047beb6;aovivo-N2KLW-v1.0.0;1.0.0;2026-08-15T20:36:36.199040+00:00;4;423;0.008095472917573614;0.4309;false;;ba65b01f76606776b220befc40de2025341f4326ab79e1658bcb3049016c7dff;1.0.0;;cbfafa9326b22da2072cb70afeaa5988fbd98f9f34d1a75bd5440dc37d7a80ef;0.009456
https://diariodoestadogo.com.br;tem_banner_cookies;false;0.95;eff21c08-b691-4c4d-a648-8ecec047beb6;aovivo-N2KLW-v1.0.0;0.3.1;2026-08-15T20:37:16.738848+00:00;;;;;;;;;;;
https://diariodoestadogo.com.br;tem_politica_privacidade;true;0.65;eff21c08-b691-4c4d-a648-8ecec047beb6;aovivo-N2KLW-v1.0.0;0.2.1;2026-08-15T20:37:16.769440+00:00;;;;;;;;;;;
https://diariodoestadogo.com.br;tem_canal_titular;false;0.233946;eff21c08-b691-4c4d-a648-8ecec047beb6;aovivo-N2KLW-v1.0.0;1.0.0;2026-08-15T20:37:17.273015+00:00;;;0.5;;;;df5f83e297a13eeae39b2e1f1dbd5406444f81410152159c587f50b5aaa37401;;1.0.0;ad877ab42514aeae3e38de1837f67ae37ae64c79ae04542af23baa0830dc9946;
https://diariodoestadogo.com.br;finalidade_especificada;true;0.875696;eff21c08-b691-4c4d-a648-8ecec047beb6;aovivo-N2KLW-v1.0.0;1.0.0;2026-08-15T20:37:17.372249+00:00;16;59;0.07450863272740177;0.3612;false;;cf474b9bf6133dc374e0f0720835da6b8e669a67f3008ae4f970a27db96ae0c0;1.0.0;;cbfafa9326b22da2072cb70afeaa5988fbd98f9f34d1a75bd5440dc37d7a80ef;0.271186
https://diariodoestadogo.com.br;direitos_titular_explicados;true;0.172811;eff21c08-b691-4c4d-a648-8ecec047beb6;aovivo-N2KLW-v1.0.0;1.0.0;2026-08-15T20:37:17.472136+00:00;1;59;0.14620134174763208;0.3612;false;;a2912290b9911114715a7dd0ea2170bea5e349db39b92b12a6e9c12e84f91a01;1.0.0;;cbfafa9326b22da2072cb70afeaa5988fbd98f9f34d1a75bd5440dc37d7a80ef;0.016949
https://diariodoestadogo.com.br;transf_internacional_divulgada;false;0.003791;eff21c08-b691-4c4d-a648-8ecec047beb6;aovivo-N2KLW-v1.0.0;1.0.0;2026-08-15T20:37:17.546172+00:00;0;59;0.008095472917573614;0.3612;false;;ba65b01f76606776b220befc40de2025341f4326ab79e1658bcb3049016c7dff;1.0.0;;cbfafa9326b22da2072cb70afeaa5988fbd98f9f34d1a75bd5440dc37d7a80ef;0.0
https://gooroocredito.com.br;tem_banner_cookies;false;0.95;eff21c08-b691-4c4d-a648-8ecec047beb6;aovivo-N2KLW-v1.0.0;0.3.1;2026-08-15T20:38:05.488647+00:00;;;;;;;;;;;
https://gooroocredito.com.br;tem_politica_privacidade;false;0.95;eff21c08-b691-4c4d-a648-8ecec047beb6;aovivo-N2KLW-v1.0.0;0.2.1;2026-08-15T20:38:05.500228+00:00;;;;;;;;;;;
https://gooroocredito.com.br;tem_canal_titular;false;0.082157;eff21c08-b691-4c4d-a648-8ecec047beb6;aovivo-N2KLW-v1.0.0;1.0.0;2026-08-15T20:38:05.513179+00:00;;;0.5;;;;df5f83e297a13eeae39b2e1f1dbd5406444f81410152159c587f50b5aaa37401;;1.0.0;ad877ab42514aeae3e38de1837f67ae37ae64c79ae04542af23baa0830dc9946;
https://gooroocredito.com.br;finalidade_especificada;nao_aplicavel;0.0;eff21c08-b691-4c4d-a648-8ecec047beb6;aovivo-N2KLW-v1.0.0;1.0.0;2026-08-15T20:38:05.524427+00:00;;;;;;precondicao_nao_satisfeita;;;;;
https://gooroocredito.com.br;direitos_titular_explicados;nao_aplicavel;0.0;eff21c08-b691-4c4d-a648-8ecec047beb6;aovivo-N2KLW-v1.0.0;1.0.0;2026-08-15T20:38:05.535777+00:00;;;;;;precondicao_nao_satisfeita;;;;;
https://gooroocredito.com.br;transf_internacional_divulgada;nao_aplicavel;0.0;eff21c08-b691-4c4d-a648-8ecec047beb6;aovivo-N2KLW-v1.0.0;1.0.0;2026-08-15T20:38:05.545533+00:00;;;;;;precondicao_nao_satisfeita;;;;;
https://liberdadenews.com.br;tem_banner_cookies;false;0.95;eff21c08-b691-4c4d-a648-8ecec047beb6;aovivo-N2KLW-v1.0.0;0.3.1;2026-08-15T20:38:18.927934+00:00;;;;;;;;;;;
https://liberdadenews.com.br;tem_politica_privacidade;false;0.95;eff21c08-b691-4c4d-a648-8ecec047beb6;aovivo-N2KLW-v1.0.0;0.2.1;2026-08-15T20:38:18.934907+00:00;;;;;;;;;;;
https://liberdadenews.com.br;tem_canal_titular;false;0.082157;eff21c08-b691-4c4d-a648-8ecec047beb6;aovivo-N2KLW-v1.0.0;1.0.0;2026-08-15T20:38:19.303385+00:00;;;0.5;;;;df5f83e297a13eeae39b2e1f1dbd5406444f81410152159c587f50b5aaa37401;;1.0.0;ad877ab42514aeae3e38de1837f67ae37ae64c79ae04542af23baa0830dc9946;
https://liberdadenews.com.br;finalidade_especificada;nao_aplicavel;0.0;eff21c08-b691-4c4d-a648-8ecec047beb6;aovivo-N2KLW-v1.0.0;1.0.0;2026-08-15T20:38:19.319068+00:00;;;;;;precondicao_nao_satisfeita;;;;;
https://liberdadenews.com.br;direitos_titular_explicados;nao_aplicavel;0.0;eff21c08-b691-4c4d-a648-8ecec047beb6;aovivo-N2KLW-v1.0.0;1.0.0;2026-08-15T20:38:19.333070+00:00;;;;;;precondicao_nao_satisfeita;;;;;
https://liberdadenews.com.br;transf_internacional_divulgada;nao_aplicavel;0.0;eff21c08-b691-4c4d-a648-8ecec047beb6;aovivo-N2KLW-v1.0.0;1.0.0;2026-08-15T20:38:19.341942+00:00;;;;;;precondicao_nao_satisfeita;;;;;
https://invictus.com.br;tem_banner_cookies;true;0.65;eff21c08-b691-4c4d-a648-8ecec047beb6;aovivo-N2KLW-v1.0.0;0.3.1;2026-08-15T20:39:11.107398+00:00;;;;;;;;;;;
https://invictus.com.br;tem_politica_privacidade;true;0.95;eff21c08-b691-4c4d-a648-8ecec047beb6;aovivo-N2KLW-v1.0.0;0.2.1;2026-08-15T20:39:11.131946+00:00;;;;;;;;;;;
https://invictus.com.br;tem_canal_titular;true;0.875363;eff21c08-b691-4c4d-a648-8ecec047beb6;aovivo-N2KLW-v1.0.0;1.0.0;2026-08-15T20:39:11.602549+00:00;;;0.5;;;;df5f83e297a13eeae39b2e1f1dbd5406444f81410152159c587f50b5aaa37401;;1.0.0;ad877ab42514aeae3e38de1837f67ae37ae64c79ae04542af23baa0830dc9946;
https://invictus.com.br;finalidade_especificada;true;0.73655;eff21c08-b691-4c4d-a648-8ecec047beb6;aovivo-N2KLW-v1.0.0;1.0.0;2026-08-15T20:39:11.749819+00:00;73;284;0.07450863272740177;0.4346;false;;cf474b9bf6133dc374e0f0720835da6b8e669a67f3008ae4f970a27db96ae0c0;1.0.0;;cbfafa9326b22da2072cb70afeaa5988fbd98f9f34d1a75bd5440dc37d7a80ef;0.257042
https://invictus.com.br;direitos_titular_explicados;true;0.794562;eff21c08-b691-4c4d-a648-8ecec047beb6;aovivo-N2KLW-v1.0.0;1.0.0;2026-08-15T20:39:11.898549+00:00;12;284;0.14620134174763208;0.4346;false;;a2912290b9911114715a7dd0ea2170bea5e349db39b92b12a6e9c12e84f91a01;1.0.0;;cbfafa9326b22da2072cb70afeaa5988fbd98f9f34d1a75bd5440dc37d7a80ef;0.042254
https://invictus.com.br;transf_internacional_divulgada;true;0.637283;eff21c08-b691-4c4d-a648-8ecec047beb6;aovivo-N2KLW-v1.0.0;1.0.0;2026-08-15T20:39:12.096287+00:00;5;284;0.008095472917573614;0.4346;false;;ba65b01f76606776b220befc40de2025341f4326ab79e1658bcb3049016c7dff;1.0.0;;cbfafa9326b22da2072cb70afeaa5988fbd98f9f34d1a75bd5440dc37d7a80ef;0.017606
https://peer-1.com.br;tem_banner_cookies;false;0.95;eff21c08-b691-4c4d-a648-8ecec047beb6;aovivo-N2KLW-v1.0.0;0.3.1;2026-08-15T20:40:03.195898+00:00;;;;;;;;;;;
https://peer-1.com.br;tem_politica_privacidade;false;0.95;eff21c08-b691-4c4d-a648-8ecec047beb6;aovivo-N2KLW-v1.0.0;0.2.1;2026-08-15T20:40:03.207565+00:00;;;;;;;;;;;
https://peer-1.com.br;tem_canal_titular;false;0.082157;eff21c08-b691-4c4d-a648-8ecec047beb6;aovivo-N2KLW-v1.0.0;1.0.0;2026-08-15T20:40:03.307112+00:00;;;0.5;;;;df5f83e297a13eeae39b2e1f1dbd5406444f81410152159c587f50b5aaa37401;;1.0.0;ad877ab42514aeae3e38de1837f67ae37ae64c79ae04542af23baa0830dc9946;
https://peer-1.com.br;finalidade_especificada;nao_aplicavel;0.0;eff21c08-b691-4c4d-a648-8ecec047beb6;aovivo-N2KLW-v1.0.0;1.0.0;2026-08-15T20:40:03.321135+00:00;;;;;;precondicao_nao_satisfeita;;;;;
https://peer-1.com.br;direitos_titular_explicados;nao_aplicavel;0.0;eff21c08-b691-4c4d-a648-8ecec047beb6;aovivo-N2KLW-v1.0.0;1.0.0;2026-08-15T20:40:03.332758+00:00;;;;;;precondicao_nao_satisfeita;;;;;
https://peer-1.com.br;transf_internacional_divulgada;nao_aplicavel;0.0;eff21c08-b691-4c4d-a648-8ecec047beb6;aovivo-N2KLW-v1.0.0;1.0.0;2026-08-15T20:40:03.339162+00:00;;;;;;precondicao_nao_satisfeita;;;;;
