variavel;site_id;segmento_id;y;regra;pred;prob
finalidade;iclin.med.br;1;0;0;0;0.027501
finalidade;iclin.med.br;4;0;0;0;0.003880
finalidade;iclin.med.br;5;0;0;0;0.003697
finalidade;iclin.med.br;6;0;0;0;0.005993
finalidade;iclin.med.br;7;0;1;0;0.040137
finalidade;iclin.med.br;8;0;1;0;0.016147
finalidade;iclin.med.br;9;0;0;0;0.004790
finalidade;iclin.med.br;10;0;0;0;0.009936
finalidade;iclin.med.br;11;0;1;0;0.038649
finalidade;iclin.med.br;12;0;0;0;0.008073
finalidade;iclin.med.br;13;0;0;0;0.012064
finalidade;iclin.med.br;14;0;0;0;0.018265
finalidade;iclin.med.br;15;0;0;0;0.005310
finalidade;iclin.med.br;16;0;0;0;0.003177
finalidade;iclin.med.br;17;0;0;0;0.003206
finalidade;iclin.med.br;18;0;0;0;0.001361
finalidade;iclin.med.br;20;0;0;0;0.012318
finalidade;iclin.med.br;21;0;0;0;0.005645
finalidade;iclin.med.br;22;0;0;0;0.061240
finalidade;iclin.med.br;23;0;0;0;0.021561
finalidade;iclin.med.br;24;0;0;0;0.005484
finalidade;iclin.med.br;25;0;0;0;0.013279
finalidade;iclin.med.br;26;0;0;0;0.029771
finalidade;iclin.med.br;27;0;0;0;0.002955
finalidade;iclin.med.br;28;0;0;0;0.008044
finalidade;iclin.med.br;29;1;0;0;0.066399
finalidade;iclin.med.br;30;1;0;0;0.029487
finalidade;iclin.med.br;31;1;1;1;0.452717
finalidade;iclin.med.br;32;1;1;1;0.424884
finalidade;iclin.med.br;33;1;1;1;0.521198
finalidade;iclin.med.br;34;1;0;1;0.160975
finalidade;iclin.med.br;35;0;0;0;0.011704
finalidade;iclin.med.br;36;0;1;0;0.073735
finalidade;iclin.med.br;37;0;1;0;0.097698
finalidade;iclin.med.br;38;0;1;0;0.013697
finalidade;iclin.med.br;39;0;1;0;0.067150
finalidade;iclin.med.br;40;0;0;0;0.007015
finalidade;iclin.med.br;41;0;0;0;0.027481
finalidade;iclin.med.br;42;0;0;0;0.011506
finalidade;iclin.med.br;45;0;0;0;0.064788
finalidade;iclin.med.br;46;0;0;0;0.019516
finalidade;iclin.med.br;47;0;0;0;0.013896
finalidade;acontecendoaqui.com.br;26;0;0;0;0.010736
finalidade;acontecendoaqui.com.br;27;0;0;0;0.001073
finalidade;acontecendoaqui.com.br;28;0;0;0;0.024681
finalidade;acontecendoaqui.com.br;29;0;0;0;0.047775
finalidade;acontecendoaqui.com.br;30;0;0;0;0.092479
finalidade;acontecendoaqui.com.br;31;0;0;0;0.051159
finalidade;acontecendoaqui.com.br;32;0;0;0;0.038069
finalidade;acontecendoaqui.com.br;33;0;0;0;0.012700
finalidade;acontecendoaqui.com.br;34;0;0;0;0.035772
finalidade;acontecendoaqui.com.br;36;0;0;0;0.020075
finalidade;acontecendoaqui.com.br;37;0;0;0;0.015201
finalidade;acontecendoaqui.com.br;38;0;0;0;0.035456
finalidade;acontecendoaqui.com.br;39;0;0;1;0.172548
finalidade;acontecendoaqui.com.br;40;0;0;0;0.017066
finalidade;acontecendoaqui.com.br;42;1;1;1;0.121371
finalidade;acontecendoaqui.com.br;43;0;0;0;0.018340
finalidade;acontecendoaqui.com.br;45;1;1;0;0.049447
finalidade;acontecendoaqui.com.br;46;1;1;1;0.600426
finalidade;acontecendoaqui.com.br;48;0;0;0;0.027324
finalidade;acontecendoaqui.com.br;49;0;0;0;0.072894
finalidade;acontecendoaqui.com.br;50;0;0;0;0.039929
finalidade;acontecendoaqui.com.br;51;0;0;0;0.036251
finalidade;acontecendoaqui.com.br;52;0;0;0;0.062784
finalidade;acontecendoaqui.com.br;53;0;0;0;0.010655
finalidade;acontecendoaqui.com.br;54;0;0;0;0.005470
finalidade;acontecendoaqui.com.br;55;0;0;0;0.008580
finalidade;acontecendoaqui.com.br;56;0;0;0;0.004553
finalidade;acontecendoaqui.com.br;57;0;0;0;0.014073
finalidade;acontecendoaqui.com.br;58;0;0;0;0.012314
finalidade;acontecendoaqui.com.br;59;0;0;0;0.024496
finalidade;acontecendoaqui.com.br;60;0;0;0;0.013422
finalidade;acontecendoaqui.com.br;61;0;0;0;0.032240
finalidade;acontecendoaqui.com.br;62;0;0;0;0.005474
finalidade;acontecendoaqui.com.br;63;0;0;0;0.018300
finalidade;acontecendoaqui.com.br;65;0;0;0;0.051773
finalidade;acontecendoaqui.com.br;66;0;0;0;0.003361
finalidade;acontecendoaqui.com.br;67;0;0;0;0.010776
finalidade;acontecendoaqui.com.br;69;0;0;0;0.013796
finalidade;acontecendoaqui.com.br;70;0;0;0;0.021545
finalidade;acontecendoaqui.com.br;71;0;0;0;0.014113
finalidade;acontecendoaqui.com.br;72;0;0;0;0.014728
finalidade;acontecendoaqui.com.br;73;0;0;0;0.011345
finalidade;acontecendoaqui.com.br;74;0;0;0;0.048006
finalidade;acontecendoaqui.com.br;75;0;0;0;0.056370
finalidade;acontecendoaqui.com.br;76;0;0;0;0.026485
finalidade;acontecendoaqui.com.br;77;0;0;0;0.010664
finalidade;acontecendoaqui.com.br;78;0;0;0;0.001266
finalidade;acontecendoaqui.com.br;79;0;0;0;0.003588
finalidade;acontecendoaqui.com.br;81;0;0;0;0.002460
finalidade;acontecendoaqui.com.br;82;0;0;0;0.006142
finalidade;acontecendoaqui.com.br;95;0;0;1;0.193711
finalidade;acontecendoaqui.com.br;96;0;0;0;0.002360
finalidade;acontecendoaqui.com.br;97;0;0;0;0.006739
finalidade;primeirainfanciaemdados.org.br;5;0;0;0;0.013348
finalidade;primeirainfanciaemdados.org.br;12;0;0;0;0.052337
finalidade;primeirainfanciaemdados.org.br;24;0;0;0;0.027245
finalidade;primeirainfanciaemdados.org.br;25;0;0;0;0.003211
finalidade;primeirainfanciaemdados.org.br;26;0;0;0;0.000693
finalidade;primeirainfanciaemdados.org.br;27;0;0;0;0.002476
finalidade;primeirainfanciaemdados.org.br;28;0;0;0;0.007828
finalidade;primeirainfanciaemdados.org.br;29;0;0;0;0.012429
finalidade;primeirainfanciaemdados.org.br;30;0;0;0;0.015451
finalidade;primeirainfanciaemdados.org.br;31;0;0;0;0.006948
finalidade;primeirainfanciaemdados.org.br;32;0;0;0;0.018377
finalidade;primeirainfanciaemdados.org.br;33;0;0;0;0.005167
finalidade;primeirainfanciaemdados.org.br;34;0;0;0;0.032500
finalidade;primeirainfanciaemdados.org.br;37;0;0;0;0.024916
finalidade;primeirainfanciaemdados.org.br;38;0;0;0;0.058681
finalidade;primeirainfanciaemdados.org.br;39;0;0;0;0.031176
finalidade;primeirainfanciaemdados.org.br;40;1;1;1;0.300693
finalidade;primeirainfanciaemdados.org.br;41;0;0;0;0.006002
finalidade;primeirainfanciaemdados.org.br;42;0;0;1;0.131755
finalidade;primeirainfanciaemdados.org.br;45;0;0;0;0.033057
finalidade;primeirainfanciaemdados.org.br;46;0;0;0;0.010646
finalidade;primeirainfanciaemdados.org.br;47;0;0;0;0.006796
finalidade;primeirainfanciaemdados.org.br;48;0;0;0;0.010740
finalidade;primeirainfanciaemdados.org.br;50;0;0;0;0.002391
finalidade;primeirainfanciaemdados.org.br;51;0;0;0;0.006838
finalidade;primeirainfanciaemdados.org.br;52;0;1;0;0.036678
finalidade;primeirainfanciaemdados.org.br;54;0;0;1;0.319347
finalidade;primeirainfanciaemdados.org.br;56;0;0;0;0.007965
finalidade;primeirainfanciaemdados.org.br;57;1;1;1;0.436513
finalidade;primeirainfanciaemdados.org.br;58;1;1;1;0.691228
finalidade;primeirainfanciaemdados.org.br;60;0;0;0;0.025335
finalidade;primeirainfanciaemdados.org.br;61;0;0;0;0.020958
finalidade;primeirainfanciaemdados.org.br;62;1;0;1;0.879155
finalidade;primeirainfanciaemdados.org.br;63;0;0;0;0.074487
finalidade;primeirainfanciaemdados.org.br;64;0;1;1;0.196403
finalidade;primeirainfanciaemdados.org.br;65;0;0;0;0.067616
finalidade;primeirainfanciaemdados.org.br;66;1;1;1;0.229766
finalidade;primeirainfanciaemdados.org.br;67;1;1;1;0.727710
finalidade;primeirainfanciaemdados.org.br;68;0;0;0;0.005562
finalidade;primeirainfanciaemdados.org.br;70;0;0;0;0.005951
finalidade;primeirainfanciaemdados.org.br;71;0;0;0;0.007675
finalidade;primeirainfanciaemdados.org.br;72;0;0;1;0.162121
finalidade;primeirainfanciaemdados.org.br;73;0;1;0;0.052374
finalidade;primeirainfanciaemdados.org.br;75;0;0;0;0.006452
finalidade;primeirainfanciaemdados.org.br;76;0;0;0;0.005898
finalidade;primeirainfanciaemdados.org.br;77;0;0;0;0.008670
finalidade;primeirainfanciaemdados.org.br;79;0;0;0;0.063201
finalidade;primeirainfanciaemdados.org.br;80;0;0;0;0.011070
finalidade;primeirainfanciaemdados.org.br;82;0;0;0;0.010520
finalidade;primeirainfanciaemdados.org.br;83;0;1;0;0.026716
finalidade;primeirainfanciaemdados.org.br;85;0;0;0;0.008462
finalidade;primeirainfanciaemdados.org.br;86;0;0;0;0.003088
finalidade;primeirainfanciaemdados.org.br;87;0;0;0;0.002652
finalidade;primeirainfanciaemdados.org.br;88;0;0;0;0.008001
finalidade;primeirainfanciaemdados.org.br;89;0;0;0;0.007741
finalidade;primeirainfanciaemdados.org.br;90;0;0;0;0.006356
finalidade;primeirainfanciaemdados.org.br;91;0;0;0;0.005434
finalidade;primeirainfanciaemdados.org.br;92;0;0;0;0.030960
finalidade;primeirainfanciaemdados.org.br;93;0;0;0;0.015828
finalidade;primeirainfanciaemdados.org.br;94;0;0;0;0.032067
finalidade;primeirainfanciaemdados.org.br;95;0;0;0;0.007473
finalidade;primeirainfanciaemdados.org.br;96;0;0;0;0.057789
finalidade;primeirainfanciaemdados.org.br;97;0;0;0;0.010169
finalidade;primeirainfanciaemdados.org.br;98;0;0;0;0.015090
finalidade;primeirainfanciaemdados.org.br;99;0;1;1;0.152813
finalidade;primeirainfanciaemdados.org.br;100;0;1;0;0.047358
finalidade;primeirainfanciaemdados.org.br;102;0;0;0;0.002466
finalidade;primeirainfanciaemdados.org.br;103;0;0;1;0.115269
finalidade;primeirainfanciaemdados.org.br;105;0;0;0;0.008003
finalidade;primeirainfanciaemdados.org.br;106;0;0;0;0.026052
finalidade;primeirainfanciaemdados.org.br;107;0;0;0;0.010212
finalidade;primeirainfanciaemdados.org.br;108;0;0;1;0.150192
finalidade;primeirainfanciaemdados.org.br;111;0;0;0;0.049819
finalidade;primeirainfanciaemdados.org.br;112;0;0;0;0.020730
finalidade;primeirainfanciaemdados.org.br;113;0;0;0;0.005610
finalidade;primeirainfanciaemdados.org.br;114;0;0;0;0.029300
finalidade;primeirainfanciaemdados.org.br;115;0;0;0;0.025012
finalidade;primeirainfanciaemdados.org.br;116;0;0;0;0.014066
finalidade;primeirainfanciaemdados.org.br;117;0;0;0;0.019458
finalidade;primeirainfanciaemdados.org.br;118;0;0;0;0.013233
finalidade;primeirainfanciaemdados.org.br;120;0;0;0;0.001028
finalidade;primeirainfanciaemdados.org.br;123;0;0;0;0.025012
finalidade;primeirainfanciaemdados.org.br;139;0;0;0;0.021177
finalidade;verzani.com.br;0;0;0;0;0.035113
finalidade;verzani.com.br;1;0;0;0;0.079907
finalidade;verzani.com.br;6;0;0;0;0.022616
finalidade;verzani.com.br;7;0;0;0;0.112330
finalidade;verzani.com.br;11;0;0;0;0.022616
finalidade;verzani.com.br;14;0;0;0;0.067261
finalidade;verzani.com.br;16;0;0;0;0.018754
finalidade;verzani.com.br;17;0;0;1;0.483554
finalidade;verzani.com.br;18;0;0;0;0.016397
finalidade;verzani.com.br;22;0;0;0;0.067261
finalidade;verzani.com.br;26;0;0;0;0.022616
finalidade;verzani.com.br;27;0;0;0;0.059825
finalidade;verzani.com.br;29;0;0;0;0.085601
finalidade;verzani.com.br;30;0;0;0;0.016766
finalidade;verzani.com.br;31;0;0;0;0.055736
finalidade;verzani.com.br;32;0;0;1;0.151923
finalidade;verzani.com.br;34;0;0;0;0.022616
finalidade;verzani.com.br;37;0;0;1;0.173690
finalidade;verzani.com.br;38;0;0;0;0.008092
finalidade;verzani.com.br;42;0;0;0;0.041860
finalidade;verzani.com.br;52;0;0;0;0.022616
finalidade;verzani.com.br;54;0;0;0;0.020612
finalidade;verzani.com.br;75;0;0;0;0.022616
finalidade;verzani.com.br;76;0;0;0;0.001020
finalidade;verzani.com.br;77;0;0;0;0.006190
finalidade;verzani.com.br;78;0;0;0;0.038205
finalidade;verzani.com.br;79;0;0;0;0.006250
finalidade;verzani.com.br;80;0;0;0;0.006220
finalidade;verzani.com.br;81;1;0;0;0.027525
finalidade;verzani.com.br;83;0;0;0;0.001808
finalidade;verzani.com.br;84;0;0;0;0.012845
finalidade;verzani.com.br;85;0;0;0;0.012713
finalidade;verzani.com.br;86;0;0;0;0.004501
finalidade;verzani.com.br;87;0;0;0;0.014966
finalidade;verzani.com.br;88;0;0;0;0.006847
finalidade;verzani.com.br;90;0;0;0;0.069366
finalidade;verzani.com.br;91;0;0;0;0.002879
finalidade;verzani.com.br;92;0;0;0;0.015325
finalidade;verzani.com.br;93;0;0;0;0.002765
finalidade;verzani.com.br;94;0;0;0;0.035006
finalidade;verzani.com.br;95;0;0;0;0.002885
finalidade;verzani.com.br;97;0;0;0;0.025955
finalidade;verzani.com.br;102;0;0;1;0.277402
finalidade;verzani.com.br;103;1;0;1;0.195602
finalidade;verzani.com.br;104;0;0;0;0.026451
finalidade;verzani.com.br;105;1;0;0;0.132128
finalidade;verzani.com.br;108;0;0;0;0.005699
finalidade;verzani.com.br;109;1;0;0;0.027616
finalidade;verzani.com.br;111;0;0;0;0.043652
finalidade;verzani.com.br;113;1;0;0;0.080617
finalidade;verzani.com.br;115;0;0;0;0.053636
finalidade;verzani.com.br;117;1;0;0;0.019223
finalidade;verzani.com.br;118;0;0;0;0.028697
finalidade;verzani.com.br;121;0;0;0;0.001266
finalidade;verzani.com.br;122;0;0;0;0.026536
finalidade;verzani.com.br;123;0;0;0;0.078709
finalidade;verzani.com.br;124;0;0;0;0.040338
finalidade;verzani.com.br;126;0;0;0;0.003799
finalidade;verzani.com.br;127;0;1;0;0.051000
finalidade;verzani.com.br;129;0;0;0;0.022001
finalidade;verzani.com.br;131;0;0;1;0.318718
finalidade;verzani.com.br;132;0;0;0;0.016227
finalidade;verzani.com.br;133;0;0;0;0.003436
finalidade;verzani.com.br;134;0;0;0;0.028717
finalidade;verzani.com.br;135;0;0;0;0.015229
finalidade;verzani.com.br;138;0;0;0;0.016227
finalidade;verzani.com.br;149;0;0;0;0.006695
finalidade;verzani.com.br;150;0;1;0;0.006964
finalidade;verzani.com.br;152;0;1;0;0.037374
finalidade;verzani.com.br;153;0;1;0;0.087987
finalidade;verzani.com.br;154;0;0;0;0.002121
finalidade;verzani.com.br;160;0;0;0;0.000732
finalidade;verzani.com.br;162;0;0;0;0.001776
finalidade;verzani.com.br;164;0;0;0;0.004866
finalidade;verzani.com.br;166;0;0;0;0.007490
finalidade;verzani.com.br;168;0;0;0;0.002352
finalidade;verzani.com.br;169;0;0;0;0.004509
finalidade;verzani.com.br;171;0;0;0;0.029984
finalidade;verzani.com.br;173;0;0;0;0.011133
finalidade;verzani.com.br;175;0;0;0;0.004221
finalidade;verzani.com.br;178;0;0;0;0.013131
finalidade;verzani.com.br;179;0;0;0;0.036900
finalidade;verzani.com.br;180;0;0;1;0.253232
finalidade;verzani.com.br;181;0;0;0;0.058010
finalidade;verzani.com.br;182;1;0;1;0.919026
finalidade;verzani.com.br;183;1;1;1;0.548620
finalidade;verzani.com.br;184;1;1;1;0.560370
finalidade;verzani.com.br;185;1;0;0;0.048307
finalidade;verzani.com.br;186;1;1;1;0.209115
finalidade;verzani.com.br;188;0;0;0;0.004015
finalidade;verzani.com.br;189;1;0;0;0.085357
finalidade;verzani.com.br;190;0;0;0;0.080444
finalidade;verzani.com.br;191;0;0;0;0.027083
finalidade;verzani.com.br;192;1;0;1;0.600676
finalidade;verzani.com.br;193;0;0;0;0.011410
finalidade;verzani.com.br;194;0;0;0;0.082524
finalidade;verzani.com.br;196;1;0;0;0.012011
finalidade;verzani.com.br;197;0;0;0;0.004978
finalidade;verzani.com.br;198;0;0;0;0.005669
finalidade;verzani.com.br;199;1;0;1;0.185278
finalidade;verzani.com.br;200;0;0;0;0.039048
finalidade;verzani.com.br;201;0;0;1;0.600694
finalidade;verzani.com.br;202;1;0;0;0.079706
finalidade;verzani.com.br;203;0;0;0;0.012194
finalidade;verzani.com.br;204;0;0;0;0.098257
finalidade;verzani.com.br;205;1;0;0;0.094572
finalidade;verzani.com.br;206;0;0;0;0.119463
finalidade;verzani.com.br;207;0;0;0;0.056507
finalidade;verzani.com.br;208;0;0;0;0.032467
finalidade;verzani.com.br;209;0;0;0;0.095675
finalidade;verzani.com.br;210;1;1;1;0.256044
finalidade;verzani.com.br;211;0;0;0;0.010752
finalidade;verzani.com.br;212;0;0;1;0.538370
finalidade;verzani.com.br;213;0;0;0;0.126976
finalidade;verzani.com.br;215;0;0;0;0.006278
finalidade;verzani.com.br;218;0;0;0;0.007102
finalidade;verzani.com.br;220;0;0;0;0.001275
finalidade;verzani.com.br;221;0;1;0;0.034967
finalidade;verzani.com.br;222;0;0;0;0.076850
finalidade;verzani.com.br;235;0;0;0;0.059825
finalidade;verzani.com.br;253;0;0;0;0.069416
finalidade;verzani.com.br;257;0;0;0;0.070327
finalidade;verzani.com.br;277;0;0;0;0.015339
finalidade;verzani.com.br;278;0;0;0;0.014792
finalidade;verzani.com.br;279;0;0;0;0.031452
finalidade;verzani.com.br;281;0;1;0;0.032718
finalidade;verzani.com.br;282;0;0;0;0.025458
finalidade;rifapersonalizada.com.br;1;0;0;0;0.013106
finalidade;rifapersonalizada.com.br;5;0;0;0;0.040296
finalidade;rifapersonalizada.com.br;6;0;0;0;0.048521
finalidade;rifapersonalizada.com.br;7;0;0;0;0.063390
finalidade;rifapersonalizada.com.br;8;0;0;0;0.040459
finalidade;rifapersonalizada.com.br;9;0;0;1;0.175854
finalidade;rifapersonalizada.com.br;10;0;0;1;0.142165
finalidade;rifapersonalizada.com.br;11;0;0;0;0.084433
finalidade;rifapersonalizada.com.br;12;0;0;1;0.160815
finalidade;rifapersonalizada.com.br;13;0;0;0;0.060607
finalidade;rifapersonalizada.com.br;14;0;1;0;0.016459
finalidade;rifapersonalizada.com.br;15;0;0;0;0.099361
finalidade;rifapersonalizada.com.br;16;0;0;1;0.205048
finalidade;rifapersonalizada.com.br;17;0;1;1;0.139203
finalidade;rifapersonalizada.com.br;18;0;0;0;0.081735
finalidade;rifapersonalizada.com.br;19;0;0;1;0.171609
finalidade;rifapersonalizada.com.br;20;0;0;0;0.083987
finalidade;rifapersonalizada.com.br;22;0;0;0;0.020832
finalidade;rifapersonalizada.com.br;23;0;0;0;0.088344
finalidade;rifapersonalizada.com.br;24;0;1;1;0.369417
finalidade;rifapersonalizada.com.br;25;0;0;0;0.021730
finalidade;rifapersonalizada.com.br;26;0;0;1;0.300737
finalidade;rifapersonalizada.com.br;27;0;0;0;0.043638
finalidade;rifapersonalizada.com.br;28;0;0;0;0.095918
finalidade;rifapersonalizada.com.br;29;0;0;0;0.037614
finalidade;rifapersonalizada.com.br;30;0;0;0;0.031082
finalidade;rifapersonalizada.com.br;31;0;0;0;0.056990
finalidade;rifapersonalizada.com.br;32;0;0;0;0.059910
finalidade;rifapersonalizada.com.br;33;0;0;0;0.031284
finalidade;rifapersonalizada.com.br;34;0;0;0;0.094641
finalidade;rifapersonalizada.com.br;35;0;0;0;0.092378
finalidade;rifapersonalizada.com.br;37;0;0;0;0.060661
finalidade;rifapersonalizada.com.br;38;0;0;1;0.185276
finalidade;rifapersonalizada.com.br;39;0;0;1;0.154968
finalidade;rifapersonalizada.com.br;40;0;0;1;0.209590
finalidade;rifapersonalizada.com.br;41;0;0;0;0.106946
finalidade;rifapersonalizada.com.br;42;0;0;1;0.196386
finalidade;rifapersonalizada.com.br;43;0;0;0;0.079960
finalidade;rifapersonalizada.com.br;44;0;0;0;0.047278
finalidade;rifapersonalizada.com.br;45;0;0;0;0.051903
finalidade;rifapersonalizada.com.br;46;1;0;0;0.117230
finalidade;rifapersonalizada.com.br;47;1;0;1;0.501946
finalidade;rifapersonalizada.com.br;48;1;1;1;0.235170
finalidade;rifapersonalizada.com.br;49;1;1;1;0.261196
finalidade;rifapersonalizada.com.br;50;0;0;0;0.120052
finalidade;rifapersonalizada.com.br;51;1;1;1;0.282994
finalidade;rifapersonalizada.com.br;52;0;0;0;0.067566
finalidade;rifapersonalizada.com.br;53;1;0;1;0.142468
finalidade;rifapersonalizada.com.br;54;1;1;1;0.352437
finalidade;rifapersonalizada.com.br;55;0;0;0;0.094907
finalidade;rifapersonalizada.com.br;56;0;0;0;0.046512
finalidade;rifapersonalizada.com.br;57;0;0;0;0.117350
finalidade;rifapersonalizada.com.br;58;0;1;1;0.145463
finalidade;rifapersonalizada.com.br;59;0;0;0;0.057245
finalidade;rifapersonalizada.com.br;60;0;0;0;0.061865
finalidade;rifapersonalizada.com.br;61;0;0;0;0.078503
finalidade;rifapersonalizada.com.br;62;0;0;0;0.060210
finalidade;rifapersonalizada.com.br;63;0;0;0;0.088772
finalidade;rifapersonalizada.com.br;64;0;0;0;0.111924
finalidade;rifapersonalizada.com.br;65;0;0;0;0.112127
finalidade;rifapersonalizada.com.br;66;0;0;0;0.089929
finalidade;rifapersonalizada.com.br;67;0;0;0;0.033598
finalidade;rifapersonalizada.com.br;68;0;0;0;0.074894
finalidade;rifapersonalizada.com.br;69;0;1;0;0.048175
finalidade;rifapersonalizada.com.br;70;0;0;0;0.068670
finalidade;rifapersonalizada.com.br;71;0;0;0;0.096629
finalidade;rifapersonalizada.com.br;72;0;0;0;0.078373
finalidade;rifapersonalizada.com.br;73;0;0;1;0.214424
finalidade;rifapersonalizada.com.br;74;0;0;1;0.151202
finalidade;rifapersonalizada.com.br;75;0;0;0;0.073078
finalidade;rifapersonalizada.com.br;76;0;1;0;0.034331
finalidade;rifapersonalizada.com.br;77;0;0;0;0.065947
finalidade;rifapersonalizada.com.br;78;0;0;0;0.089527
finalidade;rifapersonalizada.com.br;79;0;0;0;0.061973
finalidade;rifapersonalizada.com.br;80;0;1;0;0.093937
finalidade;rifapersonalizada.com.br;81;0;0;0;0.116584
finalidade;rifapersonalizada.com.br;83;0;0;1;0.129026
finalidade;rifapersonalizada.com.br;84;0;0;0;0.048425
finalidade;rifapersonalizada.com.br;85;0;0;0;0.021218
finalidade;rifapersonalizada.com.br;86;0;0;0;0.072180
finalidade;rifapersonalizada.com.br;87;0;0;0;0.061204
finalidade;rifapersonalizada.com.br;89;0;0;0;0.058015
finalidade;rifapersonalizada.com.br;90;0;0;0;0.098549
finalidade;rifapersonalizada.com.br;91;0;0;0;0.069532
finalidade;rifapersonalizada.com.br;99;0;0;1;0.125471
finalidade;rifapersonalizada.com.br;100;0;0;0;0.113177
finalidade;rifapersonalizada.com.br;101;0;0;0;0.062754
finalidade;rifapersonalizada.com.br;112;0;0;0;0.080526
finalidade;rifapersonalizada.com.br;114;0;0;0;0.107043
finalidade;rifapersonalizada.com.br;115;0;0;0;0.061724
finalidade;rifapersonalizada.com.br;116;0;0;0;0.044659
finalidade;rifapersonalizada.com.br;117;0;0;0;0.082531
finalidade;rifapersonalizada.com.br;118;0;0;0;0.098855
finalidade;rifapersonalizada.com.br;119;0;1;1;0.251091
finalidade;rifapersonalizada.com.br;120;0;0;0;0.069078
finalidade;rifapersonalizada.com.br;121;0;0;0;0.063971
finalidade;rifapersonalizada.com.br;123;0;0;1;0.278568
finalidade;rifapersonalizada.com.br;124;0;0;0;0.088403
finalidade;rifapersonalizada.com.br;125;0;0;1;0.233651
finalidade;rifapersonalizada.com.br;131;0;0;1;0.375190
finalidade;rifapersonalizada.com.br;132;0;0;0;0.090959
finalidade;rifapersonalizada.com.br;133;0;1;1;0.166282
finalidade;rifapersonalizada.com.br;134;0;0;0;0.082669
finalidade;rifapersonalizada.com.br;135;0;0;0;0.092394
finalidade;rifapersonalizada.com.br;136;0;1;1;0.350017
finalidade;rifapersonalizada.com.br;138;0;1;1;0.293496
finalidade;rifapersonalizada.com.br;140;0;0;0;0.076068
finalidade;rifapersonalizada.com.br;141;0;0;0;0.078185
finalidade;rifapersonalizada.com.br;142;0;0;0;0.059003
finalidade;rifapersonalizada.com.br;143;0;0;0;0.098589
finalidade;rifapersonalizada.com.br;144;0;0;0;0.111752
finalidade;rifapersonalizada.com.br;145;0;0;1;0.153073
finalidade;rifapersonalizada.com.br;146;0;0;0;0.117838
finalidade;rifapersonalizada.com.br;147;0;0;1;0.131575
finalidade;rifapersonalizada.com.br;148;0;0;0;0.101022
finalidade;rifapersonalizada.com.br;149;0;0;0;0.106006
finalidade;rifapersonalizada.com.br;150;0;0;0;0.122053
finalidade;rifapersonalizada.com.br;151;0;0;0;0.055397
finalidade;rifapersonalizada.com.br;152;0;0;0;0.064128
finalidade;rifapersonalizada.com.br;153;0;0;0;0.070322
finalidade;rifapersonalizada.com.br;154;0;0;0;0.111819
finalidade;rifapersonalizada.com.br;155;0;0;0;0.077007
finalidade;rifapersonalizada.com.br;156;0;0;0;0.077773
finalidade;rifapersonalizada.com.br;157;0;0;1;0.152964
finalidade;rifapersonalizada.com.br;158;0;0;0;0.055665
finalidade;rifapersonalizada.com.br;159;0;0;0;0.047270
finalidade;rifapersonalizada.com.br;160;0;0;0;0.081904
finalidade;rifapersonalizada.com.br;161;0;0;1;0.227626
finalidade;rifapersonalizada.com.br;162;0;0;0;0.058992
finalidade;rifapersonalizada.com.br;163;0;0;1;0.145364
finalidade;rifapersonalizada.com.br;164;0;0;1;0.132840
finalidade;rifapersonalizada.com.br;165;0;0;1;0.250169
finalidade;rifapersonalizada.com.br;166;0;0;0;0.078012
finalidade;rifapersonalizada.com.br;167;0;0;1;0.188613
finalidade;rifapersonalizada.com.br;168;0;0;0;0.055488
finalidade;rifapersonalizada.com.br;169;0;0;1;0.135510
finalidade;rifapersonalizada.com.br;172;0;0;1;0.133626
finalidade;rifapersonalizada.com.br;173;0;0;1;0.136230
finalidade;rifapersonalizada.com.br;174;0;0;0;0.099505
finalidade;rifapersonalizada.com.br;175;0;0;0;0.075626
finalidade;rifapersonalizada.com.br;179;0;0;1;0.182379
finalidade;rifapersonalizada.com.br;180;0;0;0;0.067612
finalidade;rifapersonalizada.com.br;181;0;0;0;0.024780
finalidade;rifapersonalizada.com.br;187;0;0;0;0.088830
finalidade;rifapersonalizada.com.br;198;0;0;1;0.178440
finalidade;rifapersonalizada.com.br;201;0;0;0;0.115336
finalidade;rifapersonalizada.com.br;202;0;0;0;0.082079
finalidade;rifapersonalizada.com.br;203;0;0;1;0.125407
finalidade;rifapersonalizada.com.br;204;0;0;0;0.081990
finalidade;rifapersonalizada.com.br;207;0;0;0;0.057675
finalidade;rifapersonalizada.com.br;208;0;0;1;0.148721
finalidade;rifapersonalizada.com.br;209;0;0;0;0.089274
finalidade;pedidook.com.br;0;0;0;0;0.009746
finalidade;pedidook.com.br;2;0;1;0;0.016077
finalidade;pedidook.com.br;5;0;0;0;0.076244
finalidade;pedidook.com.br;6;0;0;0;0.000960
finalidade;pedidook.com.br;7;0;0;0;0.045056
finalidade;pedidook.com.br;8;0;0;0;0.032669
finalidade;pedidook.com.br;9;0;0;0;0.010252
finalidade;pedidook.com.br;10;0;1;0;0.102025
finalidade;pedidook.com.br;11;0;0;0;0.004714
finalidade;pedidook.com.br;12;0;0;0;0.006295
finalidade;pedidook.com.br;13;0;1;0;0.006304
finalidade;pedidook.com.br;15;0;0;0;0.007066
finalidade;pedidook.com.br;16;0;0;1;0.121476
finalidade;pedidook.com.br;17;0;0;0;0.015526
finalidade;pedidook.com.br;18;0;0;0;0.011419
finalidade;pedidook.com.br;19;0;0;0;0.005504
finalidade;pedidook.com.br;20;0;0;0;0.113445
finalidade;pedidook.com.br;21;0;0;0;0.018919
finalidade;pedidook.com.br;23;0;0;0;0.008313
finalidade;pedidook.com.br;27;1;1;0;0.107417
finalidade;pedidook.com.br;30;0;0;0;0.075142
finalidade;pedidook.com.br;33;1;0;0;0.090662
finalidade;pedidook.com.br;35;0;0;0;0.039790
finalidade;pedidook.com.br;36;0;0;0;0.046055
finalidade;pedidook.com.br;37;1;0;1;0.158080
finalidade;pedidook.com.br;39;0;0;0;0.011324
finalidade;pedidook.com.br;40;0;0;0;0.020664
finalidade;pedidook.com.br;41;1;1;1;0.594511
finalidade;pedidook.com.br;42;0;1;1;0.367702
finalidade;pedidook.com.br;43;0;0;0;0.018396
finalidade;pedidook.com.br;44;0;0;0;0.017916
finalidade;pedidook.com.br;47;0;0;0;0.070501
finalidade;pedidook.com.br;48;1;0;1;0.751627
finalidade;pedidook.com.br;49;1;0;1;0.136578
finalidade;pedidook.com.br;50;1;1;1;0.289505
finalidade;pedidook.com.br;51;1;0;1;0.318479
finalidade;pedidook.com.br;52;1;0;1;0.280342
finalidade;pedidook.com.br;53;1;0;1;0.391487
finalidade;pedidook.com.br;54;0;1;1;0.262596
finalidade;pedidook.com.br;57;0;0;0;0.100781
finalidade;pedidook.com.br;58;0;0;0;0.026061
finalidade;pedidook.com.br;59;0;0;0;0.008040
finalidade;pedidook.com.br;60;0;0;0;0.033852
finalidade;pedidook.com.br;61;0;1;0;0.082466
finalidade;pedidook.com.br;62;0;1;1;0.148033
finalidade;pedidook.com.br;63;0;0;0;0.044014
finalidade;pedidook.com.br;64;0;0;0;0.004097
finalidade;pedidook.com.br;65;0;0;0;0.005737
finalidade;pedidook.com.br;66;0;0;0;0.002234
finalidade;pedidook.com.br;69;0;0;1;0.128285
finalidade;pedidook.com.br;71;0;0;0;0.021277
finalidade;pedidook.com.br;72;0;0;0;0.068496
finalidade;pedidook.com.br;73;0;0;0;0.022421
finalidade;pedidook.com.br;76;0;0;0;0.009081
finalidade;pedidook.com.br;77;0;0;0;0.026763
finalidade;pedidook.com.br;78;0;0;0;0.006909
finalidade;pedidook.com.br;79;0;1;0;0.045156
finalidade;pedidook.com.br;82;1;0;1;0.471675
finalidade;pedidook.com.br;83;0;1;0;0.043748
finalidade;pedidook.com.br;84;0;0;0;0.014922
finalidade;pedidook.com.br;87;0;0;0;0.005037
finalidade;pedidook.com.br;88;0;0;0;0.027005
finalidade;pedidook.com.br;89;0;0;0;0.005582
finalidade;pedidook.com.br;90;0;0;0;0.017467
finalidade;pedidook.com.br;91;0;0;0;0.047302
finalidade;pedidook.com.br;92;0;1;0;0.011499
finalidade;pedidook.com.br;93;0;0;0;0.044611
finalidade;pedidook.com.br;94;0;0;1;0.162535
finalidade;pedidook.com.br;95;0;0;0;0.018487
finalidade;pedidook.com.br;96;0;0;0;0.057887
finalidade;pedidook.com.br;97;0;0;0;0.019770
finalidade;pedidook.com.br;98;0;0;0;0.011748
finalidade;pedidook.com.br;101;0;0;0;0.003324
finalidade;pedidook.com.br;102;0;0;0;0.044439
finalidade;pedidook.com.br;105;0;0;0;0.004424
finalidade;pedidook.com.br;106;0;0;0;0.004639
finalidade;pedidook.com.br;107;0;0;0;0.106302
finalidade;pedidook.com.br;110;0;0;0;0.011265
finalidade;pedidook.com.br;111;0;0;0;0.025538
finalidade;pedidook.com.br;112;0;0;1;0.381498
finalidade;pedidook.com.br;113;0;0;0;0.010002
finalidade;pedidook.com.br;114;0;0;0;0.009308
finalidade;pedidook.com.br;116;0;0;0;0.045210
finalidade;pedidook.com.br;120;0;0;0;0.010978
finalidade;pedidook.com.br;121;0;0;0;0.017341
finalidade;pedidook.com.br;123;0;0;0;0.015780
finalidade;pedidook.com.br;124;0;0;0;0.013501
finalidade;pedidook.com.br;125;0;0;0;0.007575
finalidade;pedidook.com.br;126;0;0;0;0.007464
finalidade;pedidook.com.br;133;0;0;0;0.030506
finalidade;pedidook.com.br;136;0;1;0;0.021220
finalidade;pedidook.com.br;137;0;0;0;0.001865
finalidade;pedidook.com.br;138;0;0;0;0.001816
finalidade;pedidook.com.br;139;0;1;0;0.050189
finalidade;pedidook.com.br;144;0;0;0;0.014801
finalidade;pedidook.com.br;145;0;0;0;0.058105
finalidade;pedidook.com.br;146;0;0;1;0.290757
finalidade;pedidook.com.br;147;0;0;1;0.199415
finalidade;pedidook.com.br;149;0;0;0;0.078750
finalidade;pedidook.com.br;150;0;0;0;0.005364
finalidade;pedidook.com.br;151;0;0;0;0.021524
finalidade;pedidook.com.br;156;0;0;0;0.017695
finalidade;pedidook.com.br;160;0;0;1;0.126390
finalidade;pedidook.com.br;161;0;0;0;0.007870
finalidade;pedidook.com.br;162;0;0;0;0.010309
finalidade;pedidook.com.br;164;0;0;0;0.071653
finalidade;pedidook.com.br;168;0;0;0;0.092175
finalidade;pedidook.com.br;170;0;0;0;0.011552
finalidade;pedidook.com.br;172;0;0;0;0.001139
finalidade;pedidook.com.br;174;0;0;0;0.043844
finalidade;pedidook.com.br;176;0;0;0;0.015127
finalidade;pedidook.com.br;178;0;0;0;0.018047
finalidade;pedidook.com.br;179;0;0;0;0.027675
finalidade;pedidook.com.br;183;0;0;0;0.062610
finalidade;pedidook.com.br;184;0;0;0;0.008971
finalidade;pedidook.com.br;186;0;0;0;0.007337
finalidade;pedidook.com.br;188;0;1;1;0.126682
finalidade;pedidook.com.br;189;0;0;0;0.035498
finalidade;pedidook.com.br;190;0;0;0;0.007743
finalidade;pedidook.com.br;192;0;0;0;0.001936
finalidade;pedidook.com.br;194;0;0;1;0.244766
finalidade;pedidook.com.br;198;0;0;0;0.017898
finalidade;pedidook.com.br;199;0;0;0;0.003049
finalidade;pedidook.com.br;200;0;0;0;0.099862
finalidade;pedidook.com.br;201;0;0;0;0.010332
finalidade;pedidook.com.br;202;0;1;1;0.437259
finalidade;pedidook.com.br;203;0;0;0;0.006434
finalidade;pedidook.com.br;204;0;0;0;0.019458
finalidade;pedidook.com.br;206;0;0;0;0.023180
finalidade;pedidook.com.br;208;0;1;0;0.021906
finalidade;pedidook.com.br;213;0;0;0;0.036552
finalidade;pedidook.com.br;214;0;0;1;0.128881
finalidade;pedidook.com.br;215;0;0;0;0.100641
finalidade;pedidook.com.br;217;0;0;0;0.012072
finalidade;pedidook.com.br;222;0;0;0;0.053648
finalidade;pedidook.com.br;223;0;1;1;0.173924
finalidade;pedidook.com.br;224;0;0;0;0.027335
finalidade;pedidook.com.br;225;0;0;0;0.052275
finalidade;pedidook.com.br;226;0;0;0;0.015444
finalidade;pedidook.com.br;227;0;0;0;0.042950
finalidade;pedidook.com.br;228;0;0;0;0.113778
finalidade;pedidook.com.br;229;0;0;0;0.096861
finalidade;pedidook.com.br;231;0;0;0;0.035773
finalidade;pedidook.com.br;233;0;0;0;0.002689
finalidade;pedidook.com.br;235;0;0;0;0.022716
finalidade;pedidook.com.br;237;0;0;0;0.004114
finalidade;pedidook.com.br;241;0;0;0;0.032144
finalidade;pedidook.com.br;243;0;0;0;0.041562
finalidade;pedidook.com.br;245;0;0;0;0.050965
finalidade;pedidook.com.br;249;0;0;0;0.006725
finalidade;pedidook.com.br;251;0;0;0;0.030938
finalidade;pedidook.com.br;252;0;0;0;0.054883
finalidade;pedidook.com.br;254;0;0;1;0.185889
finalidade;pedidook.com.br;255;0;0;0;0.009100
finalidade;pedidook.com.br;257;0;0;0;0.015903
finalidade;pedidook.com.br;258;0;0;0;0.045962
finalidade;pedidook.com.br;260;0;0;0;0.026045
finalidade;pedidook.com.br;264;0;0;0;0.011936
finalidade;pedidook.com.br;266;0;0;0;0.016769
finalidade;pedidook.com.br;268;0;0;0;0.006098
finalidade;pedidook.com.br;272;0;0;0;0.000960
finalidade;pedidook.com.br;273;0;0;0;0.028265
finalidade;pedidook.com.br;274;0;0;0;0.003997
finalidade;pedidook.com.br;275;0;0;0;0.008500
finalidade;pedidook.com.br;277;0;0;0;0.005533
finalidade;pedidook.com.br;279;0;0;0;0.007922
finalidade;pedidook.com.br;281;0;0;0;0.018443
finalidade;pedidook.com.br;285;0;0;0;0.006983
finalidade;pedidook.com.br;287;0;0;0;0.025816
finalidade;pedidook.com.br;289;0;0;0;0.000703
finalidade;pedidook.com.br;290;0;0;0;0.016970
finalidade;pedidook.com.br;294;0;0;0;0.030607
finalidade;pedidook.com.br;296;0;0;0;0.051262
finalidade;pedidook.com.br;300;0;0;0;0.061137
finalidade;pedidook.com.br;304;0;0;0;0.002683
finalidade;pedidook.com.br;308;0;0;0;0.034663
finalidade;pedidook.com.br;310;0;0;0;0.049681
finalidade;pedidook.com.br;312;0;0;0;0.014190
finalidade;pedidook.com.br;314;0;0;0;0.001149
finalidade;pedidook.com.br;318;0;0;0;0.006894
finalidade;pedidook.com.br;320;0;0;0;0.004120
finalidade;pedidook.com.br;324;0;0;0;0.024407
finalidade;vibraresidencial.com.br;1;0;0;0;0.017649
finalidade;vibraresidencial.com.br;2;0;0;0;0.011353
finalidade;vibraresidencial.com.br;14;0;0;0;0.116694
finalidade;vibraresidencial.com.br;16;0;0;0;0.024799
finalidade;vibraresidencial.com.br;17;0;0;0;0.024799
finalidade;vibraresidencial.com.br;18;0;0;0;0.017148
finalidade;vibraresidencial.com.br;19;0;0;0;0.024799
finalidade;vibraresidencial.com.br;20;0;0;0;0.022310
finalidade;vibraresidencial.com.br;21;0;0;0;0.023201
finalidade;vibraresidencial.com.br;22;0;0;0;0.023201
finalidade;vibraresidencial.com.br;23;0;0;0;0.024799
finalidade;vibraresidencial.com.br;28;0;0;0;0.068479
finalidade;vibraresidencial.com.br;29;0;0;0;0.019349
finalidade;vibraresidencial.com.br;30;0;0;0;0.023201
finalidade;vibraresidencial.com.br;31;0;0;0;0.023201
finalidade;vibraresidencial.com.br;37;0;0;0;0.010829
finalidade;vibraresidencial.com.br;41;0;0;0;0.095414
finalidade;vibraresidencial.com.br;42;0;0;0;0.023846
finalidade;vibraresidencial.com.br;43;0;0;0;0.009989
finalidade;vibraresidencial.com.br;44;0;0;0;0.001858
finalidade;vibraresidencial.com.br;45;0;0;0;0.005896
finalidade;vibraresidencial.com.br;46;0;0;0;0.005100
finalidade;vibraresidencial.com.br;47;0;0;0;0.076961
finalidade;vibraresidencial.com.br;48;0;0;0;0.003358
finalidade;vibraresidencial.com.br;49;0;0;0;0.039438
finalidade;vibraresidencial.com.br;50;0;1;0;0.025475
finalidade;vibraresidencial.com.br;51;0;0;0;0.028019
finalidade;vibraresidencial.com.br;52;0;0;0;0.009142
finalidade;vibraresidencial.com.br;53;0;0;0;0.017266
finalidade;vibraresidencial.com.br;54;0;0;0;0.011358
finalidade;vibraresidencial.com.br;56;0;0;0;0.014477
finalidade;vibraresidencial.com.br;57;0;0;0;0.008342
finalidade;vibraresidencial.com.br;58;0;0;0;0.065669
finalidade;vibraresidencial.com.br;60;0;0;0;0.023974
finalidade;vibraresidencial.com.br;61;0;0;0;0.018602
finalidade;vibraresidencial.com.br;62;0;0;0;0.001266
finalidade;vibraresidencial.com.br;63;0;0;0;0.011209
finalidade;vibraresidencial.com.br;65;1;0;0;0.064073
finalidade;vibraresidencial.com.br;66;0;0;0;0.002734
finalidade;vibraresidencial.com.br;67;0;0;0;0.001779
finalidade;vibraresidencial.com.br;68;0;1;0;0.009856
finalidade;vibraresidencial.com.br;69;0;0;0;0.000958
finalidade;vibraresidencial.com.br;70;0;0;0;0.000917
finalidade;vibraresidencial.com.br;71;0;0;0;0.006743
finalidade;vibraresidencial.com.br;73;0;0;1;0.443283
finalidade;vibraresidencial.com.br;74;0;0;0;0.004887
finalidade;vibraresidencial.com.br;75;0;0;0;0.008376
finalidade;vibraresidencial.com.br;76;0;0;0;0.002573
finalidade;vibraresidencial.com.br;77;0;0;0;0.111373
finalidade;vibraresidencial.com.br;78;0;0;0;0.057545
finalidade;vibraresidencial.com.br;79;0;0;0;0.024529
finalidade;vibraresidencial.com.br;80;0;0;1;0.150912
finalidade;vibraresidencial.com.br;81;0;0;1;0.205168
finalidade;vibraresidencial.com.br;82;0;0;0;0.005931
finalidade;vibraresidencial.com.br;83;0;0;0;0.032446
finalidade;vibraresidencial.com.br;84;1;1;1;0.190304
finalidade;vibraresidencial.com.br;85;0;0;0;0.019871
finalidade;vibraresidencial.com.br;86;0;0;0;0.048866
finalidade;vibraresidencial.com.br;87;1;1;1;0.347146
finalidade;vibraresidencial.com.br;88;1;0;1;0.503776
finalidade;vibraresidencial.com.br;89;1;0;0;0.133800
finalidade;vibraresidencial.com.br;90;0;0;1;0.659420
finalidade;vibraresidencial.com.br;92;0;0;0;0.122618
finalidade;vibraresidencial.com.br;93;0;0;0;0.084700
finalidade;vibraresidencial.com.br;94;0;0;1;0.177959
finalidade;vibraresidencial.com.br;95;0;0;0;0.006541
finalidade;vibraresidencial.com.br;96;0;0;0;0.037015
finalidade;vibraresidencial.com.br;97;0;0;0;0.070179
finalidade;vibraresidencial.com.br;98;0;1;0;0.053224
finalidade;vibraresidencial.com.br;99;1;1;1;0.858639
finalidade;vibraresidencial.com.br;100;0;1;0;0.027567
finalidade;vibraresidencial.com.br;101;0;1;0;0.048873
finalidade;vibraresidencial.com.br;102;0;0;0;0.073210
finalidade;vibraresidencial.com.br;103;0;0;0;0.007270
finalidade;vibraresidencial.com.br;104;0;1;1;0.144927
finalidade;vibraresidencial.com.br;105;0;0;0;0.050157
finalidade;vibraresidencial.com.br;106;0;0;0;0.012059
finalidade;vibraresidencial.com.br;107;0;0;0;0.004315
finalidade;vibraresidencial.com.br;108;0;0;0;0.015333
finalidade;vibraresidencial.com.br;109;0;0;0;0.005523
finalidade;vibraresidencial.com.br;110;0;0;0;0.104196
finalidade;vibraresidencial.com.br;112;0;0;1;0.155382
finalidade;vibraresidencial.com.br;113;0;0;0;0.016038
finalidade;vibraresidencial.com.br;114;0;0;1;0.494603
finalidade;vibraresidencial.com.br;115;0;0;1;0.184846
finalidade;vibraresidencial.com.br;116;0;0;1;0.443283
finalidade;vibraresidencial.com.br;117;1;1;0;0.077527
finalidade;vibraresidencial.com.br;118;0;0;0;0.002760
finalidade;vibraresidencial.com.br;119;0;1;0;0.003918
finalidade;vibraresidencial.com.br;120;0;0;0;0.032003
finalidade;vibraresidencial.com.br;121;0;0;0;0.018985
finalidade;vibraresidencial.com.br;122;0;0;0;0.008088
finalidade;vibraresidencial.com.br;123;0;0;0;0.020106
finalidade;vibraresidencial.com.br;124;0;0;0;0.015688
finalidade;vibraresidencial.com.br;125;0;0;0;0.006807
finalidade;vibraresidencial.com.br;126;0;0;1;0.272290
finalidade;vibraresidencial.com.br;127;0;0;0;0.006157
finalidade;vibraresidencial.com.br;128;0;0;0;0.001105
finalidade;vibraresidencial.com.br;130;0;0;0;0.010134
finalidade;vibraresidencial.com.br;131;0;0;0;0.009749
finalidade;vibraresidencial.com.br;132;0;0;0;0.022252
finalidade;vibraresidencial.com.br;133;0;0;0;0.009063
finalidade;vibraresidencial.com.br;134;0;1;0;0.003096
finalidade;vibraresidencial.com.br;140;0;0;0;0.018571
finalidade;vibraresidencial.com.br;141;0;0;0;0.018977
finalidade;vibraresidencial.com.br;144;0;0;0;0.011075
finalidade;vibraresidencial.com.br;146;0;0;0;0.012967
finalidade;vibraresidencial.com.br;147;0;0;0;0.008548
finalidade;vibraresidencial.com.br;153;0;0;0;0.055335
finalidade;vibraresidencial.com.br;156;0;0;0;0.040772
finalidade;vibraresidencial.com.br;162;0;0;0;0.116694
finalidade;vibraresidencial.com.br;168;0;0;0;0.019387
finalidade;vibraresidencial.com.br;174;0;0;0;0.019349
finalidade;vibraresidencial.com.br;179;0;0;0;0.017148
finalidade;vibraresidencial.com.br;181;0;0;0;0.024799
finalidade;vibraresidencial.com.br;182;0;0;0;0.024799
finalidade;vibraresidencial.com.br;184;0;0;0;0.024799
finalidade;vibraresidencial.com.br;191;0;0;0;0.024799
finalidade;vibraresidencial.com.br;201;0;0;0;0.023201
finalidade;vibraresidencial.com.br;213;0;0;0;0.031828
finalidade;vibraresidencial.com.br;214;0;0;0;0.023201
finalidade;vibraresidencial.com.br;217;0;0;1;0.143241
finalidade;vibraresidencial.com.br;218;0;0;0;0.032692
finalidade;vibraresidencial.com.br;219;0;0;0;0.057585
finalidade;vibraresidencial.com.br;220;0;0;0;0.049774
finalidade;vibraresidencial.com.br;221;0;0;0;0.038373
finalidade;vibraresidencial.com.br;222;0;0;0;0.110503
finalidade;vibraresidencial.com.br;223;0;0;0;0.006466
finalidade;vibraresidencial.com.br;224;0;0;0;0.007476
finalidade;vibraresidencial.com.br;225;0;0;0;0.027990
finalidade;sabin.com.br;13;0;0;0;0.082089
finalidade;sabin.com.br;22;0;0;0;0.119333
finalidade;sabin.com.br;30;0;0;0;0.058703
finalidade;sabin.com.br;32;0;0;0;0.111045
finalidade;sabin.com.br;36;0;0;0;0.080890
finalidade;sabin.com.br;37;0;0;1;0.139886
finalidade;sabin.com.br;40;0;0;0;0.113303
finalidade;sabin.com.br;46;0;0;0;0.082089
finalidade;sabin.com.br;49;0;0;0;0.091560
finalidade;sabin.com.br;51;0;0;0;0.116135
finalidade;sabin.com.br;53;0;0;0;0.065969
finalidade;sabin.com.br;64;0;0;0;0.048290
finalidade;sabin.com.br;65;0;0;1;0.141153
finalidade;sabin.com.br;66;0;0;0;0.091382
finalidade;sabin.com.br;67;0;0;0;0.068970
finalidade;sabin.com.br;68;0;0;0;0.021319
finalidade;sabin.com.br;69;0;0;0;0.064919
finalidade;sabin.com.br;70;0;0;0;0.087241
finalidade;sabin.com.br;71;0;0;0;0.022622
finalidade;sabin.com.br;72;0;0;0;0.016420
finalidade;sabin.com.br;73;0;0;0;0.030513
finalidade;sabin.com.br;74;0;0;0;0.069516
finalidade;sabin.com.br;75;0;0;0;0.045471
finalidade;sabin.com.br;76;0;0;1;0.190255
finalidade;sabin.com.br;79;0;0;0;0.017581
finalidade;sabin.com.br;80;0;0;0;0.026315
finalidade;sabin.com.br;81;0;0;0;0.026280
finalidade;sabin.com.br;82;0;0;0;0.028861
finalidade;sabin.com.br;83;0;0;0;0.091602
finalidade;sabin.com.br;84;0;0;0;0.084976
finalidade;sabin.com.br;85;0;0;0;0.051049
finalidade;sabin.com.br;86;0;0;0;0.034460
finalidade;sabin.com.br;87;0;0;0;0.028097
finalidade;sabin.com.br;88;0;0;0;0.065402
finalidade;sabin.com.br;89;0;0;0;0.037451
finalidade;sabin.com.br;90;0;0;0;0.046848
finalidade;sabin.com.br;91;0;0;0;0.072971
finalidade;sabin.com.br;92;0;0;0;0.055520
finalidade;sabin.com.br;95;0;0;0;0.095279
finalidade;sabin.com.br;98;0;0;0;0.091943
finalidade;sabin.com.br;99;0;0;0;0.056326
finalidade;sabin.com.br;100;0;0;0;0.066500
finalidade;sabin.com.br;101;0;0;0;0.065528
finalidade;sabin.com.br;102;0;1;0;0.052072
finalidade;sabin.com.br;103;0;0;0;0.083180
finalidade;sabin.com.br;104;0;1;1;0.209536
finalidade;sabin.com.br;105;0;0;0;0.020069
finalidade;sabin.com.br;106;0;0;0;0.066864
finalidade;sabin.com.br;107;0;0;0;0.028200
finalidade;sabin.com.br;108;0;0;0;0.082277
finalidade;sabin.com.br;109;0;0;0;0.065434
finalidade;sabin.com.br;110;0;1;1;0.221011
finalidade;sabin.com.br;111;0;0;0;0.082195
finalidade;sabin.com.br;112;0;0;0;0.038549
finalidade;sabin.com.br;113;0;0;0;0.060766
finalidade;sabin.com.br;114;0;0;0;0.025773
finalidade;sabin.com.br;115;0;0;0;0.064140
finalidade;sabin.com.br;116;0;0;0;0.055995
finalidade;sabin.com.br;117;0;0;0;0.071042
finalidade;sabin.com.br;118;0;0;0;0.052079
finalidade;sabin.com.br;119;0;0;0;0.070776
finalidade;sabin.com.br;120;0;0;0;0.045189
finalidade;sabin.com.br;121;0;0;0;0.075730
finalidade;sabin.com.br;124;0;0;0;0.029226
finalidade;sabin.com.br;125;0;0;1;0.169597
finalidade;sabin.com.br;126;1;1;1;0.245442
finalidade;sabin.com.br;127;0;0;0;0.111388
finalidade;sabin.com.br;128;1;1;1;0.183162
finalidade;sabin.com.br;129;0;0;1;0.142207
finalidade;sabin.com.br;130;1;1;1;0.237136
finalidade;sabin.com.br;131;0;0;0;0.072590
finalidade;sabin.com.br;132;1;1;1;0.239228
finalidade;sabin.com.br;133;0;0;1;0.345254
finalidade;sabin.com.br;134;0;0;0;0.064234
finalidade;sabin.com.br;135;0;0;0;0.121475
finalidade;sabin.com.br;136;1;0;1;0.323331
finalidade;sabin.com.br;137;0;0;1;0.420502
finalidade;sabin.com.br;138;1;1;1;0.139652
finalidade;sabin.com.br;139;0;1;0;0.063965
finalidade;sabin.com.br;140;0;0;0;0.048395
finalidade;sabin.com.br;141;0;0;0;0.067051
finalidade;sabin.com.br;142;0;0;0;0.013813
finalidade;sabin.com.br;143;0;1;0;0.106671
finalidade;sabin.com.br;144;0;0;0;0.083840
finalidade;sabin.com.br;145;0;0;0;0.034335
finalidade;sabin.com.br;146;0;0;0;0.026416
finalidade;sabin.com.br;147;0;0;0;0.062258
finalidade;sabin.com.br;148;0;0;0;0.029644
finalidade;sabin.com.br;149;0;0;0;0.033963
finalidade;sabin.com.br;150;0;0;1;0.136915
finalidade;sabin.com.br;151;0;1;1;0.146594
finalidade;sabin.com.br;152;0;0;1;0.200131
finalidade;sabin.com.br;153;0;1;1;0.184949
finalidade;sabin.com.br;154;0;1;1;0.131400
finalidade;sabin.com.br;155;0;0;0;0.061935
finalidade;sabin.com.br;156;0;0;0;0.091202
finalidade;sabin.com.br;157;0;0;0;0.085451
finalidade;sabin.com.br;158;0;0;0;0.085954
finalidade;sabin.com.br;159;0;0;0;0.060907
finalidade;sabin.com.br;161;0;0;1;0.133809
finalidade;sabin.com.br;162;0;0;0;0.125248
finalidade;sabin.com.br;163;0;1;0;0.082355
finalidade;sabin.com.br;164;0;0;0;0.059419
finalidade;sabin.com.br;165;0;0;0;0.096391
finalidade;sabin.com.br;166;0;0;0;0.037458
finalidade;sabin.com.br;167;0;0;0;0.026648
finalidade;sabin.com.br;168;0;0;0;0.067117
finalidade;sabin.com.br;169;0;0;0;0.062769
finalidade;sabin.com.br;170;1;0;1;0.297609
finalidade;sabin.com.br;171;0;0;0;0.043405
finalidade;sabin.com.br;172;0;0;0;0.022284
finalidade;sabin.com.br;173;0;0;0;0.049955
finalidade;sabin.com.br;174;0;0;0;0.080349
finalidade;sabin.com.br;175;0;0;0;0.056672
finalidade;sabin.com.br;176;0;0;1;0.165094
finalidade;sabin.com.br;177;0;0;1;0.132634
finalidade;sabin.com.br;178;0;0;0;0.053853
finalidade;sabin.com.br;179;0;1;1;0.193796
finalidade;sabin.com.br;180;0;0;0;0.081470
finalidade;sabin.com.br;181;0;0;1;0.292997
finalidade;sabin.com.br;182;0;0;0;0.037691
finalidade;sabin.com.br;183;0;0;0;0.107634
finalidade;sabin.com.br;184;0;0;0;0.057506
finalidade;sabin.com.br;185;0;0;0;0.058949
finalidade;sabin.com.br;186;0;0;0;0.017526
finalidade;sabin.com.br;187;0;0;0;0.039531
finalidade;sabin.com.br;188;0;0;0;0.060625
finalidade;sabin.com.br;189;0;0;0;0.052946
finalidade;sabin.com.br;190;0;0;0;0.061535
finalidade;sabin.com.br;191;1;0;1;0.637907
finalidade;sabin.com.br;192;0;0;0;0.032528
finalidade;sabin.com.br;193;0;0;0;0.026486
finalidade;sabin.com.br;194;0;0;0;0.022436
finalidade;sabin.com.br;195;0;0;0;0.032433
finalidade;sabin.com.br;196;0;0;0;0.041069
finalidade;sabin.com.br;197;0;0;0;0.040868
finalidade;sabin.com.br;198;0;0;0;0.046302
finalidade;sabin.com.br;199;0;0;0;0.089783
finalidade;sabin.com.br;200;0;0;0;0.064592
finalidade;sabin.com.br;201;0;0;0;0.074622
finalidade;sabin.com.br;202;0;0;0;0.018134
finalidade;sabin.com.br;203;0;1;1;0.133775
finalidade;sabin.com.br;204;0;0;0;0.034864
finalidade;sabin.com.br;205;0;0;0;0.088403
finalidade;sabin.com.br;206;0;0;0;0.057874
finalidade;sabin.com.br;207;0;0;0;0.092600
finalidade;sabin.com.br;209;0;0;0;0.033602
finalidade;sabin.com.br;210;0;0;0;0.022223
finalidade;sabin.com.br;211;0;0;0;0.033998
finalidade;sabin.com.br;212;0;0;0;0.021774
finalidade;sabin.com.br;213;0;0;0;0.026661
finalidade;sabin.com.br;214;0;0;0;0.032127
finalidade;sabin.com.br;216;0;0;0;0.037845
finalidade;sabin.com.br;217;0;0;0;0.114450
finalidade;sabin.com.br;218;0;1;0;0.054530
finalidade;sabin.com.br;219;0;0;0;0.080386
finalidade;sabin.com.br;220;0;0;0;0.071398
finalidade;sabin.com.br;221;0;0;0;0.089116
finalidade;sabin.com.br;222;0;0;0;0.058768
finalidade;sabin.com.br;223;0;0;1;0.137562
finalidade;sabin.com.br;224;0;0;0;0.126985
finalidade;sabin.com.br;225;0;0;1;0.135104
finalidade;sabin.com.br;226;0;0;0;0.128040
finalidade;sabin.com.br;227;0;0;0;0.065839
finalidade;sabin.com.br;228;0;0;0;0.054675
finalidade;sabin.com.br;229;0;1;1;0.144122
finalidade;sabin.com.br;230;0;0;0;0.053624
finalidade;sabin.com.br;231;0;0;0;0.110379
finalidade;sabin.com.br;232;0;0;0;0.072319
finalidade;sabin.com.br;233;0;0;0;0.087083
finalidade;sabin.com.br;234;0;0;0;0.061892
finalidade;sabin.com.br;235;0;0;0;0.083399
finalidade;sabin.com.br;236;0;0;0;0.066705
finalidade;sabin.com.br;237;0;0;1;0.171426
finalidade;sabin.com.br;238;0;0;0;0.124707
finalidade;sabin.com.br;239;0;0;0;0.089997
finalidade;sabin.com.br;240;0;0;0;0.081829
finalidade;sabin.com.br;241;0;0;0;0.077571
finalidade;sabin.com.br;242;0;1;0;0.100106
finalidade;sabin.com.br;243;0;0;0;0.097451
finalidade;sabin.com.br;244;0;1;1;0.145896
finalidade;sabin.com.br;245;0;0;0;0.071322
finalidade;sabin.com.br;246;0;0;0;0.071778
finalidade;sabin.com.br;247;0;0;0;0.089321
finalidade;sabin.com.br;248;0;0;0;0.121520
finalidade;sabin.com.br;249;0;0;0;0.088691
finalidade;sabin.com.br;250;0;0;0;0.103633
finalidade;sabin.com.br;251;0;0;1;0.157551
finalidade;sabin.com.br;252;0;0;0;0.066912
finalidade;sabin.com.br;253;0;0;0;0.066583
finalidade;sabin.com.br;254;0;0;0;0.058247
finalidade;sabin.com.br;255;0;0;0;0.069988
finalidade;sabin.com.br;257;0;0;0;0.074506
finalidade;sabin.com.br;258;0;0;0;0.063532
finalidade;sabin.com.br;259;0;0;0;0.082772
finalidade;sabin.com.br;260;0;0;0;0.087934
finalidade;sabin.com.br;261;0;0;0;0.100923
finalidade;sabin.com.br;262;0;0;0;0.066855
finalidade;sabin.com.br;263;0;0;0;0.043456
finalidade;sabin.com.br;264;0;1;0;0.053014
finalidade;sabin.com.br;266;0;0;0;0.075950
finalidade;sabin.com.br;267;0;0;0;0.065786
finalidade;sabin.com.br;268;0;0;0;0.067807
finalidade;sabin.com.br;271;0;0;0;0.033929
finalidade;sabin.com.br;272;0;0;0;0.082089
finalidade;sabin.com.br;273;0;0;0;0.033929
finalidade;sabin.com.br;276;0;0;0;0.019653
finalidade;sabin.com.br;280;0;1;1;0.323441
finalidade;sabin.com.br;281;0;0;0;0.019155
finalidade;sabin.com.br;282;0;0;0;0.030014
finalidade;sabin.com.br;287;0;0;0;0.082089
finalidade;sabin.com.br;292;0;0;0;0.083168
finalidade;sabin.com.br;293;0;0;0;0.097824
finalidade;sabin.com.br;294;0;0;1;0.146423
finalidade;sabin.com.br;295;0;0;0;0.111045
finalidade;sabin.com.br;299;0;0;0;0.060434
finalidade;sabin.com.br;303;0;0;0;0.067045
finalidade;sabin.com.br;309;0;0;0;0.013811
finalidade;sabin.com.br;310;0;0;0;0.042860
finalidade;sabin.com.br;311;0;0;0;0.076001
finalidade;sabin.com.br;319;0;0;1;0.182401
finalidade;sabin.com.br;320;0;0;0;0.082089
finalidade;sabin.com.br;322;0;0;0;0.041717
finalidade;sabin.com.br;333;0;0;0;0.029133
finalidade;sabin.com.br;335;0;1;1;0.265024
finalidade;sabin.com.br;338;0;0;0;0.101121
finalidade;sabin.com.br;342;0;0;0;0.108866
finalidade;sabin.com.br;344;0;0;1;0.139886
finalidade;sabin.com.br;352;0;0;0;0.093792
finalidade;sabin.com.br;363;0;0;0;0.078580
finalidade;sabin.com.br;366;0;0;0;0.088551
finalidade;sabin.com.br;367;0;0;1;0.274607
finalidade;sabin.com.br;382;0;0;1;0.139886
finalidade;sabin.com.br;385;0;0;0;0.082089
finalidade;sabin.com.br;395;0;0;1;0.274607
finalidade;sabin.com.br;402;0;0;1;0.139886
finalidade;sabin.com.br;403;0;0;1;0.274607
finalidade;sabin.com.br;405;0;0;0;0.064352
finalidade;sabin.com.br;406;0;0;0;0.067806
finalidade;sabin.com.br;415;0;0;1;0.139886
finalidade;sabin.com.br;418;0;0;0;0.090801
finalidade;sabin.com.br;481;0;0;0;0.097654
finalidade;sabin.com.br;483;0;0;0;0.068281
finalidade;sabin.com.br;486;0;0;0;0.082089
finalidade;sabin.com.br;489;0;0;0;0.050562
finalidade;sabin.com.br;492;0;0;1;0.164502
finalidade;sabin.com.br;502;0;0;0;0.079123
finalidade;sabin.com.br;503;0;0;0;0.099473
finalidade;sabin.com.br;508;0;0;0;0.083168
finalidade;sabin.com.br;509;0;0;0;0.080139
finalidade;sabin.com.br;510;0;0;0;0.058703
finalidade;sabin.com.br;513;0;0;0;0.093574
finalidade;sabin.com.br;514;0;0;1;0.219204
finalidade;sabin.com.br;515;0;0;0;0.095110
finalidade;sabin.com.br;516;0;0;0;0.095813
finalidade;sabin.com.br;517;0;0;0;0.083943
finalidade;sabin.com.br;518;0;0;0;0.082089
finalidade;sabin.com.br;522;0;0;0;0.064355
finalidade;sabin.com.br;530;0;0;0;0.083311
finalidade;sabin.com.br;532;0;0;0;0.080405
finalidade;sabin.com.br;536;0;0;0;0.072884
finalidade;sabin.com.br;538;0;0;0;0.084615
finalidade;sabin.com.br;540;0;0;1;0.165080
finalidade;sabin.com.br;542;0;0;0;0.091760
finalidade;sabin.com.br;548;0;0;0;0.060934
finalidade;sabin.com.br;550;0;0;0;0.110070
finalidade;sabin.com.br;552;0;0;1;0.205709
finalidade;sabin.com.br;553;0;0;0;0.071099
finalidade;sabin.com.br;554;0;0;0;0.074756
finalidade;sabin.com.br;555;0;0;0;0.074756
finalidade;sabin.com.br;557;0;0;0;0.093865
finalidade;sabin.com.br;558;0;0;1;0.269102
finalidade;sabin.com.br;564;0;0;0;0.126460
finalidade;sabin.com.br;565;0;0;0;0.078628
finalidade;sabin.com.br;566;0;0;0;0.085558
finalidade;sabin.com.br;567;0;0;0;0.083912
finalidade;sabin.com.br;568;0;0;1;0.157811
finalidade;losango.com.br;1;0;0;0;0.024921
finalidade;losango.com.br;2;0;0;0;0.020728
finalidade;losango.com.br;3;0;0;0;0.016379
finalidade;losango.com.br;10;0;0;0;0.068514
finalidade;losango.com.br;11;0;0;0;0.068514
finalidade;losango.com.br;12;0;0;1;0.158804
finalidade;losango.com.br;14;0;0;0;0.046011
finalidade;losango.com.br;15;0;0;0;0.008420
finalidade;losango.com.br;19;0;0;0;0.019712
finalidade;losango.com.br;22;0;1;0;0.011650
finalidade;losango.com.br;23;0;0;0;0.039486
finalidade;losango.com.br;26;0;0;0;0.013762
finalidade;losango.com.br;27;0;0;0;0.001085
finalidade;losango.com.br;28;0;0;0;0.003253
finalidade;losango.com.br;29;0;0;0;0.006467
finalidade;losango.com.br;30;0;0;0;0.002850
finalidade;losango.com.br;31;0;0;0;0.035971
finalidade;losango.com.br;32;0;0;0;0.006380
finalidade;losango.com.br;33;0;0;0;0.002883
finalidade;losango.com.br;35;0;0;1;0.325768
finalidade;losango.com.br;36;0;0;0;0.024921
finalidade;losango.com.br;37;0;0;0;0.069679
finalidade;losango.com.br;44;0;0;0;0.010588
finalidade;losango.com.br;48;0;0;0;0.003138
finalidade;losango.com.br;49;0;0;0;0.001599
finalidade;losango.com.br;51;0;0;0;0.028808
finalidade;losango.com.br;52;0;0;0;0.116308
finalidade;losango.com.br;54;0;0;0;0.024921
finalidade;losango.com.br;55;0;0;0;0.069679
finalidade;losango.com.br;56;0;0;0;0.020737
finalidade;losango.com.br;58;0;0;0;0.027264
finalidade;losango.com.br;59;0;0;0;0.031966
finalidade;losango.com.br;60;0;0;0;0.010560
finalidade;losango.com.br;61;0;0;0;0.017824
finalidade;losango.com.br;63;0;0;0;0.068482
finalidade;losango.com.br;64;0;0;0;0.046033
finalidade;losango.com.br;65;0;0;0;0.038516
finalidade;losango.com.br;66;0;0;0;0.017329
finalidade;losango.com.br;67;0;0;0;0.023040
finalidade;losango.com.br;68;0;0;0;0.014650
finalidade;losango.com.br;69;0;0;0;0.008688
finalidade;losango.com.br;70;0;0;0;0.047412
finalidade;losango.com.br;71;0;0;0;0.067930
finalidade;losango.com.br;72;0;0;0;0.026993
finalidade;losango.com.br;73;0;0;0;0.089667
finalidade;losango.com.br;74;0;0;1;0.287898
finalidade;losango.com.br;75;0;0;0;0.051480
finalidade;losango.com.br;76;0;1;1;0.257972
finalidade;losango.com.br;77;0;0;0;0.034157
finalidade;losango.com.br;78;0;0;0;0.028042
finalidade;losango.com.br;79;0;0;0;0.011609
finalidade;losango.com.br;80;0;0;0;0.044637
finalidade;losango.com.br;81;0;0;0;0.021009
finalidade;losango.com.br;82;0;0;0;0.008162
finalidade;losango.com.br;88;0;0;0;0.049936
finalidade;losango.com.br;89;0;0;0;0.009548
finalidade;losango.com.br;95;0;0;1;0.566747
finalidade;losango.com.br;100;0;0;1;0.228330
finalidade;losango.com.br;101;0;0;0;0.074056
finalidade;losango.com.br;102;0;0;0;0.011290
finalidade;losango.com.br;103;0;0;1;0.190209
finalidade;losango.com.br;104;0;1;0;0.081718
finalidade;losango.com.br;105;0;0;0;0.017814
finalidade;losango.com.br;106;0;0;0;0.036481
finalidade;losango.com.br;110;0;1;0;0.104676
finalidade;losango.com.br;112;0;0;0;0.041100
finalidade;losango.com.br;114;0;0;1;0.162801
finalidade;losango.com.br;116;0;0;0;0.090810
finalidade;losango.com.br;117;0;0;0;0.025828
finalidade;losango.com.br;119;0;0;0;0.109800
finalidade;losango.com.br;121;0;0;0;0.060609
finalidade;losango.com.br;123;0;0;0;0.043554
finalidade;losango.com.br;125;0;0;0;0.117591
finalidade;losango.com.br;127;0;1;0;0.043935
finalidade;losango.com.br;129;0;0;0;0.003826
finalidade;losango.com.br;131;0;0;0;0.034884
finalidade;losango.com.br;133;0;0;0;0.099301
finalidade;losango.com.br;135;0;0;0;0.075514
finalidade;losango.com.br;137;0;1;1;0.146545
finalidade;losango.com.br;138;0;0;0;0.012326
finalidade;losango.com.br;140;0;0;0;0.059378
finalidade;losango.com.br;142;0;0;0;0.111750
finalidade;losango.com.br;144;0;0;0;0.010710
finalidade;losango.com.br;146;0;1;1;0.825413
finalidade;losango.com.br;148;0;0;0;0.047138
finalidade;losango.com.br;150;0;0;0;0.009915
finalidade;losango.com.br;152;0;0;0;0.093883
finalidade;losango.com.br;153;0;0;0;0.031648
finalidade;losango.com.br;154;0;0;0;0.032550
finalidade;losango.com.br;155;0;0;0;0.026191
finalidade;losango.com.br;156;0;0;0;0.005235
finalidade;losango.com.br;160;0;0;0;0.132957
finalidade;losango.com.br;161;0;0;0;0.023504
finalidade;losango.com.br;163;0;0;1;0.153211
finalidade;losango.com.br;164;0;0;0;0.048887
finalidade;losango.com.br;165;0;0;0;0.054836
finalidade;losango.com.br;167;0;0;0;0.031187
finalidade;losango.com.br;169;0;0;0;0.052158
finalidade;losango.com.br;171;0;0;0;0.038629
finalidade;losango.com.br;173;0;0;0;0.074899
finalidade;losango.com.br;175;0;0;1;0.146814
finalidade;losango.com.br;177;0;0;0;0.015426
finalidade;losango.com.br;179;0;0;0;0.072813
finalidade;losango.com.br;181;0;0;0;0.015437
finalidade;losango.com.br;183;0;1;0;0.034495
finalidade;losango.com.br;185;0;0;0;0.032065
finalidade;losango.com.br;189;0;0;0;0.029739
finalidade;losango.com.br;193;0;0;0;0.019682
finalidade;losango.com.br;195;0;1;0;0.069861
finalidade;losango.com.br;197;0;0;0;0.007495
finalidade;losango.com.br;199;0;0;0;0.004263
finalidade;losango.com.br;201;0;0;0;0.064560
finalidade;losango.com.br;203;0;0;0;0.016802
finalidade;losango.com.br;204;0;1;0;0.038297
finalidade;losango.com.br;310;0;0;0;0.001417
finalidade;losango.com.br;311;0;0;0;0.127535
finalidade;losango.com.br;312;0;0;0;0.019852
finalidade;losango.com.br;313;0;0;0;0.000901
finalidade;losango.com.br;314;1;1;1;0.641375
finalidade;losango.com.br;315;0;0;0;0.004644
finalidade;losango.com.br;316;1;0;0;0.116183
finalidade;losango.com.br;317;0;0;0;0.007265
finalidade;losango.com.br;318;0;1;0;0.073601
finalidade;losango.com.br;319;0;0;0;0.003131
finalidade;losango.com.br;320;0;0;0;0.008679
finalidade;losango.com.br;321;0;0;0;0.019518
finalidade;losango.com.br;322;0;0;0;0.013784
finalidade;losango.com.br;323;0;0;0;0.016033
finalidade;losango.com.br;324;0;0;0;0.003023
finalidade;losango.com.br;325;0;0;0;0.004856
finalidade;losango.com.br;326;0;0;0;0.007599
finalidade;losango.com.br;327;0;0;0;0.002209
finalidade;losango.com.br;328;0;0;0;0.005590
finalidade;losango.com.br;329;0;0;0;0.003668
finalidade;redesurftank.com.br;3;0;0;0;0.014561
finalidade;redesurftank.com.br;4;0;0;0;0.043010
finalidade;redesurftank.com.br;13;0;0;0;0.068382
finalidade;redesurftank.com.br;14;0;0;1;0.218053
finalidade;redesurftank.com.br;20;0;0;0;0.042094
finalidade;redesurftank.com.br;21;0;0;0;0.028913
finalidade;redesurftank.com.br;22;0;0;0;0.096048
finalidade;redesurftank.com.br;25;0;0;0;0.034445
finalidade;redesurftank.com.br;26;0;0;0;0.015860
finalidade;redesurftank.com.br;27;0;0;0;0.005082
finalidade;redesurftank.com.br;29;0;0;0;0.000971
finalidade;redesurftank.com.br;30;0;0;0;0.009834
finalidade;redesurftank.com.br;34;0;0;0;0.002504
finalidade;redesurftank.com.br;35;0;0;0;0.003627
finalidade;redesurftank.com.br;36;0;0;0;0.006743
finalidade;redesurftank.com.br;38;0;0;0;0.003422
finalidade;redesurftank.com.br;39;0;0;0;0.127744
finalidade;redesurftank.com.br;40;1;0;0;0.063234
finalidade;redesurftank.com.br;41;1;0;0;0.052503
finalidade;redesurftank.com.br;42;0;0;0;0.017913
finalidade;redesurftank.com.br;43;1;0;0;0.122618
finalidade;redesurftank.com.br;44;1;1;1;0.450069
finalidade;redesurftank.com.br;45;1;0;0;0.066859
finalidade;redesurftank.com.br;46;0;0;0;0.015650
finalidade;redesurftank.com.br;47;0;0;0;0.018825
finalidade;redesurftank.com.br;48;1;0;1;0.219208
finalidade;redesurftank.com.br;49;1;1;1;0.190280
finalidade;redesurftank.com.br;50;0;0;0;0.059095
finalidade;redesurftank.com.br;51;0;0;0;0.086506
finalidade;redesurftank.com.br;52;1;0;0;0.039716
finalidade;redesurftank.com.br;53;0;0;0;0.073841
finalidade;redesurftank.com.br;54;0;0;0;0.049693
finalidade;redesurftank.com.br;55;0;0;0;0.072637
finalidade;redesurftank.com.br;57;0;0;0;0.114661
finalidade;redesurftank.com.br;62;1;0;0;0.051316
finalidade;redesurftank.com.br;63;0;0;1;0.555500
finalidade;redesurftank.com.br;65;1;0;0;0.074405
finalidade;redesurftank.com.br;66;0;0;0;0.020906
finalidade;redesurftank.com.br;68;1;0;0;0.019002
finalidade;redesurftank.com.br;71;1;0;1;0.315474
finalidade;redesurftank.com.br;72;0;0;0;0.014583
finalidade;redesurftank.com.br;74;1;0;0;0.084721
finalidade;redesurftank.com.br;76;1;0;0;0.033823
finalidade;redesurftank.com.br;77;1;1;0;0.056576
finalidade;redesurftank.com.br;78;0;0;0;0.051978
finalidade;redesurftank.com.br;80;0;0;0;0.003521
finalidade;redesurftank.com.br;81;0;0;0;0.005116
finalidade;redesurftank.com.br;82;0;0;0;0.009210
finalidade;redesurftank.com.br;83;0;0;0;0.073649
finalidade;redesurftank.com.br;84;0;0;0;0.025469
finalidade;redesurftank.com.br;85;1;0;0;0.111446
finalidade;redesurftank.com.br;86;0;0;0;0.044351
finalidade;redesurftank.com.br;87;0;0;1;0.157322
finalidade;redesurftank.com.br;88;0;0;0;0.004446
finalidade;redesurftank.com.br;89;0;0;0;0.002277
finalidade;redesurftank.com.br;90;0;0;1;0.168869
finalidade;redesurftank.com.br;91;0;0;0;0.003978
finalidade;redesurftank.com.br;92;0;0;0;0.008081
finalidade;redesurftank.com.br;94;0;0;0;0.005977
finalidade;redesurftank.com.br;95;0;0;0;0.007640
finalidade;redesurftank.com.br;96;0;0;1;0.155044
finalidade;redesurftank.com.br;97;0;0;0;0.007168
finalidade;redesurftank.com.br;98;0;0;1;0.236611
finalidade;redesurftank.com.br;99;0;1;1;0.275237
finalidade;redesurftank.com.br;100;0;0;0;0.009097
finalidade;redesurftank.com.br;101;0;0;0;0.002846
finalidade;redesurftank.com.br;104;0;0;0;0.012133
finalidade;redesurftank.com.br;105;0;0;0;0.024395
finalidade;redesurftank.com.br;106;0;0;0;0.014656
finalidade;redesurftank.com.br;107;0;0;0;0.028474
finalidade;redesurftank.com.br;108;0;0;0;0.021576
finalidade;redesurftank.com.br;109;0;1;0;0.033646
finalidade;redesurftank.com.br;112;0;0;0;0.005398
finalidade;redesurftank.com.br;113;0;0;0;0.004090
finalidade;redesurftank.com.br;114;0;0;0;0.005424
finalidade;redesurftank.com.br;115;0;0;0;0.008626
finalidade;redesurftank.com.br;116;0;0;0;0.007332
finalidade;redesurftank.com.br;117;0;0;0;0.008775
finalidade;redesurftank.com.br;118;0;0;0;0.016362
finalidade;redesurftank.com.br;119;0;0;0;0.011792
finalidade;redesurftank.com.br;120;0;0;0;0.017395
finalidade;redesurftank.com.br;121;0;1;0;0.028968
finalidade;redesurftank.com.br;124;0;0;0;0.011799
finalidade;redesurftank.com.br;125;0;0;0;0.067599
finalidade;redesurftank.com.br;126;0;0;0;0.008239
finalidade;redesurftank.com.br;127;0;0;0;0.039821
finalidade;redesurftank.com.br;128;0;0;1;0.503598
finalidade;redesurftank.com.br;129;0;0;0;0.032111
finalidade;redesurftank.com.br;130;0;0;0;0.063595
finalidade;redesurftank.com.br;132;0;0;0;0.020435
finalidade;redesurftank.com.br;133;0;0;0;0.014484
finalidade;redesurftank.com.br;134;0;0;0;0.003020
finalidade;redesurftank.com.br;135;1;0;1;0.395152
finalidade;redesurftank.com.br;136;1;0;1;0.173782
finalidade;redesurftank.com.br;137;1;0;0;0.021560
finalidade;redesurftank.com.br;138;1;1;1;0.235738
finalidade;redesurftank.com.br;139;0;0;0;0.061095
finalidade;redesurftank.com.br;140;1;0;1;0.212706
finalidade;redesurftank.com.br;141;1;1;0;0.108295
finalidade;redesurftank.com.br;142;1;0;0;0.126757
finalidade;redesurftank.com.br;143;0;0;1;0.164567
finalidade;redesurftank.com.br;144;0;0;0;0.004087
finalidade;redesurftank.com.br;145;0;0;1;0.196913
finalidade;redesurftank.com.br;146;0;0;0;0.006730
finalidade;redesurftank.com.br;148;0;0;0;0.029104
finalidade;redesurftank.com.br;149;0;0;0;0.081553
finalidade;redesurftank.com.br;151;0;0;0;0.005663
finalidade;redesurftank.com.br;152;0;0;0;0.002348
finalidade;redesurftank.com.br;153;0;1;0;0.060355
finalidade;redesurftank.com.br;154;0;1;1;0.414441
finalidade;redesurftank.com.br;156;0;0;0;0.013834
finalidade;redesurftank.com.br;157;0;0;0;0.008860
finalidade;redesurftank.com.br;159;0;0;0;0.008043
finalidade;redesurftank.com.br;160;0;0;0;0.003888
finalidade;redesurftank.com.br;161;0;0;0;0.027068
finalidade;redesurftank.com.br;162;0;0;0;0.011567
finalidade;redesurftank.com.br;165;0;0;0;0.008790
finalidade;redesurftank.com.br;166;0;0;0;0.014957
finalidade;redesurftank.com.br;167;0;0;0;0.051484
finalidade;redesurftank.com.br;168;0;0;0;0.016270
finalidade;redesurftank.com.br;175;0;0;0;0.091700
finalidade;redesurftank.com.br;176;0;0;0;0.009114
finalidade;redesurftank.com.br;185;0;0;0;0.026951
finalidade;redesurftank.com.br;186;0;0;0;0.005903
finalidade;redesurftank.com.br;187;0;0;1;0.186996
finalidade;redesurftank.com.br;188;0;0;0;0.004878
finalidade;redesurftank.com.br;189;0;0;0;0.007784
finalidade;redesurftank.com.br;190;0;0;0;0.021680
finalidade;redesurftank.com.br;192;0;0;0;0.023897
finalidade;redesurftank.com.br;193;0;0;0;0.009700
finalidade;redesurftank.com.br;198;0;0;0;0.063223
finalidade;redesurftank.com.br;242;0;0;0;0.010234
finalidade;redesurftank.com.br;243;0;0;0;0.047343
finalidade;redesurftank.com.br;247;0;0;0;0.032669
finalidade;redesurftank.com.br;249;0;0;0;0.028561
finalidade;redesurftank.com.br;251;0;0;0;0.037345
finalidade;redesurftank.com.br;253;0;0;1;0.332023
finalidade;redesurftank.com.br;255;0;0;0;0.023498
finalidade;redesurftank.com.br;257;0;0;0;0.023852
finalidade;redesurftank.com.br;259;0;0;0;0.019329
finalidade;redesurftank.com.br;260;0;0;0;0.017691
finalidade;redesurftank.com.br;262;0;0;0;0.021123
finalidade;redesurftank.com.br;263;0;0;0;0.025289
finalidade;redesurftank.com.br;264;0;0;0;0.095294
finalidade;redesurftank.com.br;266;0;0;0;0.075869
finalidade;redesurftank.com.br;267;0;0;0;0.032098
finalidade;redesurftank.com.br;268;0;0;1;0.533991
finalidade;redesurftank.com.br;269;0;0;0;0.019815
finalidade;redesurftank.com.br;270;0;0;0;0.052526
finalidade;redesurftank.com.br;271;0;0;1;0.288280
finalidade;redesurftank.com.br;272;0;0;0;0.004266
finalidade;redesurftank.com.br;273;0;0;0;0.023076
finalidade;redesurftank.com.br;274;0;0;0;0.022119
finalidade;redesurftank.com.br;275;0;0;0;0.053286
finalidade;redesurftank.com.br;276;0;0;0;0.124401
finalidade;redesurftank.com.br;277;0;0;0;0.004996
finalidade;redesurftank.com.br;278;0;0;0;0.046567
finalidade;redesurftank.com.br;279;0;0;0;0.051306
finalidade;redesurftank.com.br;280;0;0;0;0.016974
finalidade;redesurftank.com.br;281;0;0;0;0.011589
finalidade;redesurftank.com.br;282;0;0;0;0.054709
finalidade;redesurftank.com.br;283;0;1;0;0.062312
finalidade;redesurftank.com.br;284;0;0;0;0.011773
finalidade;redesurftank.com.br;285;0;0;0;0.019416
finalidade;redesurftank.com.br;286;0;0;0;0.033205
finalidade;redesurftank.com.br;287;0;0;0;0.102022
finalidade;redesurftank.com.br;288;0;0;0;0.026477
finalidade;redesurftank.com.br;289;0;0;0;0.061852
finalidade;redesurftank.com.br;290;0;0;1;0.251620
finalidade;redesurftank.com.br;291;0;0;0;0.047659
finalidade;redesurftank.com.br;292;0;0;0;0.004580
finalidade;redesurftank.com.br;293;0;0;0;0.120356
finalidade;redesurftank.com.br;294;0;0;0;0.023543
finalidade;redesurftank.com.br;295;0;0;0;0.015731
finalidade;redesurftank.com.br;296;0;1;0;0.037904
finalidade;redesurftank.com.br;297;0;0;0;0.006937
finalidade;redesurftank.com.br;299;0;0;0;0.012837
finalidade;redesurftank.com.br;300;0;1;0;0.043572
finalidade;redesurftank.com.br;301;0;0;0;0.010398
finalidade;redesurftank.com.br;302;0;1;0;0.066877
finalidade;redesurftank.com.br;303;0;0;0;0.133110
finalidade;redesurftank.com.br;304;0;0;0;0.068129
finalidade;redesurftank.com.br;305;0;0;0;0.017221
finalidade;redesurftank.com.br;306;0;0;0;0.008961
finalidade;redesurftank.com.br;307;0;0;0;0.003308
finalidade;redesurftank.com.br;308;0;0;0;0.051299
finalidade;redesurftank.com.br;309;0;0;0;0.033117
finalidade;redesurftank.com.br;310;0;0;0;0.054402
finalidade;redesurftank.com.br;311;0;0;0;0.021656
finalidade;redesurftank.com.br;312;0;0;0;0.117498
finalidade;redesurftank.com.br;313;0;0;0;0.017624
finalidade;redesurftank.com.br;314;0;0;1;0.141053
finalidade;redesurftank.com.br;315;0;0;0;0.054316
finalidade;redesurftank.com.br;317;0;0;0;0.019958
finalidade;redesurftank.com.br;318;0;0;0;0.012585
finalidade;redesurftank.com.br;319;0;0;0;0.084893
finalidade;redesurftank.com.br;320;0;0;0;0.008783
finalidade;redesurftank.com.br;321;0;1;0;0.027463
finalidade;redesurftank.com.br;322;0;0;0;0.014339
finalidade;redesurftank.com.br;323;0;0;0;0.036752
finalidade;redesurftank.com.br;324;0;0;0;0.015115
finalidade;redesurftank.com.br;325;0;0;0;0.128708
finalidade;redesurftank.com.br;326;0;0;0;0.015255
finalidade;redesurftank.com.br;327;0;0;0;0.022124
finalidade;redesurftank.com.br;328;0;0;0;0.010175
finalidade;redesurftank.com.br;329;0;0;0;0.034271
finalidade;redesurftank.com.br;330;0;0;0;0.023676
finalidade;redesurftank.com.br;332;0;0;1;0.327389
finalidade;redesurftank.com.br;333;0;0;1;0.232498
finalidade;redesurftank.com.br;334;0;0;0;0.035969
finalidade;redesurftank.com.br;335;0;0;0;0.044156
finalidade;redesurftank.com.br;339;0;0;0;0.048383
finalidade;redesurftank.com.br;340;0;0;0;0.014310
finalidade;redesurftank.com.br;341;0;0;0;0.087178
finalidade;redesurftank.com.br;342;0;0;0;0.061795
finalidade;redesurftank.com.br;343;0;0;0;0.112880
finalidade;redesurftank.com.br;344;0;0;0;0.025024
finalidade;redesurftank.com.br;345;0;0;0;0.074713
finalidade;redesurftank.com.br;346;0;0;0;0.037415
finalidade;redesurftank.com.br;347;0;0;0;0.091108
finalidade;redesurftank.com.br;348;0;0;1;0.167891
finalidade;redesurftank.com.br;351;0;0;0;0.024262
finalidade;redesurftank.com.br;352;0;0;0;0.023974
finalidade;redesurftank.com.br;353;0;0;1;0.147612
finalidade;redesurftank.com.br;354;0;0;0;0.010646
finalidade;redesurftank.com.br;355;0;0;0;0.008857
finalidade;redesurftank.com.br;356;0;0;0;0.068030
finalidade;redesurftank.com.br;357;0;0;0;0.017918
finalidade;redesurftank.com.br;358;0;0;1;0.139781
finalidade;redesurftank.com.br;359;0;0;0;0.089693
finalidade;redesurftank.com.br;360;0;0;1;0.292055
finalidade;redesurftank.com.br;361;0;0;1;0.182082
finalidade;redesurftank.com.br;362;0;0;0;0.007229
finalidade;redesurftank.com.br;363;0;0;0;0.034565
finalidade;redesurftank.com.br;364;0;0;0;0.058658
finalidade;redesurftank.com.br;365;0;0;0;0.002782
finalidade;redesurftank.com.br;366;0;0;0;0.126477
finalidade;redesurftank.com.br;367;0;0;0;0.066552
finalidade;redesurftank.com.br;368;0;0;0;0.063741
finalidade;redesurftank.com.br;369;0;0;0;0.020854
finalidade;redesurftank.com.br;370;0;0;0;0.022485
finalidade;redesurftank.com.br;371;0;0;0;0.020134
finalidade;redesurftank.com.br;372;0;0;1;0.288228
finalidade;redesurftank.com.br;373;0;0;0;0.041250
finalidade;redesurftank.com.br;375;0;0;0;0.029025
finalidade;redesurftank.com.br;378;0;0;0;0.057542
finalidade;redesurftank.com.br;380;0;0;0;0.024262
finalidade;redesurftank.com.br;381;0;0;0;0.027783
finalidade;redesurftank.com.br;383;0;0;0;0.011783
finalidade;redesurftank.com.br;384;0;0;0;0.027505
finalidade;redesurftank.com.br;386;0;0;0;0.008004
finalidade;redesurftank.com.br;387;0;0;0;0.031492
finalidade;redesurftank.com.br;389;0;0;0;0.018158
finalidade;redesurftank.com.br;390;0;0;1;0.345754
finalidade;redesurftank.com.br;391;0;0;0;0.014824
finalidade;redesurftank.com.br;392;0;0;0;0.029736
finalidade;redesurftank.com.br;393;0;0;0;0.018158
finalidade;redesurftank.com.br;394;0;0;0;0.021795
finalidade;redesurftank.com.br;395;0;0;0;0.114702
finalidade;redesurftank.com.br;396;0;0;1;0.249975
finalidade;redesurftank.com.br;397;0;0;1;0.547720
finalidade;redesurftank.com.br;398;0;0;1;0.427788
finalidade;redesurftank.com.br;399;0;0;1;0.149025
finalidade;redesurftank.com.br;400;0;0;0;0.019396
finalidade;redesurftank.com.br;401;0;0;0;0.039153
finalidade;redesurftank.com.br;402;0;0;0;0.014752
finalidade;redesurftank.com.br;403;0;0;0;0.018456
finalidade;redesurftank.com.br;405;0;0;1;0.270610
finalidade;redesurftank.com.br;406;0;0;0;0.024116
finalidade;redesurftank.com.br;407;0;0;0;0.033557
finalidade;redesurftank.com.br;408;0;0;0;0.047466
finalidade;redesurftank.com.br;409;0;0;0;0.021330
finalidade;redesurftank.com.br;410;0;0;0;0.017019
finalidade;redesurftank.com.br;411;0;0;0;0.076561
finalidade;redesurftank.com.br;412;0;0;0;0.025028
finalidade;redesurftank.com.br;413;0;0;1;0.146354
finalidade;redesurftank.com.br;414;0;0;1;0.197296
finalidade;redesurftank.com.br;415;0;0;0;0.038244
finalidade;redesurftank.com.br;417;0;0;0;0.011464
finalidade;redesurftank.com.br;418;0;0;0;0.025843
finalidade;redesurftank.com.br;419;0;0;1;0.201004
finalidade;redesurftank.com.br;422;0;0;0;0.000662
finalidade;redesurftank.com.br;423;0;0;0;0.050911
finalidade;redesurftank.com.br;426;0;0;0;0.096891
finalidade;redesurftank.com.br;428;0;0;0;0.019939
finalidade;redesurftank.com.br;429;0;0;0;0.039821
finalidade;redesurftank.com.br;430;0;0;0;0.107315
finalidade;redesurftank.com.br;431;0;0;0;0.088766
finalidade;redesurftank.com.br;433;0;0;0;0.016115
finalidade;redesurftank.com.br;434;0;0;0;0.026797
finalidade;redesurftank.com.br;435;0;0;0;0.031206
finalidade;redesurftank.com.br;436;0;0;0;0.011110
finalidade;redesurftank.com.br;438;0;0;0;0.011484
finalidade;redesurftank.com.br;439;0;0;0;0.010024
finalidade;redesurftank.com.br;440;0;0;0;0.019866
finalidade;redesurftank.com.br;441;0;0;0;0.023159
finalidade;redesurftank.com.br;443;0;0;0;0.035684
finalidade;redesurftank.com.br;444;0;0;0;0.020718
finalidade;redesurftank.com.br;445;0;0;0;0.009796
finalidade;redesurftank.com.br;448;0;0;0;0.017650
finalidade;redesurftank.com.br;449;0;0;0;0.041082
finalidade;redesurftank.com.br;451;0;0;0;0.010317
finalidade;redesurftank.com.br;452;0;0;0;0.011422
finalidade;redesurftank.com.br;453;0;0;0;0.028884
finalidade;redesurftank.com.br;454;0;0;0;0.009639
finalidade;redesurftank.com.br;455;0;0;0;0.004069
finalidade;redesurftank.com.br;456;0;0;0;0.010262
finalidade;redesurftank.com.br;457;0;0;0;0.013856
finalidade;redesurftank.com.br;460;0;0;0;0.110684
finalidade;cenprotnacional.org.br;0;0;0;0;0.001172
finalidade;cenprotnacional.org.br;1;0;0;0;0.007136
finalidade;cenprotnacional.org.br;4;0;0;0;0.019031
finalidade;cenprotnacional.org.br;6;0;0;0;0.000787
finalidade;cenprotnacional.org.br;8;0;0;0;0.001602
finalidade;cenprotnacional.org.br;10;0;0;0;0.005941
finalidade;cenprotnacional.org.br;12;0;0;0;0.017739
finalidade;cenprotnacional.org.br;13;0;0;0;0.008280
finalidade;cenprotnacional.org.br;14;0;0;0;0.026898
finalidade;cenprotnacional.org.br;17;0;0;0;0.000186
finalidade;cenprotnacional.org.br;19;0;0;0;0.033791
finalidade;cenprotnacional.org.br;20;0;1;0;0.112124
finalidade;cenprotnacional.org.br;21;0;0;0;0.012153
finalidade;cenprotnacional.org.br;23;0;0;0;0.077590
finalidade;cenprotnacional.org.br;24;0;0;0;0.011344
finalidade;cenprotnacional.org.br;26;0;0;1;0.268318
finalidade;cenprotnacional.org.br;28;0;0;1;0.246025
finalidade;cenprotnacional.org.br;29;0;0;0;0.074402
finalidade;cenprotnacional.org.br;30;0;0;0;0.025162
finalidade;cenprotnacional.org.br;31;0;0;0;0.006249
finalidade;cenprotnacional.org.br;32;1;1;1;0.724230
finalidade;cenprotnacional.org.br;33;0;0;0;0.013812
finalidade;cenprotnacional.org.br;34;1;1;1;0.298343
finalidade;cenprotnacional.org.br;35;0;0;0;0.090748
finalidade;cenprotnacional.org.br;36;0;0;0;0.010075
finalidade;cenprotnacional.org.br;37;0;0;0;0.024995
finalidade;cenprotnacional.org.br;38;0;0;0;0.006442
finalidade;cenprotnacional.org.br;39;1;1;1;0.666951
finalidade;cenprotnacional.org.br;40;1;1;0;0.017652
finalidade;cenprotnacional.org.br;41;0;1;1;0.259003
finalidade;cenprotnacional.org.br;43;0;0;0;0.000693
finalidade;cenprotnacional.org.br;45;1;1;1;0.217077
finalidade;cenprotnacional.org.br;47;0;0;1;0.339521
finalidade;cenprotnacional.org.br;48;1;0;0;0.008791
finalidade;cenprotnacional.org.br;49;1;0;0;0.052974
finalidade;cenprotnacional.org.br;50;1;1;0;0.076237
finalidade;cenprotnacional.org.br;51;1;0;0;0.044052
finalidade;cenprotnacional.org.br;52;1;1;0;0.048362
finalidade;cenprotnacional.org.br;53;0;0;0;0.025410
finalidade;cenprotnacional.org.br;55;0;0;0;0.002496
finalidade;cenprotnacional.org.br;56;0;0;0;0.005743
finalidade;cenprotnacional.org.br;57;0;1;0;0.012855
finalidade;cenprotnacional.org.br;59;0;0;0;0.005842
finalidade;cenprotnacional.org.br;60;0;1;0;0.020790
finalidade;cenprotnacional.org.br;62;0;0;0;0.006419
finalidade;cenprotnacional.org.br;64;0;0;0;0.010557
finalidade;cenprotnacional.org.br;65;0;0;0;0.009615
finalidade;cenprotnacional.org.br;66;0;0;0;0.017369
finalidade;cenprotnacional.org.br;67;0;0;0;0.018924
finalidade;cenprotnacional.org.br;71;0;0;0;0.061671
finalidade;cenprotnacional.org.br;72;1;0;0;0.037382
finalidade;cenprotnacional.org.br;73;0;0;0;0.008296
finalidade;cenprotnacional.org.br;75;0;0;0;0.016000
finalidade;cenprotnacional.org.br;76;0;0;0;0.025715
finalidade;cenprotnacional.org.br;77;0;0;0;0.027573
finalidade;cenprotnacional.org.br;79;0;0;0;0.032433
finalidade;cenprotnacional.org.br;84;0;0;0;0.030934
finalidade;cenprotnacional.org.br;86;0;0;0;0.040000
finalidade;cenprotnacional.org.br;88;0;0;0;0.007554
finalidade;cenprotnacional.org.br;89;0;0;0;0.017075
finalidade;cenprotnacional.org.br;90;0;0;0;0.005184
finalidade;cenprotnacional.org.br;91;1;1;1;0.368344
finalidade;cenprotnacional.org.br;92;0;0;1;0.298420
finalidade;cenprotnacional.org.br;93;1;0;1;0.200787
finalidade;cenprotnacional.org.br;94;1;1;1;0.314456
finalidade;cenprotnacional.org.br;95;0;0;0;0.015044
finalidade;cenprotnacional.org.br;96;0;0;0;0.003901
finalidade;cenprotnacional.org.br;97;0;0;1;0.225727
finalidade;cenprotnacional.org.br;98;1;0;1;0.873121
finalidade;cenprotnacional.org.br;99;0;0;0;0.015481
finalidade;cenprotnacional.org.br;100;0;0;0;0.039173
finalidade;cenprotnacional.org.br;102;0;0;0;0.008086
finalidade;cenprotnacional.org.br;104;0;0;0;0.011317
finalidade;cenprotnacional.org.br;106;0;0;0;0.002646
finalidade;cenprotnacional.org.br;108;0;0;0;0.003475
finalidade;cenprotnacional.org.br;109;0;0;0;0.005959
finalidade;cenprotnacional.org.br;110;0;0;0;0.031296
finalidade;cenprotnacional.org.br;111;0;0;0;0.083869
finalidade;cenprotnacional.org.br;112;0;0;0;0.011921
finalidade;cenprotnacional.org.br;113;0;0;0;0.010547
finalidade;cenprotnacional.org.br;114;0;0;0;0.005007
finalidade;cenprotnacional.org.br;115;0;0;0;0.001890
finalidade;cenprotnacional.org.br;116;0;0;0;0.004271
finalidade;cenprotnacional.org.br;117;0;0;0;0.012313
finalidade;cenprotnacional.org.br;118;0;0;0;0.007375
finalidade;cenprotnacional.org.br;119;0;0;0;0.002984
finalidade;cenprotnacional.org.br;120;0;0;0;0.002352
finalidade;cenprotnacional.org.br;123;0;0;0;0.001362
finalidade;cenprotnacional.org.br;124;0;0;0;0.003358
finalidade;cenprotnacional.org.br;125;0;0;0;0.003999
finalidade;cenprotnacional.org.br;126;0;0;0;0.004626
finalidade;cenprotnacional.org.br;127;0;0;0;0.035217
finalidade;cenprotnacional.org.br;128;0;0;0;0.009087
finalidade;cenprotnacional.org.br;129;0;0;0;0.017396
finalidade;cenprotnacional.org.br;130;0;0;0;0.002631
finalidade;cenprotnacional.org.br;131;0;0;0;0.006837
finalidade;cenprotnacional.org.br;132;0;0;0;0.001519
finalidade;cenprotnacional.org.br;133;0;0;0;0.004915
finalidade;cenprotnacional.org.br;134;0;0;0;0.009573
finalidade;cenprotnacional.org.br;136;0;0;1;0.207475
finalidade;cenprotnacional.org.br;137;0;1;0;0.040714
finalidade;cenprotnacional.org.br;138;0;0;0;0.098532
finalidade;cenprotnacional.org.br;140;0;0;0;0.010670
finalidade;cenprotnacional.org.br;142;0;1;0;0.053311
finalidade;cenprotnacional.org.br;144;0;0;0;0.002822
finalidade;cenprotnacional.org.br;146;0;0;0;0.043421
finalidade;cenprotnacional.org.br;147;0;0;0;0.010784
finalidade;cenprotnacional.org.br;148;0;0;0;0.006873
finalidade;cenprotnacional.org.br;150;0;0;0;0.001403
finalidade;cenprotnacional.org.br;151;0;0;0;0.012046
finalidade;cenprotnacional.org.br;152;0;0;0;0.015439
finalidade;atakarejo.com.br;2;0;0;0;0.001022
finalidade;atakarejo.com.br;8;0;0;0;0.069380
finalidade;atakarejo.com.br;12;0;0;0;0.014824
finalidade;atakarejo.com.br;34;0;0;0;0.001022
finalidade;atakarejo.com.br;36;0;0;0;0.002321
finalidade;atakarejo.com.br;37;0;0;0;0.011770
finalidade;atakarejo.com.br;38;0;0;0;0.019828
finalidade;atakarejo.com.br;39;0;0;0;0.029201
finalidade;atakarejo.com.br;40;0;0;0;0.011268
finalidade;atakarejo.com.br;41;0;0;1;0.516162
finalidade;atakarejo.com.br;42;0;0;0;0.002633
finalidade;atakarejo.com.br;43;0;0;0;0.006235
finalidade;atakarejo.com.br;44;0;1;0;0.061352
finalidade;atakarejo.com.br;45;0;0;0;0.012579
finalidade;atakarejo.com.br;46;0;0;0;0.087293
finalidade;atakarejo.com.br;47;0;0;0;0.001580
finalidade;atakarejo.com.br;48;0;0;0;0.001485
finalidade;atakarejo.com.br;49;0;0;0;0.005216
finalidade;atakarejo.com.br;51;0;0;0;0.008753
finalidade;atakarejo.com.br;52;0;1;0;0.074444
finalidade;atakarejo.com.br;53;0;0;0;0.113782
finalidade;atakarejo.com.br;54;0;0;0;0.005442
finalidade;atakarejo.com.br;55;0;0;0;0.017052
finalidade;atakarejo.com.br;56;0;0;0;0.003756
finalidade;atakarejo.com.br;57;0;0;0;0.009626
finalidade;atakarejo.com.br;58;0;0;0;0.015239
finalidade;atakarejo.com.br;59;0;1;0;0.026635
finalidade;atakarejo.com.br;60;0;0;0;0.004416
finalidade;atakarejo.com.br;61;0;0;0;0.010832
finalidade;atakarejo.com.br;62;0;0;0;0.015159
finalidade;atakarejo.com.br;63;0;1;0;0.005153
finalidade;atakarejo.com.br;64;0;0;0;0.013660
finalidade;atakarejo.com.br;65;0;0;0;0.034732
finalidade;atakarejo.com.br;66;0;0;0;0.076760
finalidade;atakarejo.com.br;67;0;0;0;0.041971
finalidade;atakarejo.com.br;68;0;0;0;0.007306
finalidade;atakarejo.com.br;69;0;0;0;0.003240
finalidade;atakarejo.com.br;70;0;0;0;0.008423
finalidade;atakarejo.com.br;71;0;0;1;0.146406
finalidade;atakarejo.com.br;72;0;0;0;0.005710
finalidade;atakarejo.com.br;73;0;0;0;0.030517
finalidade;atakarejo.com.br;74;0;0;0;0.002773
finalidade;atakarejo.com.br;75;0;0;0;0.006531
finalidade;atakarejo.com.br;76;0;0;0;0.090998
finalidade;atakarejo.com.br;77;0;0;0;0.026153
finalidade;atakarejo.com.br;78;0;0;1;0.280455
finalidade;atakarejo.com.br;79;0;0;0;0.007078
finalidade;atakarejo.com.br;80;0;0;0;0.026864
finalidade;atakarejo.com.br;81;0;0;0;0.013915
finalidade;atakarejo.com.br;83;0;0;0;0.008501
finalidade;atakarejo.com.br;84;1;1;0;0.007766
finalidade;atakarejo.com.br;85;1;1;0;0.035303
finalidade;atakarejo.com.br;86;0;1;1;0.193287
finalidade;atakarejo.com.br;87;0;1;0;0.017311
finalidade;atakarejo.com.br;88;0;0;0;0.045382
finalidade;atakarejo.com.br;89;0;0;1;0.160847
finalidade;atakarejo.com.br;90;1;1;1;0.664159
finalidade;atakarejo.com.br;91;0;1;0;0.035172
finalidade;atakarejo.com.br;92;0;0;0;0.039606
finalidade;atakarejo.com.br;93;0;0;0;0.089039
finalidade;atakarejo.com.br;94;0;0;0;0.015495
finalidade;atakarejo.com.br;96;0;0;1;0.259384
finalidade;atakarejo.com.br;98;1;1;1;0.159589
finalidade;atakarejo.com.br;99;1;1;1;0.756631
finalidade;atakarejo.com.br;101;1;0;0;0.013187
finalidade;atakarejo.com.br;102;1;1;0;0.050437
finalidade;atakarejo.com.br;103;0;0;1;0.167175
finalidade;atakarejo.com.br;104;0;0;0;0.076916
finalidade;atakarejo.com.br;105;1;1;0;0.111250
finalidade;atakarejo.com.br;106;1;1;0;0.081228
finalidade;atakarejo.com.br;108;1;0;1;0.215841
finalidade;atakarejo.com.br;110;0;0;1;0.203238
finalidade;atakarejo.com.br;111;0;0;0;0.062995
finalidade;atakarejo.com.br;112;0;0;0;0.015738
finalidade;atakarejo.com.br;113;0;0;1;0.302305
finalidade;atakarejo.com.br;114;0;0;1;0.175880
finalidade;atakarejo.com.br;115;1;1;1;0.170069
finalidade;atakarejo.com.br;116;0;0;1;0.380241
finalidade;atakarejo.com.br;117;0;0;1;0.614421
finalidade;atakarejo.com.br;118;0;0;1;0.325844
finalidade;atakarejo.com.br;119;0;0;0;0.009061
finalidade;atakarejo.com.br;120;0;1;0;0.101570
finalidade;atakarejo.com.br;122;0;1;1;0.361689
finalidade;atakarejo.com.br;123;0;0;0;0.030541
finalidade;atakarejo.com.br;124;1;1;1;0.651530
finalidade;atakarejo.com.br;126;1;1;1;0.265566
finalidade;atakarejo.com.br;128;0;0;0;0.007122
finalidade;atakarejo.com.br;129;0;0;0;0.118512
finalidade;atakarejo.com.br;130;0;0;1;0.164525
finalidade;atakarejo.com.br;131;1;1;1;0.129807
finalidade;atakarejo.com.br;132;1;1;1;0.226123
finalidade;atakarejo.com.br;133;1;0;0;0.067612
finalidade;atakarejo.com.br;134;1;1;0;0.062701
finalidade;atakarejo.com.br;135;1;0;0;0.072725
finalidade;atakarejo.com.br;136;1;0;0;0.059070
finalidade;atakarejo.com.br;137;1;0;1;0.301682
finalidade;atakarejo.com.br;138;0;0;1;0.200894
finalidade;atakarejo.com.br;139;0;0;1;0.366349
finalidade;atakarejo.com.br;140;0;0;1;0.231799
finalidade;atakarejo.com.br;141;0;0;0;0.001956
finalidade;atakarejo.com.br;142;0;0;0;0.005657
finalidade;atakarejo.com.br;143;0;1;0;0.017548
finalidade;atakarejo.com.br;144;0;0;0;0.009676
finalidade;atakarejo.com.br;145;0;0;1;0.126227
finalidade;atakarejo.com.br;146;0;0;0;0.013354
finalidade;atakarejo.com.br;148;0;0;0;0.015405
finalidade;atakarejo.com.br;149;0;0;0;0.002179
finalidade;atakarejo.com.br;150;0;0;0;0.012040
finalidade;atakarejo.com.br;152;1;1;0;0.055037
finalidade;atakarejo.com.br;153;1;0;0;0.029285
finalidade;atakarejo.com.br;154;1;1;1;0.173314
finalidade;atakarejo.com.br;155;1;1;1;0.747518
finalidade;atakarejo.com.br;157;1;1;1;0.153342
finalidade;atakarejo.com.br;158;1;0;1;0.242822
finalidade;atakarejo.com.br;160;0;1;1;0.475737
finalidade;atakarejo.com.br;161;1;0;0;0.082259
finalidade;atakarejo.com.br;162;0;0;0;0.042756
finalidade;atakarejo.com.br;163;0;0;0;0.011692
finalidade;atakarejo.com.br;165;1;0;0;0.117465
finalidade;atakarejo.com.br;167;1;1;1;0.151428
finalidade;atakarejo.com.br;169;1;1;0;0.104654
finalidade;atakarejo.com.br;170;1;0;0;0.095053
finalidade;atakarejo.com.br;172;0;0;1;0.160519
finalidade;atakarejo.com.br;173;1;0;0;0.013932
finalidade;atakarejo.com.br;174;1;0;1;0.606349
finalidade;atakarejo.com.br;175;1;0;0;0.083287
finalidade;atakarejo.com.br;176;1;0;1;0.828844
finalidade;atakarejo.com.br;177;0;1;1;0.441509
finalidade;atakarejo.com.br;178;0;0;0;0.051834
finalidade;atakarejo.com.br;179;1;1;1;0.288156
finalidade;atakarejo.com.br;180;0;0;0;0.005615
finalidade;atakarejo.com.br;181;0;0;0;0.020891
finalidade;atakarejo.com.br;182;0;0;0;0.003692
finalidade;atakarejo.com.br;184;1;1;1;0.166895
finalidade;atakarejo.com.br;187;1;1;1;0.474089
finalidade;atakarejo.com.br;188;0;0;0;0.002735
finalidade;atakarejo.com.br;189;0;0;1;0.249813
finalidade;atakarejo.com.br;190;0;0;0;0.112509
finalidade;atakarejo.com.br;191;0;0;0;0.032566
finalidade;atakarejo.com.br;192;0;0;0;0.029053
finalidade;atakarejo.com.br;193;0;0;1;0.151923
finalidade;atakarejo.com.br;194;1;0;1;0.391928
finalidade;atakarejo.com.br;195;0;0;1;0.324696
finalidade;atakarejo.com.br;196;0;0;0;0.001020
finalidade;atakarejo.com.br;197;0;0;0;0.003580
finalidade;atakarejo.com.br;198;0;0;0;0.045773
finalidade;atakarejo.com.br;199;0;0;0;0.021404
finalidade;atakarejo.com.br;200;0;0;0;0.041273
finalidade;atakarejo.com.br;201;0;0;0;0.002622
finalidade;atakarejo.com.br;202;0;0;0;0.096159
finalidade;atakarejo.com.br;203;0;0;0;0.053129
finalidade;atakarejo.com.br;204;0;0;0;0.060155
finalidade;atakarejo.com.br;205;0;0;0;0.006803
finalidade;atakarejo.com.br;206;0;1;0;0.001391
finalidade;atakarejo.com.br;207;0;1;0;0.084338
finalidade;atakarejo.com.br;208;0;0;0;0.016504
finalidade;atakarejo.com.br;209;0;0;1;0.253175
finalidade;atakarejo.com.br;210;0;0;0;0.004963
finalidade;atakarejo.com.br;211;0;0;1;0.316172
finalidade;atakarejo.com.br;212;0;0;0;0.062043
finalidade;atakarejo.com.br;213;0;0;0;0.018114
finalidade;atakarejo.com.br;214;0;1;1;0.193056
finalidade;atakarejo.com.br;215;0;1;1;0.135993
finalidade;atakarejo.com.br;216;0;0;0;0.048459
finalidade;atakarejo.com.br;217;0;0;0;0.007803
finalidade;atakarejo.com.br;218;0;0;0;0.008663
finalidade;atakarejo.com.br;219;0;0;0;0.031976
finalidade;atakarejo.com.br;220;0;0;0;0.005571
finalidade;atakarejo.com.br;221;0;0;0;0.027562
finalidade;atakarejo.com.br;222;0;0;1;0.272034
finalidade;atakarejo.com.br;223;0;0;0;0.028037
finalidade;atakarejo.com.br;224;0;0;0;0.010653
finalidade;atakarejo.com.br;225;0;1;0;0.067097
finalidade;atakarejo.com.br;226;0;0;0;0.007491
finalidade;atakarejo.com.br;227;0;0;0;0.015433
finalidade;atakarejo.com.br;228;0;0;0;0.005880
finalidade;atakarejo.com.br;229;0;0;0;0.009008
finalidade;atakarejo.com.br;230;0;0;0;0.010762
finalidade;atakarejo.com.br;231;0;0;0;0.044951
finalidade;atakarejo.com.br;232;0;0;0;0.016082
finalidade;atakarejo.com.br;233;0;0;0;0.008569
finalidade;atakarejo.com.br;234;0;0;0;0.002112
finalidade;atakarejo.com.br;235;0;0;0;0.002323
finalidade;atakarejo.com.br;236;0;0;0;0.004485
finalidade;atakarejo.com.br;237;0;0;0;0.008524
finalidade;atakarejo.com.br;238;0;0;0;0.011138
finalidade;atakarejo.com.br;239;0;0;0;0.009305
finalidade;atakarejo.com.br;240;0;0;0;0.014589
finalidade;atakarejo.com.br;241;0;0;0;0.005911
finalidade;atakarejo.com.br;242;0;1;0;0.116849
finalidade;atakarejo.com.br;243;0;0;0;0.004644
finalidade;atakarejo.com.br;244;0;0;0;0.010131
finalidade;atakarejo.com.br;245;0;0;0;0.002246
finalidade;atakarejo.com.br;246;0;0;0;0.005299
finalidade;atakarejo.com.br;247;0;0;0;0.009952
finalidade;atakarejo.com.br;248;0;0;0;0.055963
finalidade;atakarejo.com.br;249;0;0;0;0.084166
finalidade;atakarejo.com.br;250;0;0;0;0.023524
finalidade;atakarejo.com.br;251;0;0;0;0.005062
finalidade;atakarejo.com.br;252;0;0;0;0.103494
finalidade;atakarejo.com.br;253;0;0;0;0.117005
finalidade;atakarejo.com.br;254;0;0;0;0.105192
finalidade;atakarejo.com.br;255;0;0;0;0.006611
finalidade;atakarejo.com.br;256;0;0;0;0.010740
finalidade;atakarejo.com.br;257;0;0;0;0.005723
finalidade;atakarejo.com.br;258;0;0;0;0.027675
finalidade;atakarejo.com.br;259;0;0;0;0.005295
finalidade;atakarejo.com.br;260;0;1;0;0.022437
finalidade;atakarejo.com.br;261;0;0;0;0.037205
finalidade;atakarejo.com.br;262;0;0;0;0.003080
finalidade;atakarejo.com.br;263;0;1;0;0.080928
finalidade;atakarejo.com.br;264;0;0;0;0.044460
finalidade;atakarejo.com.br;265;0;0;0;0.009955
finalidade;atakarejo.com.br;266;0;1;0;0.030602
finalidade;atakarejo.com.br;268;0;0;1;0.150192
finalidade;atakarejo.com.br;269;0;0;0;0.015882
finalidade;atakarejo.com.br;270;0;0;1;0.168482
finalidade;atakarejo.com.br;271;0;0;0;0.051558
finalidade;atakarejo.com.br;272;0;0;0;0.097056
finalidade;atakarejo.com.br;273;1;1;0;0.108004
finalidade;atakarejo.com.br;274;0;1;1;0.235080
finalidade;atakarejo.com.br;275;0;0;0;0.048565
finalidade;atakarejo.com.br;276;0;1;0;0.081340
finalidade;atakarejo.com.br;277;0;0;0;0.016313
finalidade;atakarejo.com.br;278;0;0;0;0.016190
finalidade;atakarejo.com.br;279;0;0;0;0.045017
finalidade;atakarejo.com.br;280;0;0;1;0.428379
finalidade;atakarejo.com.br;281;0;0;1;0.196392
finalidade;atakarejo.com.br;282;0;0;0;0.023090
finalidade;atakarejo.com.br;283;0;1;1;0.150195
finalidade;atakarejo.com.br;284;0;0;0;0.012466
finalidade;atakarejo.com.br;285;0;0;0;0.021197
finalidade;atakarejo.com.br;286;0;0;1;0.252036
finalidade;atakarejo.com.br;287;0;0;0;0.020541
finalidade;atakarejo.com.br;288;0;0;0;0.006858
finalidade;atakarejo.com.br;289;0;0;0;0.027933
finalidade;atakarejo.com.br;290;0;0;1;0.138115
finalidade;atakarejo.com.br;291;0;0;1;0.325145
finalidade;atakarejo.com.br;292;0;0;1;0.159235
finalidade;atakarejo.com.br;296;0;0;0;0.025301
finalidade;atakarejo.com.br;302;0;0;0;0.025301
finalidade;atakarejo.com.br;305;0;0;0;0.025301
finalidade;atakarejo.com.br;308;0;0;0;0.025301
finalidade;atakarejo.com.br;311;0;0;0;0.082106
finalidade;atakarejo.com.br;312;1;0;1;0.331277
finalidade;atakarejo.com.br;320;0;0;0;0.022638
finalidade;atakarejo.com.br;321;1;0;1;0.328675
finalidade;atakarejo.com.br;322;0;1;0;0.010165
finalidade;atakarejo.com.br;327;0;0;0;0.025301
finalidade;atakarejo.com.br;336;0;0;0;0.026544
finalidade;atakarejo.com.br;337;0;0;0;0.020665
finalidade;atakarejo.com.br;338;0;0;0;0.070793
finalidade;atakarejo.com.br;339;0;0;0;0.073916
finalidade;atakarejo.com.br;340;0;0;1;0.153697
finalidade;atakarejo.com.br;341;0;0;0;0.037109
finalidade;atakarejo.com.br;342;0;0;0;0.023868
finalidade;atakarejo.com.br;343;0;0;0;0.021450
finalidade;atakarejo.com.br;344;0;0;0;0.034470
finalidade;atakarejo.com.br;345;0;0;0;0.007981
finalidade;atakarejo.com.br;346;0;0;0;0.009947
finalidade;atakarejo.com.br;347;0;1;1;0.366646
finalidade;atakarejo.com.br;348;0;0;0;0.012180
finalidade;atakarejo.com.br;349;0;0;0;0.024719
finalidade;atakarejo.com.br;350;0;0;0;0.001812
finalidade;atakarejo.com.br;351;0;0;0;0.010996
finalidade;atakarejo.com.br;352;0;0;0;0.057010
finalidade;atakarejo.com.br;353;0;1;1;0.310122
finalidade;atakarejo.com.br;354;0;0;0;0.004608
finalidade;atakarejo.com.br;355;0;0;0;0.011480
finalidade;atakarejo.com.br;356;0;0;0;0.064289
finalidade;atakarejo.com.br;357;0;0;0;0.020845
finalidade;atakarejo.com.br;358;0;0;0;0.034527
finalidade;atakarejo.com.br;359;0;0;0;0.024203
finalidade;atakarejo.com.br;360;0;0;0;0.008803
finalidade;atakarejo.com.br;361;0;0;0;0.041719
finalidade;atakarejo.com.br;362;0;0;0;0.042247
finalidade;atakarejo.com.br;363;0;0;0;0.005047
finalidade;atakarejo.com.br;364;0;0;0;0.039673
finalidade;atakarejo.com.br;365;0;0;0;0.004253
finalidade;atakarejo.com.br;366;0;0;1;0.135607
finalidade;atakarejo.com.br;367;0;0;0;0.007458
finalidade;atakarejo.com.br;368;0;0;0;0.020670
finalidade;atakarejo.com.br;369;0;0;0;0.005878
finalidade;atakarejo.com.br;370;0;0;0;0.011846
finalidade;atakarejo.com.br;371;0;0;0;0.003835
finalidade;atakarejo.com.br;372;0;0;0;0.002442
finalidade;atakarejo.com.br;373;0;0;0;0.003140
finalidade;atakarejo.com.br;374;0;0;0;0.012346
finalidade;atakarejo.com.br;375;0;0;0;0.004187
finalidade;atakarejo.com.br;376;0;0;0;0.001318
finalidade;atakarejo.com.br;377;0;0;0;0.002431
finalidade;atakarejo.com.br;378;0;0;0;0.009487
finalidade;atakarejo.com.br;379;0;0;0;0.001729
finalidade;atakarejo.com.br;380;0;0;0;0.006507
finalidade;atakarejo.com.br;381;0;0;0;0.059422
finalidade;atakarejo.com.br;382;0;0;0;0.031386
finalidade;atakarejo.com.br;383;0;0;0;0.031386
finalidade;atakarejo.com.br;384;0;0;0;0.005614
finalidade;atakarejo.com.br;385;0;0;0;0.001344
finalidade;atakarejo.com.br;386;0;0;0;0.004474
finalidade;atakarejo.com.br;387;0;0;0;0.003419
finalidade;atakarejo.com.br;388;0;0;0;0.025301
finalidade;atakarejo.com.br;389;0;0;0;0.046884
finalidade;atakarejo.com.br;390;0;0;0;0.019724
finalidade;atakarejo.com.br;391;0;0;0;0.003124
finalidade;atakarejo.com.br;392;0;0;0;0.003882
finalidade;atakarejo.com.br;393;0;0;0;0.003095
finalidade;atakarejo.com.br;394;0;0;0;0.048523
finalidade;atakarejo.com.br;395;0;0;0;0.016287
finalidade;atakarejo.com.br;396;0;0;0;0.003181
finalidade;atakarejo.com.br;397;0;0;0;0.015578
finalidade;atakarejo.com.br;398;0;0;0;0.010958
finalidade;atakarejo.com.br;399;0;0;0;0.032065
finalidade;atakarejo.com.br;417;0;0;0;0.010093
finalidade;atakarejo.com.br;419;0;0;0;0.021323
finalidade;atakarejo.com.br;420;0;0;0;0.021323
finalidade;atakarejo.com.br;423;0;0;0;0.008201
finalidade;atakarejo.com.br;426;0;0;1;0.132212
finalidade;atakarejo.com.br;429;0;0;0;0.033786
finalidade;atakarejo.com.br;436;0;0;0;0.017541
finalidade;atakarejo.com.br;437;0;0;0;0.050719
finalidade;atakarejo.com.br;439;0;0;0;0.025301
finalidade;atakarejo.com.br;507;0;0;0;0.071452
finalidade;atakarejo.com.br;509;0;0;0;0.035424
finalidade;atakarejo.com.br;511;0;0;0;0.042665
finalidade;atakarejo.com.br;515;0;0;0;0.015319
finalidade;atakarejo.com.br;516;0;0;0;0.065891
finalidade;atakarejo.com.br;517;0;1;1;0.784657
finalidade;atakarejo.com.br;518;0;0;0;0.005411
finalidade;atakarejo.com.br;519;0;0;0;0.011963
finalidade;atakarejo.com.br;520;0;0;1;0.190706
finalidade;atakarejo.com.br;522;0;0;0;0.009366
finalidade;atakarejo.com.br;523;0;0;1;0.327835
finalidade;atakarejo.com.br;524;0;0;0;0.014861
finalidade;atakarejo.com.br;528;0;0;0;0.020378
finalidade;atakarejo.com.br;529;0;0;1;0.398246
finalidade;atakarejo.com.br;530;0;0;0;0.007919
finalidade;atakarejo.com.br;531;0;0;0;0.006109
finalidade;atakarejo.com.br;533;0;1;1;0.414633
finalidade;atakarejo.com.br;534;0;0;1;0.229481
finalidade;atakarejo.com.br;538;0;0;0;0.048995
finalidade;atakarejo.com.br;540;0;0;1;0.911190
finalidade;atakarejo.com.br;541;0;0;1;0.681707
finalidade;atakarejo.com.br;1123;0;0;0;0.021021
finalidade;atakarejo.com.br;1125;0;0;0;0.004984
finalidade;atakarejo.com.br;1126;0;0;0;0.093037
finalidade;atakarejo.com.br;1127;0;0;0;0.001722
finalidade;atakarejo.com.br;1128;0;0;0;0.007852
finalidade;atakarejo.com.br;1129;0;0;0;0.002110
finalidade;atakarejo.com.br;1134;0;0;0;0.047723
finalidade;atakarejo.com.br;1135;0;0;0;0.010035
finalidade;atakarejo.com.br;1138;0;0;0;0.004108
finalidade;atakarejo.com.br;1140;0;0;0;0.007746
finalidade;atakarejo.com.br;1141;0;0;0;0.006995
finalidade;atakarejo.com.br;1142;0;0;0;0.051139
finalidade;atakarejo.com.br;1143;0;0;0;0.022387
finalidade;atakarejo.com.br;1144;0;0;0;0.021577
finalidade;atakarejo.com.br;1145;0;0;0;0.031940
finalidade;denatran.gov.br;0;0;1;1;0.524171
finalidade;denatran.gov.br;1;0;0;0;0.039908
finalidade;denatran.gov.br;2;0;0;0;0.026073
finalidade;denatran.gov.br;3;0;0;0;0.011740
finalidade;denatran.gov.br;19;0;0;0;0.014040
finalidade;denatran.gov.br;20;0;0;0;0.022968
finalidade;denatran.gov.br;23;0;0;0;0.020771
finalidade;denatran.gov.br;24;0;0;0;0.078321
finalidade;denatran.gov.br;26;0;0;0;0.078321
finalidade;denatran.gov.br;27;0;0;0;0.015748
finalidade;denatran.gov.br;29;0;0;0;0.022968
finalidade;denatran.gov.br;36;0;0;1;0.140375
finalidade;denatran.gov.br;39;0;0;0;0.020015
finalidade;denatran.gov.br;43;0;0;0;0.057550
finalidade;denatran.gov.br;44;0;0;0;0.030095
finalidade;denatran.gov.br;45;0;0;0;0.017830
finalidade;denatran.gov.br;46;0;0;0;0.049803
finalidade;denatran.gov.br;47;0;0;0;0.019694
finalidade;denatran.gov.br;48;0;0;0;0.035525
finalidade;denatran.gov.br;49;0;0;0;0.013482
finalidade;denatran.gov.br;51;0;0;0;0.027562
finalidade;denatran.gov.br;52;0;0;0;0.078321
finalidade;denatran.gov.br;53;0;0;0;0.027015
finalidade;denatran.gov.br;54;0;0;0;0.022968
finalidade;denatran.gov.br;62;0;0;0;0.082600
finalidade;denatran.gov.br;64;0;0;0;0.017473
finalidade;denatran.gov.br;65;0;0;0;0.007274
finalidade;denatran.gov.br;66;0;0;1;0.131565
finalidade;denatran.gov.br;67;0;0;0;0.026773
finalidade;denatran.gov.br;68;0;0;1;0.119086
finalidade;denatran.gov.br;69;0;0;0;0.010591
finalidade;denatran.gov.br;70;0;0;0;0.091104
finalidade;denatran.gov.br;72;0;0;0;0.095510
finalidade;denatran.gov.br;73;0;0;0;0.027621
finalidade;denatran.gov.br;74;0;0;0;0.022968
finalidade;denatran.gov.br;75;0;0;0;0.022968
finalidade;denatran.gov.br;76;0;0;0;0.016727
finalidade;denatran.gov.br;77;0;0;0;0.022968
finalidade;denatran.gov.br;78;0;0;1;0.425489
finalidade;denatran.gov.br;79;0;0;0;0.078321
finalidade;denatran.gov.br;80;0;0;0;0.004876
finalidade;denatran.gov.br;81;0;0;0;0.019861
finalidade;denatran.gov.br;82;0;0;0;0.015765
finalidade;denatran.gov.br;83;0;0;0;0.017983
finalidade;denatran.gov.br;84;0;0;0;0.022968
finalidade;denatran.gov.br;87;0;0;0;0.019041
finalidade;denatran.gov.br;91;0;0;0;0.019147
finalidade;denatran.gov.br;93;0;0;0;0.057199
finalidade;denatran.gov.br;94;0;0;0;0.010317
finalidade;denatran.gov.br;96;0;0;0;0.033457
finalidade;denatran.gov.br;99;0;0;0;0.028780
finalidade;denatran.gov.br;101;0;0;0;0.033448
finalidade;denatran.gov.br;106;0;0;0;0.039570
finalidade;denatran.gov.br;107;0;0;0;0.042252
finalidade;denatran.gov.br;109;0;0;0;0.024071
finalidade;denatran.gov.br;115;0;0;0;0.025898
finalidade;denatran.gov.br;116;0;0;0;0.021244
finalidade;denatran.gov.br;117;0;0;0;0.041932
finalidade;denatran.gov.br;118;0;0;0;0.055545
finalidade;denatran.gov.br;119;0;0;0;0.042715
finalidade;denatran.gov.br;122;0;0;0;0.030008
finalidade;denatran.gov.br;123;0;0;1;0.206901
finalidade;denatran.gov.br;124;0;0;0;0.023948
finalidade;denatran.gov.br;125;0;0;1;0.543851
finalidade;denatran.gov.br;126;0;0;1;0.181881
finalidade;denatran.gov.br;127;0;0;1;0.149954
finalidade;denatran.gov.br;132;0;0;0;0.022968
finalidade;denatran.gov.br;134;0;0;0;0.012996
finalidade;denatran.gov.br;135;0;0;0;0.006648
finalidade;denatran.gov.br;136;0;0;0;0.010068
finalidade;denatran.gov.br;137;0;0;0;0.017179
finalidade;denatran.gov.br;138;0;1;1;0.414027
finalidade;denatran.gov.br;139;0;0;0;0.029050
finalidade;denatran.gov.br;140;0;0;0;0.045052
finalidade;denatran.gov.br;141;0;0;0;0.025437
finalidade;denatran.gov.br;142;0;0;0;0.037301
finalidade;denatran.gov.br;143;0;0;0;0.036185
finalidade;denatran.gov.br;144;0;0;0;0.012216
finalidade;denatran.gov.br;146;0;0;0;0.044772
finalidade;denatran.gov.br;147;0;0;0;0.046091
finalidade;denatran.gov.br;148;0;0;1;0.111620
finalidade;denatran.gov.br;149;0;0;1;0.147890
finalidade;denatran.gov.br;150;0;0;0;0.031725
finalidade;denatran.gov.br;151;0;0;0;0.078321
finalidade;denatran.gov.br;155;0;0;0;0.032920
finalidade;denatran.gov.br;161;0;0;0;0.001528
finalidade;denatran.gov.br;162;0;0;0;0.034447
finalidade;denatran.gov.br;169;0;0;0;0.034058
finalidade;denatran.gov.br;171;0;0;0;0.010006
finalidade;denatran.gov.br;173;0;0;0;0.070907
finalidade;denatran.gov.br;180;0;0;0;0.031568
finalidade;denatran.gov.br;183;0;0;0;0.044330
finalidade;denatran.gov.br;184;0;0;0;0.020565
finalidade;denatran.gov.br;188;0;0;0;0.047785
finalidade;denatran.gov.br;189;0;0;0;0.000613
finalidade;denatran.gov.br;190;0;0;1;0.207146
finalidade;denatran.gov.br;191;0;0;0;0.004764
finalidade;denatran.gov.br;192;0;0;0;0.022431
finalidade;denatran.gov.br;193;0;0;0;0.080362
finalidade;denatran.gov.br;195;0;0;1;0.213276
finalidade;denatran.gov.br;196;0;0;0;0.033964
finalidade;denatran.gov.br;197;0;0;0;0.006416
finalidade;denatran.gov.br;198;0;0;0;0.046271
finalidade;denatran.gov.br;199;0;0;0;0.093567
finalidade;denatran.gov.br;200;0;0;0;0.019137
finalidade;denatran.gov.br;202;0;0;0;0.022380
finalidade;denatran.gov.br;204;0;0;1;0.207146
finalidade;denatran.gov.br;206;0;0;0;0.022968
finalidade;denatran.gov.br;207;0;0;1;0.145484
finalidade;denatran.gov.br;208;0;0;0;0.011280
finalidade;denatran.gov.br;211;0;0;0;0.042198
finalidade;denatran.gov.br;214;0;0;0;0.015361
finalidade;denatran.gov.br;218;0;0;0;0.093728
finalidade;denatran.gov.br;220;0;0;0;0.037645
finalidade;denatran.gov.br;221;0;0;0;0.025222
finalidade;denatran.gov.br;225;0;0;0;0.009878
finalidade;denatran.gov.br;226;0;0;0;0.046942
finalidade;denatran.gov.br;228;0;0;0;0.012077
finalidade;denatran.gov.br;229;0;0;0;0.021840
finalidade;denatran.gov.br;230;0;0;0;0.043832
finalidade;denatran.gov.br;231;0;0;0;0.044898
finalidade;denatran.gov.br;232;0;0;0;0.011585
finalidade;denatran.gov.br;233;0;0;0;0.010022
finalidade;denatran.gov.br;236;0;0;0;0.037652
finalidade;denatran.gov.br;237;0;0;0;0.016047
finalidade;denatran.gov.br;238;0;0;0;0.011024
finalidade;denatran.gov.br;240;0;0;0;0.020331
finalidade;denatran.gov.br;241;0;0;0;0.038566
finalidade;denatran.gov.br;257;0;0;0;0.001217
finalidade;denatran.gov.br;258;0;0;0;0.001013
finalidade;denatran.gov.br;260;0;0;0;0.007638
finalidade;denatran.gov.br;261;0;0;0;0.004211
finalidade;denatran.gov.br;262;0;0;0;0.006157
finalidade;denatran.gov.br;263;0;0;0;0.038580
finalidade;denatran.gov.br;264;0;0;0;0.018036
finalidade;denatran.gov.br;265;0;0;0;0.008922
finalidade;denatran.gov.br;266;0;0;0;0.024782
finalidade;denatran.gov.br;267;0;0;0;0.013615
finalidade;denatran.gov.br;268;0;0;0;0.001138
finalidade;denatran.gov.br;270;0;0;0;0.022968
finalidade;denatran.gov.br;272;0;0;0;0.019375
finalidade;denatran.gov.br;273;0;0;0;0.048240
finalidade;denatran.gov.br;275;0;0;0;0.029311
finalidade;denatran.gov.br;277;0;0;0;0.090718
finalidade;denatran.gov.br;449;0;0;0;0.013088
finalidade;denatran.gov.br;450;0;0;0;0.064644
finalidade;denatran.gov.br;452;0;0;0;0.065374
finalidade;denatran.gov.br;455;0;0;0;0.070112
finalidade;denatran.gov.br;549;0;0;0;0.001074
finalidade;denatran.gov.br;550;0;0;0;0.000613
finalidade;denatran.gov.br;553;0;0;0;0.005461
finalidade;denatran.gov.br;554;0;0;0;0.029789
finalidade;denatran.gov.br;555;0;0;0;0.017429
finalidade;denatran.gov.br;556;0;0;0;0.001773
finalidade;denatran.gov.br;557;0;0;0;0.083934
finalidade;denatran.gov.br;558;0;0;0;0.041158
finalidade;denatran.gov.br;559;0;0;0;0.045598
finalidade;denatran.gov.br;560;0;0;0;0.045598
finalidade;denatran.gov.br;561;0;0;0;0.045598
finalidade;denatran.gov.br;562;0;0;0;0.083415
finalidade;denatran.gov.br;563;0;0;0;0.045598
finalidade;denatran.gov.br;564;0;0;0;0.059612
finalidade;denatran.gov.br;565;0;0;0;0.035774
finalidade;denatran.gov.br;566;0;0;0;0.083934
finalidade;denatran.gov.br;567;0;0;0;0.019646
finalidade;denatran.gov.br;568;0;0;0;0.061227
finalidade;denatran.gov.br;569;0;0;0;0.049304
finalidade;denatran.gov.br;570;0;0;0;0.033705
finalidade;denatran.gov.br;571;0;0;0;0.064444
finalidade;denatran.gov.br;572;0;0;1;0.172485
finalidade;denatran.gov.br;573;0;0;0;0.020328
finalidade;denatran.gov.br;574;0;0;0;0.015671
finalidade;denatran.gov.br;575;0;0;0;0.019118
finalidade;denatran.gov.br;576;0;0;0;0.054889
finalidade;denatran.gov.br;577;0;0;0;0.054525
finalidade;denatran.gov.br;578;0;0;0;0.014809
finalidade;denatran.gov.br;579;0;0;0;0.054525
finalidade;denatran.gov.br;580;0;0;0;0.054525
finalidade;denatran.gov.br;581;0;0;0;0.054525
finalidade;denatran.gov.br;582;0;0;0;0.055103
finalidade;denatran.gov.br;583;0;0;0;0.063970
finalidade;denatran.gov.br;584;0;0;0;0.049598
finalidade;denatran.gov.br;585;0;0;0;0.006211
finalidade;denatran.gov.br;586;0;0;0;0.024272
finalidade;denatran.gov.br;587;0;0;0;0.085944
finalidade;denatran.gov.br;588;0;0;1;0.107385
finalidade;denatran.gov.br;589;0;0;0;0.024031
finalidade;denatran.gov.br;590;0;0;0;0.001564
finalidade;denatran.gov.br;591;0;0;0;0.009921
finalidade;denatran.gov.br;592;0;0;0;0.007445
finalidade;denatran.gov.br;594;0;0;0;0.098224
finalidade;denatran.gov.br;595;0;0;0;0.001406
finalidade;denatran.gov.br;596;0;0;0;0.027560
finalidade;denatran.gov.br;597;0;0;0;0.030007
finalidade;denatran.gov.br;598;0;0;0;0.041264
finalidade;denatran.gov.br;938;0;0;0;0.032863
finalidade;denatran.gov.br;941;0;0;0;0.029977
finalidade;denatran.gov.br;950;0;0;0;0.026819
finalidade;denatran.gov.br;951;0;0;0;0.011342
finalidade;denatran.gov.br;952;0;0;0;0.098790
finalidade;denatran.gov.br;953;0;0;0;0.071926
finalidade;denatran.gov.br;954;0;0;0;0.004303
finalidade;denatran.gov.br;956;0;0;0;0.013466
finalidade;denatran.gov.br;961;0;0;0;0.029941
finalidade;denatran.gov.br;963;0;0;0;0.017753
finalidade;denatran.gov.br;964;0;0;0;0.018411
finalidade;denatran.gov.br;965;0;0;0;0.022968
finalidade;denatran.gov.br;966;0;0;0;0.022968
finalidade;denatran.gov.br;967;0;0;0;0.022968
finalidade;denatran.gov.br;968;0;0;0;0.012216
finalidade;denatran.gov.br;969;0;0;0;0.051296
finalidade;denatran.gov.br;970;0;0;1;0.102446
finalidade;denatran.gov.br;971;0;0;1;0.155805
finalidade;denatran.gov.br;972;0;0;1;0.130137
finalidade;denatran.gov.br;983;0;0;0;0.072008
finalidade;denatran.gov.br;984;0;0;0;0.054525
finalidade;denatran.gov.br;986;0;0;0;0.040434
finalidade;denatran.gov.br;988;0;0;0;0.040576
finalidade;denatran.gov.br;989;0;0;0;0.012119
finalidade;denatran.gov.br;990;0;0;0;0.037771
finalidade;denatran.gov.br;991;0;0;0;0.014913
finalidade;denatran.gov.br;993;0;0;0;0.031524
finalidade;denatran.gov.br;994;0;0;0;0.052162
finalidade;denatran.gov.br;995;0;0;0;0.002731
finalidade;denatran.gov.br;1266;0;0;0;0.010108
finalidade;denatran.gov.br;1270;0;0;0;0.020426
finalidade;denatran.gov.br;1271;0;0;0;0.012560
finalidade;denatran.gov.br;1274;0;0;0;0.012739
finalidade;denatran.gov.br;1275;0;0;0;0.051285
finalidade;denatran.gov.br;1276;0;0;1;0.139133
finalidade;denatran.gov.br;1277;0;0;0;0.067450
finalidade;denatran.gov.br;1278;0;0;0;0.057495
finalidade;denatran.gov.br;1279;0;0;0;0.026262
finalidade;denatran.gov.br;1280;0;1;0;0.029892
finalidade;denatran.gov.br;1281;0;0;0;0.025625
finalidade;denatran.gov.br;1282;0;0;0;0.019484
finalidade;denatran.gov.br;1283;0;0;0;0.002608
finalidade;denatran.gov.br;1284;0;0;0;0.009046
finalidade;denatran.gov.br;1285;0;0;0;0.025437
finalidade;denatran.gov.br;1286;0;0;0;0.014783
finalidade;denatran.gov.br;1287;0;0;0;0.017298
finalidade;denatran.gov.br;1288;0;0;0;0.006692
finalidade;denatran.gov.br;1291;0;0;0;0.008180
finalidade;denatran.gov.br;1292;0;0;0;0.025085
finalidade;denatran.gov.br;1293;0;0;0;0.038102
finalidade;denatran.gov.br;1294;0;0;0;0.069429
finalidade;denatran.gov.br;1295;0;0;0;0.004031
finalidade;denatran.gov.br;1296;0;0;0;0.053083
finalidade;denatran.gov.br;1297;0;0;0;0.034223
finalidade;denatran.gov.br;1298;0;0;0;0.035101
finalidade;denatran.gov.br;1299;0;0;0;0.033246
finalidade;denatran.gov.br;1301;0;0;0;0.015431
finalidade;denatran.gov.br;1302;0;0;0;0.013784
finalidade;denatran.gov.br;1303;0;0;1;0.230196
finalidade;denatran.gov.br;1304;0;0;0;0.084748
finalidade;denatran.gov.br;1305;0;0;0;0.020904
finalidade;denatran.gov.br;1306;0;0;1;0.177114
finalidade;denatran.gov.br;1307;0;1;1;0.325910
finalidade;denatran.gov.br;1308;0;0;0;0.013401
finalidade;denatran.gov.br;1309;0;0;0;0.013351
finalidade;denatran.gov.br;1310;0;0;0;0.036859
finalidade;denatran.gov.br;1312;0;0;1;0.180736
finalidade;denatran.gov.br;1313;0;0;0;0.005286
finalidade;denatran.gov.br;1314;0;0;0;0.010917
finalidade;denatran.gov.br;1315;0;0;0;0.058939
finalidade;denatran.gov.br;1316;0;0;0;0.003891
finalidade;denatran.gov.br;1317;0;0;0;0.015127
finalidade;denatran.gov.br;1318;0;0;0;0.011386
finalidade;denatran.gov.br;1319;0;0;0;0.014745
finalidade;denatran.gov.br;1320;0;0;0;0.005503
finalidade;denatran.gov.br;1321;0;0;0;0.016100
finalidade;denatran.gov.br;1322;0;0;0;0.014524
finalidade;denatran.gov.br;1323;0;0;0;0.019503
finalidade;denatran.gov.br;1324;0;0;1;0.132525
finalidade;denatran.gov.br;1325;0;0;0;0.019028
finalidade;denatran.gov.br;1326;0;0;0;0.014515
finalidade;denatran.gov.br;1327;0;0;0;0.022968
finalidade;denatran.gov.br;1328;0;0;0;0.010512
finalidade;denatran.gov.br;1330;0;0;0;0.002675
finalidade;denatran.gov.br;1331;0;0;0;0.022485
finalidade;denatran.gov.br;1332;0;0;0;0.056012
finalidade;denatran.gov.br;1333;0;0;0;0.011963
finalidade;denatran.gov.br;1334;0;1;1;0.195771
finalidade;denatran.gov.br;1335;0;0;0;0.012605
finalidade;denatran.gov.br;1336;0;0;0;0.003651
finalidade;denatran.gov.br;1337;0;0;0;0.004654
finalidade;denatran.gov.br;1338;0;0;0;0.003900
finalidade;denatran.gov.br;1339;0;0;0;0.008565
finalidade;denatran.gov.br;1340;0;0;0;0.037383
finalidade;denatran.gov.br;1348;0;0;0;0.006048
finalidade;denatran.gov.br;1349;0;0;0;0.002944
finalidade;denatran.gov.br;1350;0;0;0;0.007658
finalidade;denatran.gov.br;1352;0;0;0;0.037414
finalidade;denatran.gov.br;1353;0;0;0;0.003282
finalidade;denatran.gov.br;1354;1;1;1;0.353380
finalidade;denatran.gov.br;1355;0;0;1;0.099852
finalidade;denatran.gov.br;1356;1;0;1;0.338858
finalidade;denatran.gov.br;1357;1;0;1;0.612680
finalidade;denatran.gov.br;1358;1;0;1;0.262110
finalidade;denatran.gov.br;1359;1;0;1;0.117746
finalidade;denatran.gov.br;1361;0;0;0;0.007381
finalidade;denatran.gov.br;1362;0;0;0;0.001036
finalidade;denatran.gov.br;1363;0;0;0;0.001277
finalidade;denatran.gov.br;1364;0;0;0;0.023072
finalidade;denatran.gov.br;1366;0;0;0;0.037757
finalidade;denatran.gov.br;1368;0;0;0;0.010733
finalidade;denatran.gov.br;1369;0;0;0;0.006620
finalidade;denatran.gov.br;1370;0;0;0;0.088751
finalidade;denatran.gov.br;1371;0;0;1;0.113712
finalidade;denatran.gov.br;1374;0;0;0;0.015640
finalidade;denatran.gov.br;1376;0;0;0;0.017590
finalidade;denatran.gov.br;1377;0;1;1;0.126042
finalidade;denatran.gov.br;1378;0;0;0;0.003380
finalidade;denatran.gov.br;1383;1;0;0;0.072294
finalidade;denatran.gov.br;1386;1;0;1;0.280808
finalidade;denatran.gov.br;1389;1;0;0;0.078973
finalidade;denatran.gov.br;1390;0;0;0;0.061574
finalidade;denatran.gov.br;1392;1;0;1;0.336253
finalidade;denatran.gov.br;1395;1;0;1;0.255921
finalidade;denatran.gov.br;1398;1;0;1;0.273808
finalidade;denatran.gov.br;1399;0;0;0;0.042408
finalidade;denatran.gov.br;1401;1;0;0;0.027621
finalidade;denatran.gov.br;1403;0;0;0;0.062296
finalidade;denatran.gov.br;1404;1;0;1;0.291986
finalidade;denatran.gov.br;1407;1;0;0;0.021343
finalidade;denatran.gov.br;1410;1;0;1;0.823722
finalidade;denatran.gov.br;1413;1;0;1;0.841698
finalidade;denatran.gov.br;1416;1;0;0;0.072934
finalidade;denatran.gov.br;1419;1;0;0;0.022284
finalidade;denatran.gov.br;1422;1;0;0;0.023270
finalidade;denatran.gov.br;1425;1;0;1;0.127340
finalidade;denatran.gov.br;1427;0;0;0;0.022968
finalidade;denatran.gov.br;1428;1;0;0;0.072934
finalidade;denatran.gov.br;1430;0;0;0;0.022968
finalidade;denatran.gov.br;1433;0;0;0;0.022968
finalidade;denatran.gov.br;1434;1;0;0;0.019604
finalidade;denatran.gov.br;1440;1;0;0;0.017461
finalidade;denatran.gov.br;1445;0;0;0;0.022968
finalidade;denatran.gov.br;1446;1;1;1;0.540601
finalidade;denatran.gov.br;1448;0;0;0;0.035415
finalidade;denatran.gov.br;1453;1;0;1;0.303905
finalidade;denatran.gov.br;1455;1;0;1;0.107974
finalidade;denatran.gov.br;1456;1;0;1;0.416936
finalidade;denatran.gov.br;1457;1;0;1;0.123720
finalidade;denatran.gov.br;1458;1;0;1;0.171689
finalidade;denatran.gov.br;1460;0;0;0;0.022968
finalidade;denatran.gov.br;1461;1;0;0;0.043445
finalidade;denatran.gov.br;1464;0;0;0;0.042688
finalidade;denatran.gov.br;1467;1;0;1;0.703727
finalidade;denatran.gov.br;1470;1;0;0;0.090221
finalidade;denatran.gov.br;1472;0;0;0;0.022968
finalidade;denatran.gov.br;1473;1;0;0;0.062307
finalidade;denatran.gov.br;1475;0;0;0;0.022968
finalidade;denatran.gov.br;1479;1;0;0;0.084840
finalidade;denatran.gov.br;1493;0;0;0;0.022968
finalidade;denatran.gov.br;1502;0;0;0;0.022968
finalidade;denatran.gov.br;1505;0;0;0;0.022968
finalidade;denatran.gov.br;1511;0;0;0;0.022968
finalidade;denatran.gov.br;1514;0;0;0;0.022968
finalidade;denatran.gov.br;1523;0;0;0;0.022968
finalidade;denatran.gov.br;1526;0;0;0;0.022968
finalidade;denatran.gov.br;1530;1;0;0;0.033706
finalidade;denatran.gov.br;1533;1;0;1;0.150189
finalidade;denatran.gov.br;1545;1;0;0;0.071744
finalidade;denatran.gov.br;1565;0;0;0;0.059669
finalidade;denatran.gov.br;1566;0;0;0;0.003463
finalidade;denatran.gov.br;1567;0;0;0;0.013741
finalidade;denatran.gov.br;1568;1;0;1;0.178710
finalidade;denatran.gov.br;1569;1;0;0;0.075856
finalidade;denatran.gov.br;1570;0;0;1;0.306268
finalidade;denatran.gov.br;1571;1;0;0;0.012093
finalidade;denatran.gov.br;1572;0;0;0;0.025733
finalidade;denatran.gov.br;1573;0;0;0;0.035066
finalidade;denatran.gov.br;1574;0;0;1;0.132925
finalidade;denatran.gov.br;1575;0;0;0;0.010520
finalidade;denatran.gov.br;1576;0;0;0;0.030594
finalidade;denatran.gov.br;1577;0;0;1;0.165663
finalidade;denatran.gov.br;1578;0;0;0;0.004974
finalidade;denatran.gov.br;1579;0;0;0;0.006472
finalidade;denatran.gov.br;1581;0;0;0;0.030379
finalidade;denatran.gov.br;1586;1;0;0;0.048503
finalidade;denatran.gov.br;1588;0;0;0;0.022968
finalidade;denatran.gov.br;1589;1;0;0;0.018808
finalidade;denatran.gov.br;1592;1;0;1;0.205525
finalidade;denatran.gov.br;1595;1;1;1;0.511951
finalidade;denatran.gov.br;1598;1;0;1;0.542234
finalidade;denatran.gov.br;1601;0;0;1;0.500133
finalidade;denatran.gov.br;1604;1;0;0;0.045207
finalidade;denatran.gov.br;1607;1;0;1;0.508278
finalidade;denatran.gov.br;1610;1;0;1;0.238202
finalidade;denatran.gov.br;1613;1;0;0;0.085230
finalidade;denatran.gov.br;1616;1;0;1;0.663528
finalidade;denatran.gov.br;1619;1;1;0;0.096190
finalidade;denatran.gov.br;1622;1;1;1;0.269513
finalidade;denatran.gov.br;1625;1;1;1;0.455534
finalidade;denatran.gov.br;1628;1;1;1;0.144930
finalidade;denatran.gov.br;1634;1;0;0;0.074037
finalidade;denatran.gov.br;1637;1;0;1;0.120952
finalidade;denatran.gov.br;1640;0;0;1;0.261545
finalidade;denatran.gov.br;1643;1;0;1;0.225257
finalidade;denatran.gov.br;1646;1;0;1;0.560355
finalidade;denatran.gov.br;1649;1;0;0;0.024555
finalidade;denatran.gov.br;1652;1;0;1;0.510997
finalidade;denatran.gov.br;1658;1;0;1;0.410843
finalidade;denatran.gov.br;1661;1;0;1;0.153179
finalidade;denatran.gov.br;1667;1;0;1;0.510997
finalidade;denatran.gov.br;1676;0;0;1;0.330725
finalidade;denatran.gov.br;1679;1;0;0;0.089070
finalidade;denatran.gov.br;1682;1;1;1;0.327805
finalidade;denatran.gov.br;1685;0;0;1;0.223875
finalidade;denatran.gov.br;1688;0;0;1;0.223875
finalidade;denatran.gov.br;1691;1;1;1;0.275576
finalidade;denatran.gov.br;1694;1;0;0;0.023655
finalidade;denatran.gov.br;1703;1;0;1;0.183649
finalidade;denatran.gov.br;1705;0;0;0;0.022968
finalidade;denatran.gov.br;1706;0;0;0;0.011732
finalidade;denatran.gov.br;1709;1;1;1;0.296662
finalidade;denatran.gov.br;1715;1;0;0;0.062966
finalidade;denatran.gov.br;1718;1;0;1;0.791011
finalidade;denatran.gov.br;1721;1;0;0;0.097598
finalidade;denatran.gov.br;1724;1;0;1;0.197251
finalidade;denatran.gov.br;1730;1;1;0;0.045211
finalidade;denatran.gov.br;1733;1;0;0;0.028473
finalidade;denatran.gov.br;1734;1;0;1;0.138256
finalidade;denatran.gov.br;1736;0;0;0;0.022968
finalidade;denatran.gov.br;1737;1;0;1;0.116380
finalidade;denatran.gov.br;1743;1;0;0;0.069417
finalidade;denatran.gov.br;1746;1;1;1;0.478576
finalidade;denatran.gov.br;1749;1;0;1;0.122402
finalidade;denatran.gov.br;1758;1;0;1;0.100282
finalidade;denatran.gov.br;1759;0;1;1;0.101938
finalidade;denatran.gov.br;1761;0;0;0;0.097021
finalidade;denatran.gov.br;1762;0;0;0;0.054588
finalidade;denatran.gov.br;1763;0;0;0;0.018181
finalidade;denatran.gov.br;1764;0;0;0;0.004660
finalidade;denatran.gov.br;1765;0;0;0;0.025145
finalidade;denatran.gov.br;1766;0;0;0;0.011806
finalidade;denatran.gov.br;1767;0;0;0;0.023688
finalidade;denatran.gov.br;1768;0;0;0;0.005332
finalidade;denatran.gov.br;1769;0;0;0;0.024389
finalidade;denatran.gov.br;1770;0;0;0;0.005989
finalidade;denatran.gov.br;1771;0;0;1;0.110129
finalidade;denatran.gov.br;1772;0;0;0;0.012695
finalidade;denatran.gov.br;1773;0;0;0;0.004619
finalidade;denatran.gov.br;1774;0;0;0;0.011083
finalidade;denatran.gov.br;1775;0;0;0;0.006856
finalidade;denatran.gov.br;1776;0;0;0;0.013171
finalidade;denatran.gov.br;1777;0;0;0;0.004568
finalidade;denatran.gov.br;1778;0;0;0;0.005771
finalidade;denatran.gov.br;1779;0;0;0;0.003870
finalidade;denatran.gov.br;1780;0;0;0;0.024310
finalidade;denatran.gov.br;1782;0;0;0;0.005888
finalidade;denatran.gov.br;1783;0;0;0;0.003258
finalidade;denatran.gov.br;1784;0;0;0;0.020183
finalidade;denatran.gov.br;1785;0;0;0;0.014462
finalidade;denatran.gov.br;1786;0;0;0;0.003283
finalidade;denatran.gov.br;1787;0;1;0;0.024464
finalidade;denatran.gov.br;1789;0;0;0;0.003039
finalidade;denatran.gov.br;1790;0;0;0;0.016054
finalidade;denatran.gov.br;1791;0;0;0;0.026018
finalidade;denatran.gov.br;1792;0;0;0;0.028411
finalidade;denatran.gov.br;1793;0;0;0;0.026514
finalidade;denatran.gov.br;1794;0;0;0;0.035029
finalidade;denatran.gov.br;1795;0;0;0;0.015855
finalidade;denatran.gov.br;1796;0;0;0;0.017857
finalidade;denatran.gov.br;1797;0;0;0;0.014545
finalidade;denatran.gov.br;1799;0;0;0;0.016868
finalidade;denatran.gov.br;1800;0;1;0;0.024774
finalidade;denatran.gov.br;1801;0;1;0;0.017244
finalidade;denatran.gov.br;1803;0;0;0;0.004703
finalidade;denatran.gov.br;1804;0;0;0;0.001470
finalidade;denatran.gov.br;1805;0;0;0;0.001429
finalidade;denatran.gov.br;1806;0;0;0;0.095301
finalidade;denatran.gov.br;1807;0;0;0;0.015924
finalidade;denatran.gov.br;1808;0;0;0;0.010152
finalidade;denatran.gov.br;1809;0;0;0;0.004453
finalidade;denatran.gov.br;1810;0;0;0;0.024490
finalidade;denatran.gov.br;1811;0;0;0;0.013366
finalidade;denatran.gov.br;1813;0;0;0;0.086970
finalidade;denatran.gov.br;1814;0;0;0;0.003909
finalidade;denatran.gov.br;1815;0;0;0;0.003111
finalidade;denatran.gov.br;1816;0;0;0;0.001620
finalidade;denatran.gov.br;1817;0;0;0;0.025749
finalidade;denatran.gov.br;1818;0;0;0;0.002510
finalidade;denatran.gov.br;1819;0;0;0;0.007801
finalidade;denatran.gov.br;1820;0;0;0;0.002898
finalidade;denatran.gov.br;1821;0;0;0;0.005822
finalidade;denatran.gov.br;1822;0;0;0;0.010874
finalidade;denatran.gov.br;1824;0;0;0;0.015462
finalidade;denatran.gov.br;1825;0;0;0;0.055305
finalidade;denatran.gov.br;1826;0;0;1;0.141355
finalidade;denatran.gov.br;1827;0;0;0;0.019118
finalidade;denatran.gov.br;1828;0;0;0;0.054525
finalidade;denatran.gov.br;1829;0;0;0;0.018256
finalidade;denatran.gov.br;1834;0;0;0;0.005139
finalidade;denatran.gov.br;1835;0;0;0;0.003104
finalidade;denatran.gov.br;1836;0;0;0;0.022707
finalidade;denatran.gov.br;1837;0;0;0;0.006947
finalidade;denatran.gov.br;1838;0;0;0;0.020409
finalidade;denatran.gov.br;1841;0;0;0;0.003102
finalidade;denatran.gov.br;1842;0;0;0;0.026265
finalidade;denatran.gov.br;1843;0;0;0;0.007335
finalidade;denatran.gov.br;1845;0;0;0;0.006528
finalidade;denatran.gov.br;1846;0;0;0;0.037451
finalidade;denatran.gov.br;1847;0;0;0;0.004424
finalidade;denatran.gov.br;1848;0;0;0;0.017160
finalidade;denatran.gov.br;1849;0;0;0;0.005700
finalidade;denatran.gov.br;1850;0;0;0;0.015060
finalidade;denatran.gov.br;1851;0;0;0;0.005869
finalidade;denatran.gov.br;1852;0;0;0;0.076604
finalidade;denatran.gov.br;2390;0;1;0;0.013222
finalidade;denatran.gov.br;2391;0;0;0;0.008354
finalidade;denatran.gov.br;2392;0;0;0;0.002533
finalidade;denatran.gov.br;2393;0;0;0;0.002271
finalidade;denatran.gov.br;2394;0;0;0;0.007344
finalidade;denatran.gov.br;2395;0;0;0;0.001513
finalidade;denatran.gov.br;2396;0;0;0;0.001276
finalidade;denatran.gov.br;2397;0;0;0;0.001877
finalidade;denatran.gov.br;2398;0;0;0;0.015916
finalidade;denatran.gov.br;2399;0;0;0;0.015320
finalidade;denatran.gov.br;2400;0;0;0;0.045550
finalidade;denatran.gov.br;2401;0;1;0;0.005447
finalidade;denatran.gov.br;2402;0;0;0;0.008931
finalidade;denatran.gov.br;2403;0;0;0;0.002397
finalidade;denatran.gov.br;2404;0;0;0;0.010002
finalidade;denatran.gov.br;2405;0;0;0;0.027173
finalidade;denatran.gov.br;2406;0;0;0;0.017788
finalidade;denatran.gov.br;2407;0;0;0;0.000485
finalidade;denatran.gov.br;2408;0;0;0;0.025069
finalidade;denatran.gov.br;2409;0;0;0;0.007086
finalidade;denatran.gov.br;2410;0;0;0;0.019486
finalidade;denatran.gov.br;2411;0;0;1;0.125663
finalidade;denatran.gov.br;2412;0;0;0;0.007792
finalidade;denatran.gov.br;2413;0;0;0;0.094653
finalidade;denatran.gov.br;2414;0;0;0;0.002416
finalidade;denatran.gov.br;2415;0;0;0;0.002710
finalidade;denatran.gov.br;2416;0;0;0;0.002436
finalidade;denatran.gov.br;2417;0;0;0;0.005055
finalidade;denatran.gov.br;2418;0;0;0;0.002444
finalidade;denatran.gov.br;2419;0;0;0;0.003715
finalidade;denatran.gov.br;2420;0;0;0;0.008172
finalidade;denatran.gov.br;2421;0;0;0;0.002746
finalidade;denatran.gov.br;2422;0;0;0;0.001099
finalidade;denatran.gov.br;2423;0;0;0;0.004591
finalidade;denatran.gov.br;2424;0;0;0;0.011271
finalidade;denatran.gov.br;2426;0;1;0;0.009772
finalidade;denatran.gov.br;2427;0;0;1;0.384903
finalidade;denatran.gov.br;2428;0;1;1;0.126585
finalidade;denatran.gov.br;2429;0;1;0;0.008793
finalidade;denatran.gov.br;2430;0;0;0;0.016073
finalidade;denatran.gov.br;2432;0;0;0;0.007268
finalidade;denatran.gov.br;2434;0;0;0;0.013857
finalidade;denatran.gov.br;2435;0;0;0;0.022145
finalidade;denatran.gov.br;2436;0;0;0;0.002259
finalidade;denatran.gov.br;2437;0;0;1;0.129611
finalidade;denatran.gov.br;2438;0;0;0;0.026118
finalidade;denatran.gov.br;2440;0;1;0;0.030770
finalidade;denatran.gov.br;2441;0;0;1;0.202066
finalidade;denatran.gov.br;2442;0;1;0;0.096352
finalidade;denatran.gov.br;2443;0;0;0;0.088369
finalidade;denatran.gov.br;2444;0;0;1;0.289542
finalidade;denatran.gov.br;2445;0;0;0;0.062086
finalidade;denatran.gov.br;2446;0;1;0;0.035207
finalidade;denatran.gov.br;2447;0;0;0;0.023949
finalidade;denatran.gov.br;2448;0;0;0;0.071542
finalidade;denatran.gov.br;2449;0;0;1;0.157674
finalidade;denatran.gov.br;2450;0;0;0;0.031075
finalidade;denatran.gov.br;2451;0;0;1;0.154261
finalidade;denatran.gov.br;2452;0;0;0;0.032639
finalidade;denatran.gov.br;2453;0;0;0;0.041158
finalidade;denatran.gov.br;2455;0;0;0;0.048717
finalidade;denatran.gov.br;2456;0;0;1;0.139635
finalidade;denatran.gov.br;2457;0;0;1;0.281115
finalidade;denatran.gov.br;2458;0;0;0;0.032084
finalidade;denatran.gov.br;2459;0;0;0;0.009146
finalidade;denatran.gov.br;2460;0;0;0;0.040164
finalidade;denatran.gov.br;2461;0;0;0;0.017408
finalidade;denatran.gov.br;2462;0;0;0;0.009235
finalidade;denatran.gov.br;2463;0;0;0;0.049876
finalidade;denatran.gov.br;2464;0;1;1;0.130703
finalidade;denatran.gov.br;2465;0;0;1;0.109932
finalidade;denatran.gov.br;2466;0;0;1;0.198442
finalidade;denatran.gov.br;2467;0;0;0;0.060666
finalidade;denatran.gov.br;2468;0;0;1;0.104542
finalidade;denatran.gov.br;2469;0;0;1;0.149814
finalidade;denatran.gov.br;2470;0;0;0;0.053730
finalidade;denatran.gov.br;2471;0;0;0;0.097509
finalidade;denatran.gov.br;2472;0;0;0;0.022346
finalidade;denatran.gov.br;2473;0;0;0;0.037891
finalidade;denatran.gov.br;2474;0;0;0;0.002848
finalidade;denatran.gov.br;2476;0;0;0;0.005797
finalidade;denatran.gov.br;2477;0;1;0;0.066119
finalidade;denatran.gov.br;2478;0;1;1;0.123934
finalidade;denatran.gov.br;2479;0;0;0;0.012343
finalidade;denatran.gov.br;2480;0;1;0;0.007070
finalidade;denatran.gov.br;2481;0;1;0;0.004240
finalidade;denatran.gov.br;2482;0;1;1;0.174242
finalidade;denatran.gov.br;2483;0;0;0;0.054204
finalidade;denatran.gov.br;2487;0;0;0;0.054537
finalidade;denatran.gov.br;2489;0;0;0;0.015546
finalidade;denatran.gov.br;2491;0;0;0;0.022968
finalidade;denatran.gov.br;2493;0;0;1;0.213522
finalidade;denatran.gov.br;2495;0;0;0;0.032080
finalidade;denatran.gov.br;2497;0;0;0;0.023903
finalidade;denatran.gov.br;2498;0;0;0;0.017065
finalidade;denatran.gov.br;2499;0;0;0;0.003127
finalidade;denatran.gov.br;2501;0;0;0;0.005723
finalidade;denatran.gov.br;2502;0;0;0;0.052542
finalidade;denatran.gov.br;2503;0;0;0;0.008940
finalidade;denatran.gov.br;2505;0;0;0;0.003980
finalidade;denatran.gov.br;2506;0;0;0;0.002942
finalidade;denatran.gov.br;2507;0;0;0;0.002330
finalidade;denatran.gov.br;2508;0;0;0;0.027854
finalidade;denatran.gov.br;2509;0;0;0;0.007674
finalidade;denatran.gov.br;2510;0;0;0;0.004599
finalidade;denatran.gov.br;2511;0;0;0;0.054172
finalidade;denatran.gov.br;2512;0;0;0;0.004083
finalidade;denatran.gov.br;2514;0;0;0;0.024922
finalidade;denatran.gov.br;2515;0;0;0;0.013887
finalidade;denatran.gov.br;2516;0;0;1;0.100051
finalidade;denatran.gov.br;2517;0;0;0;0.058550
finalidade;denatran.gov.br;2518;0;0;0;0.029045
finalidade;denatran.gov.br;2519;0;0;0;0.014140
finalidade;denatran.gov.br;2521;0;1;0;0.007520
finalidade;denatran.gov.br;2525;0;0;0;0.004899
finalidade;denatran.gov.br;2529;0;0;0;0.021816
finalidade;denatran.gov.br;2533;0;0;0;0.013890
finalidade;denatran.gov.br;2534;0;0;0;0.015085
finalidade;denatran.gov.br;2535;0;0;0;0.007615
finalidade;denatran.gov.br;2537;0;0;0;0.001426
finalidade;denatran.gov.br;2541;0;0;0;0.005885
finalidade;denatran.gov.br;2545;0;0;0;0.008002
finalidade;denatran.gov.br;2547;0;0;0;0.005573
finalidade;denatran.gov.br;2549;0;0;0;0.002653
finalidade;denatran.gov.br;2553;0;1;0;0.016206
finalidade;denatran.gov.br;2554;0;0;0;0.040448
finalidade;denatran.gov.br;2558;0;0;0;0.007273
finalidade;denatran.gov.br;2559;0;0;0;0.013875
finalidade;denatran.gov.br;2563;0;0;0;0.001700
finalidade;denatran.gov.br;2564;0;0;0;0.019367
finalidade;denatran.gov.br;2565;0;0;0;0.011997
finalidade;denatran.gov.br;2569;0;0;0;0.015163
finalidade;denatran.gov.br;2570;0;0;0;0.002499
finalidade;denatran.gov.br;2571;0;0;0;0.002288
finalidade;denatran.gov.br;2575;0;0;0;0.005335
finalidade;denatran.gov.br;2579;0;0;0;0.013145
finalidade;denatran.gov.br;2583;0;0;0;0.026378
finalidade;denatran.gov.br;2587;0;0;0;0.001596
finalidade;denatran.gov.br;2591;0;0;0;0.040321
finalidade;denatran.gov.br;2593;0;0;0;0.028827
finalidade;denatran.gov.br;2595;0;0;0;0.025945
finalidade;denatran.gov.br;2597;0;0;0;0.083510
finalidade;denatran.gov.br;2602;0;0;0;0.003438
finalidade;denatran.gov.br;2603;0;0;0;0.002354
finalidade;denatran.gov.br;2604;0;0;0;0.002292
finalidade;denatran.gov.br;2605;0;0;0;0.033898
finalidade;denatran.gov.br;2607;0;1;0;0.013747
finalidade;denatran.gov.br;2608;0;0;0;0.041782
finalidade;denatran.gov.br;2609;0;0;0;0.005554
finalidade;denatran.gov.br;2610;0;0;0;0.034380
finalidade;denatran.gov.br;2611;0;0;0;0.046943
finalidade;denatran.gov.br;2612;0;0;0;0.036278
finalidade;denatran.gov.br;2613;0;0;1;0.248702
finalidade;denatran.gov.br;2614;0;0;0;0.010310
finalidade;denatran.gov.br;2615;0;0;1;0.100519
finalidade;denatran.gov.br;2616;0;1;0;0.023818
finalidade;denatran.gov.br;2617;0;1;0;0.007111
finalidade;denatran.gov.br;2618;0;0;0;0.010036
finalidade;denatran.gov.br;2619;0;0;0;0.027941
finalidade;denatran.gov.br;2620;0;0;0;0.006462
finalidade;denatran.gov.br;2621;0;0;0;0.005616
finalidade;denatran.gov.br;2622;0;0;0;0.010737
finalidade;denatran.gov.br;2623;0;0;0;0.009946
finalidade;denatran.gov.br;2624;0;0;0;0.005286
finalidade;denatran.gov.br;2625;0;0;0;0.014874
finalidade;denatran.gov.br;2626;0;0;0;0.017081
finalidade;denatran.gov.br;2627;0;0;0;0.014452
finalidade;denatran.gov.br;2628;0;0;0;0.028179
finalidade;denatran.gov.br;2629;0;0;0;0.050714
finalidade;denatran.gov.br;2630;0;0;0;0.020826
finalidade;denatran.gov.br;2631;0;0;0;0.014575
finalidade;denatran.gov.br;2632;0;0;0;0.019096
finalidade;denatran.gov.br;2633;0;0;0;0.043872
finalidade;cplug.com.br;0;0;0;1;0.662404
finalidade;cplug.com.br;6;0;0;0;0.037151
finalidade;cplug.com.br;9;0;0;1;0.346633
finalidade;cplug.com.br;13;0;0;1;0.118972
finalidade;cplug.com.br;14;0;0;0;0.021179
finalidade;cplug.com.br;29;0;0;0;0.003700
finalidade;cplug.com.br;30;0;0;0;0.021727
finalidade;cplug.com.br;32;0;1;0;0.019485
finalidade;cplug.com.br;33;0;0;0;0.001534
finalidade;cplug.com.br;34;0;0;0;0.001052
finalidade;cplug.com.br;35;0;0;0;0.026972
finalidade;cplug.com.br;36;0;0;0;0.011102
finalidade;cplug.com.br;37;0;0;0;0.018641
finalidade;cplug.com.br;38;0;0;1;0.235504
finalidade;cplug.com.br;39;0;0;1;0.114607
finalidade;cplug.com.br;40;0;0;0;0.009661
finalidade;cplug.com.br;43;0;0;0;0.015376
finalidade;cplug.com.br;44;0;0;1;0.177937
finalidade;cplug.com.br;45;0;0;0;0.050662
finalidade;cplug.com.br;46;0;0;0;0.035745
finalidade;cplug.com.br;47;0;0;1;0.129137
finalidade;cplug.com.br;48;0;0;0;0.002335
finalidade;cplug.com.br;50;0;0;0;0.007453
finalidade;cplug.com.br;51;0;0;0;0.003144
finalidade;cplug.com.br;52;0;0;0;0.004432
finalidade;cplug.com.br;53;0;0;0;0.001094
finalidade;cplug.com.br;54;0;0;0;0.003277
finalidade;cplug.com.br;55;0;0;0;0.004293
finalidade;cplug.com.br;56;0;0;0;0.003799
finalidade;cplug.com.br;57;0;0;0;0.004618
finalidade;cplug.com.br;60;0;0;0;0.010240
finalidade;cplug.com.br;61;0;1;0;0.010960
finalidade;cplug.com.br;62;0;0;0;0.020040
finalidade;cplug.com.br;63;0;0;0;0.038259
finalidade;cplug.com.br;64;0;0;1;0.216987
finalidade;cplug.com.br;65;0;0;1;0.294052
finalidade;cplug.com.br;66;0;0;1;0.384696
finalidade;cplug.com.br;67;0;1;0;0.062919
finalidade;cplug.com.br;68;0;0;1;0.196435
finalidade;cplug.com.br;69;0;0;1;0.102716
finalidade;cplug.com.br;70;0;0;0;0.058014
finalidade;cplug.com.br;71;0;1;0;0.060010
finalidade;cplug.com.br;72;0;0;1;0.098558
finalidade;cplug.com.br;73;0;0;1;0.087744
finalidade;cplug.com.br;74;0;0;1;0.350612
finalidade;cplug.com.br;75;0;0;1;0.117322
finalidade;cplug.com.br;76;0;0;1;0.149386
finalidade;cplug.com.br;77;0;0;1;0.085271
finalidade;cplug.com.br;78;0;0;0;0.082244
finalidade;cplug.com.br;79;0;0;0;0.010246
finalidade;cplug.com.br;80;0;0;1;0.102326
finalidade;cplug.com.br;81;1;0;1;0.539554
finalidade;cplug.com.br;82;1;0;1;0.228845
finalidade;cplug.com.br;83;1;0;0;0.023636
finalidade;cplug.com.br;84;1;0;1;0.340056
finalidade;cplug.com.br;85;1;0;1;0.167895
finalidade;cplug.com.br;86;1;0;1;0.295996
finalidade;cplug.com.br;87;1;1;1;0.406428
finalidade;cplug.com.br;88;1;0;0;0.080832
finalidade;cplug.com.br;89;0;1;0;0.068712
finalidade;cplug.com.br;90;0;0;0;0.024407
finalidade;cplug.com.br;91;0;0;0;0.006694
finalidade;cplug.com.br;94;0;0;0;0.029274
finalidade;cplug.com.br;95;0;0;0;0.066807
finalidade;cplug.com.br;96;0;0;0;0.017919
finalidade;cplug.com.br;97;0;0;0;0.054134
finalidade;cplug.com.br;98;0;0;0;0.010240
finalidade;cplug.com.br;99;0;0;1;0.114965
finalidade;cplug.com.br;100;0;0;0;0.028016
finalidade;cplug.com.br;101;0;1;1;0.627477
finalidade;cplug.com.br;102;0;0;1;0.249231
finalidade;cplug.com.br;103;0;0;0;0.019997
finalidade;cplug.com.br;104;0;0;1;0.098000
finalidade;cplug.com.br;105;0;0;1;0.119670
finalidade;cplug.com.br;106;0;0;1;0.363545
finalidade;cplug.com.br;107;0;0;1;0.216974
finalidade;cplug.com.br;108;0;0;0;0.082244
finalidade;cplug.com.br;109;0;0;0;0.019097
finalidade;cplug.com.br;110;1;0;1;0.852822
finalidade;cplug.com.br;111;1;0;1;0.507929
finalidade;cplug.com.br;112;1;1;1;0.891829
finalidade;cplug.com.br;113;1;0;0;0.047503
finalidade;cplug.com.br;114;1;0;0;0.068202
finalidade;cplug.com.br;115;0;0;0;0.055042
finalidade;cplug.com.br;117;1;0;1;0.242524
finalidade;cplug.com.br;121;0;0;0;0.007791
finalidade;cplug.com.br;122;0;0;0;0.010240
finalidade;cplug.com.br;123;0;0;0;0.042355
finalidade;cplug.com.br;124;0;0;0;0.082853
finalidade;cplug.com.br;127;0;0;0;0.080321
finalidade;cplug.com.br;128;0;0;0;0.023203
finalidade;cplug.com.br;130;0;0;0;0.069690
finalidade;cplug.com.br;131;0;0;0;0.027126
finalidade;cplug.com.br;133;0;0;1;0.099804
finalidade;cplug.com.br;134;0;0;0;0.070555
finalidade;cplug.com.br;135;0;0;1;0.160985
finalidade;cplug.com.br;136;0;0;0;0.082244
finalidade;cplug.com.br;137;0;0;0;0.004380
finalidade;cplug.com.br;138;1;0;1;0.529904
finalidade;cplug.com.br;140;1;0;1;0.227888
finalidade;cplug.com.br;141;1;0;1;0.387411
finalidade;cplug.com.br;142;1;0;1;0.478091
finalidade;cplug.com.br;149;0;0;0;0.001998
finalidade;cplug.com.br;150;0;0;1;0.269747
finalidade;cplug.com.br;151;0;0;0;0.019012
finalidade;cplug.com.br;152;1;1;1;0.211071
finalidade;cplug.com.br;153;1;1;1;0.857243
finalidade;cplug.com.br;154;0;0;0;0.005120
finalidade;cplug.com.br;155;0;1;1;0.373719
finalidade;cplug.com.br;156;0;0;0;0.012997
finalidade;cplug.com.br;157;0;0;0;0.054965
finalidade;cplug.com.br;158;1;1;1;0.346802
finalidade;cplug.com.br;159;0;0;0;0.023141
finalidade;cplug.com.br;160;1;1;0;0.050776
finalidade;cplug.com.br;161;0;0;1;0.113587
finalidade;cplug.com.br;162;0;0;0;0.042186
finalidade;cplug.com.br;163;0;0;0;0.014642
finalidade;cplug.com.br;164;0;1;1;0.087205
finalidade;cplug.com.br;165;0;0;0;0.011456
finalidade;cplug.com.br;166;0;0;0;0.015484
finalidade;cplug.com.br;167;0;0;0;0.008538
finalidade;cplug.com.br;168;0;0;0;0.020695
finalidade;cplug.com.br;169;0;0;0;0.052417
finalidade;cplug.com.br;170;0;1;1;0.334867
finalidade;cplug.com.br;171;0;0;0;0.030336
finalidade;cplug.com.br;173;0;0;0;0.037749
finalidade;cplug.com.br;174;0;0;1;0.117018
finalidade;cplug.com.br;175;0;0;0;0.009993
finalidade;cplug.com.br;176;1;1;1;0.455069
finalidade;cplug.com.br;177;0;0;0;0.015535
finalidade;cplug.com.br;179;0;0;0;0.007943
finalidade;cplug.com.br;180;0;0;0;0.005190
finalidade;cplug.com.br;181;0;0;0;0.012703
finalidade;cplug.com.br;183;0;0;0;0.046340
finalidade;cplug.com.br;184;0;0;0;0.056138
finalidade;cplug.com.br;185;0;0;0;0.022958
finalidade;cplug.com.br;186;0;0;0;0.013762
finalidade;cplug.com.br;187;0;0;0;0.058122
finalidade;cplug.com.br;188;1;0;1;0.508582
finalidade;cplug.com.br;191;0;0;0;0.003493
finalidade;cplug.com.br;194;0;0;0;0.003921
finalidade;cplug.com.br;195;0;0;0;0.001802
finalidade;cplug.com.br;196;0;0;0;0.026113
finalidade;cplug.com.br;197;0;0;0;0.008053
finalidade;cplug.com.br;198;0;0;0;0.008236
finalidade;cplug.com.br;199;0;0;0;0.008708
finalidade;cplug.com.br;200;0;0;0;0.023590
finalidade;cplug.com.br;201;0;0;0;0.001636
finalidade;cplug.com.br;202;0;0;0;0.025385
finalidade;cplug.com.br;203;0;0;0;0.020246
finalidade;cplug.com.br;204;0;1;0;0.030670
finalidade;cplug.com.br;205;0;0;0;0.002594
finalidade;cplug.com.br;206;0;0;0;0.047860
finalidade;cplug.com.br;207;0;0;0;0.009770
finalidade;cplug.com.br;209;0;0;0;0.021227
finalidade;cplug.com.br;210;0;0;0;0.001093
finalidade;cplug.com.br;211;0;0;0;0.009285
finalidade;cplug.com.br;212;0;0;0;0.004759
finalidade;cplug.com.br;213;0;0;0;0.001009
finalidade;cplug.com.br;214;0;0;0;0.012991
finalidade;cplug.com.br;215;0;1;0;0.057605
finalidade;cplug.com.br;216;0;0;0;0.002741
finalidade;cplug.com.br;217;0;0;0;0.012336
finalidade;cplug.com.br;218;0;0;0;0.020607
finalidade;cplug.com.br;219;0;0;0;0.062875
finalidade;cplug.com.br;220;0;0;0;0.000532
finalidade;cplug.com.br;222;0;0;0;0.002752
finalidade;cplug.com.br;223;0;0;0;0.005842
finalidade;cplug.com.br;224;0;0;0;0.017149
finalidade;cplug.com.br;226;0;0;0;0.014374
finalidade;cplug.com.br;229;0;0;1;0.422121
finalidade;cplug.com.br;230;0;0;0;0.002327
finalidade;cplug.com.br;233;0;0;0;0.013763
finalidade;cplug.com.br;234;0;1;1;0.165276
finalidade;cplug.com.br;235;0;0;1;0.103908
finalidade;cplug.com.br;236;0;0;0;0.051282
finalidade;cplug.com.br;237;0;0;1;0.205032
finalidade;cplug.com.br;238;0;0;0;0.009779
finalidade;cplug.com.br;239;0;0;1;0.105840
finalidade;cplug.com.br;240;0;0;0;0.078841
finalidade;cplug.com.br;242;0;0;0;0.064906
finalidade;cplug.com.br;243;0;0;0;0.043555
finalidade;cplug.com.br;244;0;0;0;0.003889
finalidade;cplug.com.br;245;0;0;1;0.103082
finalidade;cplug.com.br;246;0;0;0;0.011147
finalidade;cplug.com.br;249;1;0;0;0.070147
finalidade;cplug.com.br;250;0;0;0;0.073437
finalidade;cplug.com.br;251;1;0;0;0.046086
finalidade;cplug.com.br;252;0;0;1;0.857925
finalidade;cplug.com.br;253;1;0;1;0.261707
finalidade;cplug.com.br;255;1;1;0;0.008244
finalidade;cplug.com.br;256;0;0;0;0.008402
finalidade;cplug.com.br;257;0;0;0;0.038381
finalidade;cplug.com.br;260;1;1;1;0.409035
finalidade;cplug.com.br;262;1;1;1;0.193554
finalidade;cplug.com.br;264;1;1;1;0.103099
finalidade;cplug.com.br;266;1;0;1;0.633796
finalidade;cplug.com.br;267;0;0;0;0.033608
finalidade;cplug.com.br;268;1;0;1;0.731824
finalidade;cplug.com.br;269;0;0;1;0.531638
finalidade;cplug.com.br;270;1;0;1;0.633066
finalidade;cplug.com.br;272;1;0;1;0.156246
finalidade;cplug.com.br;273;0;0;0;0.010159
finalidade;cplug.com.br;274;1;0;0;0.080116
finalidade;cplug.com.br;275;1;0;1;0.246414
finalidade;cplug.com.br;278;0;0;0;0.007741
finalidade;cplug.com.br;279;1;0;0;0.072565
finalidade;cplug.com.br;280;1;0;1;0.230538
finalidade;cplug.com.br;281;1;0;1;0.483031
finalidade;cplug.com.br;284;0;1;1;0.674457
finalidade;cplug.com.br;285;0;0;1;0.088479
finalidade;cplug.com.br;286;0;0;0;0.060519
finalidade;cplug.com.br;287;0;1;1;0.868606
finalidade;cplug.com.br;288;1;0;1;0.488258
finalidade;cplug.com.br;289;0;0;1;0.262010
finalidade;cplug.com.br;290;1;1;1;0.268396
finalidade;cplug.com.br;293;1;0;1;0.585123
finalidade;cplug.com.br;295;1;0;1;0.171806
finalidade;cplug.com.br;296;0;0;0;0.037127
finalidade;cplug.com.br;297;1;0;0;0.024908
finalidade;cplug.com.br;299;1;0;1;0.181098
finalidade;cplug.com.br;301;0;0;0;0.029523
finalidade;cplug.com.br;302;0;0;1;0.131361
finalidade;cplug.com.br;303;1;0;0;0.072596
finalidade;cplug.com.br;304;0;0;1;0.208544
finalidade;cplug.com.br;307;0;1;0;0.021644
finalidade;cplug.com.br;308;0;0;1;0.122740
finalidade;cplug.com.br;309;0;0;0;0.019767
finalidade;cplug.com.br;310;0;0;0;0.012606
finalidade;cplug.com.br;311;0;0;0;0.057344
finalidade;cplug.com.br;314;0;0;0;0.015802
finalidade;cplug.com.br;316;0;0;0;0.010137
finalidade;cplug.com.br;317;0;0;0;0.053836
finalidade;cplug.com.br;318;0;0;0;0.033489
finalidade;cplug.com.br;319;0;1;1;0.167115
finalidade;cplug.com.br;320;0;0;1;0.170276
finalidade;cplug.com.br;321;0;0;0;0.014899
finalidade;cplug.com.br;322;0;0;0;0.006453
finalidade;cplug.com.br;323;0;0;0;0.060808
finalidade;cplug.com.br;324;0;0;0;0.008278
finalidade;cplug.com.br;325;0;0;0;0.011671
finalidade;cplug.com.br;326;0;0;1;0.099766
finalidade;cplug.com.br;327;0;0;0;0.034507
finalidade;cplug.com.br;328;0;0;0;0.045719
finalidade;cplug.com.br;329;0;0;0;0.034120
finalidade;cplug.com.br;330;0;0;0;0.068627
finalidade;cplug.com.br;331;0;0;1;0.089280
finalidade;cplug.com.br;332;0;0;0;0.027611
finalidade;cplug.com.br;333;0;0;0;0.026352
finalidade;cplug.com.br;335;0;1;0;0.031400
finalidade;cplug.com.br;336;0;0;0;0.016514
finalidade;cplug.com.br;337;0;0;1;0.159856
finalidade;cplug.com.br;338;0;0;0;0.036620
finalidade;cplug.com.br;339;0;0;0;0.027636
finalidade;cplug.com.br;340;0;0;0;0.019489
finalidade;cplug.com.br;341;0;0;0;0.042884
finalidade;cplug.com.br;342;0;0;0;0.011932
finalidade;cplug.com.br;344;0;0;0;0.064768
finalidade;cplug.com.br;345;0;0;0;0.010741
finalidade;cplug.com.br;346;0;0;0;0.003302
finalidade;cplug.com.br;347;0;0;0;0.044378
finalidade;cplug.com.br;349;0;0;0;0.003530
finalidade;cplug.com.br;350;0;0;0;0.010633
finalidade;cplug.com.br;351;0;0;0;0.003663
finalidade;cplug.com.br;352;0;0;0;0.062581
finalidade;cplug.com.br;353;0;0;0;0.044511
finalidade;cplug.com.br;355;0;0;1;0.224678
finalidade;cplug.com.br;356;0;0;0;0.023700
finalidade;cplug.com.br;357;0;1;0;0.043610
finalidade;cplug.com.br;358;0;0;0;0.005555
finalidade;cplug.com.br;359;0;0;1;0.128895
finalidade;cplug.com.br;360;0;0;0;0.066958
finalidade;cplug.com.br;361;0;1;1;0.173138
finalidade;cplug.com.br;362;0;1;1;0.532279
finalidade;cplug.com.br;363;0;0;1;0.299300
finalidade;cplug.com.br;364;0;0;1;0.090019
finalidade;cplug.com.br;365;0;0;0;0.018452
finalidade;cplug.com.br;366;0;1;1;0.180096
finalidade;cplug.com.br;367;0;0;1;0.471208
finalidade;cplug.com.br;368;0;1;1;0.108100
finalidade;cplug.com.br;369;0;0;1;0.092546
finalidade;cplug.com.br;370;0;0;0;0.030786
finalidade;cplug.com.br;372;0;0;0;0.013463
finalidade;cplug.com.br;374;0;0;1;0.093396
finalidade;cplug.com.br;375;0;1;1;0.162848
finalidade;cplug.com.br;376;0;1;0;0.011824
finalidade;cplug.com.br;377;0;0;0;0.001645
finalidade;cplug.com.br;378;0;0;0;0.005391
finalidade;cplug.com.br;379;0;0;0;0.001187
finalidade;cplug.com.br;380;0;0;0;0.001826
finalidade;cplug.com.br;381;0;0;0;0.001819
finalidade;cplug.com.br;382;0;0;0;0.016460
finalidade;cplug.com.br;384;1;1;1;0.104023
finalidade;cplug.com.br;385;0;0;0;0.022753
finalidade;cplug.com.br;386;1;1;1;0.168855
finalidade;cplug.com.br;387;0;0;0;0.016518
finalidade;cplug.com.br;388;1;0;0;0.046578
finalidade;cplug.com.br;389;1;1;1;0.333695
finalidade;cplug.com.br;390;0;0;0;0.011480
finalidade;cplug.com.br;391;0;0;0;0.003441
finalidade;cplug.com.br;392;0;0;0;0.079460
finalidade;cplug.com.br;393;0;0;1;0.142434
finalidade;cplug.com.br;394;0;0;0;0.015940
finalidade;cplug.com.br;395;0;0;0;0.045537
finalidade;cplug.com.br;396;0;0;0;0.019310
finalidade;cplug.com.br;397;0;0;0;0.009698
finalidade;cplug.com.br;398;1;0;0;0.015634
finalidade;cplug.com.br;399;0;0;0;0.022413
finalidade;cplug.com.br;400;0;0;0;0.029465
finalidade;cplug.com.br;401;0;0;1;0.197226
finalidade;cplug.com.br;402;0;0;0;0.076816
finalidade;cplug.com.br;403;0;0;0;0.003087
finalidade;cplug.com.br;404;0;1;0;0.009548
finalidade;cplug.com.br;405;0;0;0;0.019240
finalidade;cplug.com.br;406;0;0;0;0.005120
finalidade;cplug.com.br;407;1;1;0;0.041725
finalidade;cplug.com.br;408;0;0;0;0.015175
finalidade;cplug.com.br;409;0;1;0;0.013180
finalidade;cplug.com.br;411;0;0;0;0.010453
finalidade;cplug.com.br;412;0;0;0;0.005680
finalidade;cplug.com.br;413;0;0;0;0.001485
finalidade;cplug.com.br;414;0;0;0;0.005344
finalidade;cplug.com.br;415;0;0;0;0.013295
finalidade;cplug.com.br;416;0;0;0;0.001578
finalidade;cplug.com.br;417;0;0;0;0.032536
finalidade;cplug.com.br;419;0;0;0;0.001218
finalidade;cplug.com.br;420;0;0;0;0.042541
finalidade;cplug.com.br;421;0;0;0;0.003710
finalidade;cplug.com.br;422;0;0;0;0.011442
finalidade;cplug.com.br;423;0;0;0;0.011543
finalidade;cplug.com.br;424;0;0;0;0.013376
finalidade;cplug.com.br;425;0;0;0;0.026816
finalidade;cplug.com.br;426;0;0;0;0.000718
finalidade;cplug.com.br;427;0;0;0;0.008130
finalidade;cplug.com.br;428;0;0;1;0.118217
finalidade;cplug.com.br;429;0;0;0;0.004877
finalidade;cplug.com.br;430;0;0;0;0.002133
finalidade;cplug.com.br;431;0;0;0;0.001217
finalidade;cplug.com.br;432;0;0;0;0.002028
finalidade;cplug.com.br;433;0;0;0;0.002210
finalidade;cplug.com.br;434;0;0;0;0.003603
finalidade;cplug.com.br;435;0;0;0;0.001935
finalidade;cplug.com.br;436;0;0;0;0.009805
finalidade;cplug.com.br;437;0;0;1;0.096649
finalidade;cplug.com.br;438;0;0;0;0.044380
finalidade;cplug.com.br;439;0;0;0;0.000565
finalidade;cplug.com.br;440;0;0;0;0.006782
finalidade;cplug.com.br;441;0;0;0;0.024652
finalidade;cplug.com.br;442;0;0;0;0.002239
finalidade;cplug.com.br;443;0;0;0;0.004339
finalidade;cplug.com.br;444;0;0;0;0.017177
finalidade;cplug.com.br;445;0;0;0;0.064727
finalidade;cplug.com.br;446;0;0;0;0.004566
finalidade;cplug.com.br;447;0;0;0;0.004339
finalidade;cplug.com.br;448;0;0;0;0.029121
finalidade;cplug.com.br;475;0;0;0;0.011530
finalidade;cplug.com.br;476;0;0;0;0.049064
finalidade;cplug.com.br;477;0;0;0;0.073437
finalidade;cplug.com.br;479;0;0;0;0.016576
finalidade;cplug.com.br;480;0;0;1;0.196332
finalidade;cplug.com.br;481;0;0;0;0.009845
finalidade;cplug.com.br;483;0;0;0;0.056335
finalidade;cplug.com.br;484;0;0;0;0.038625
finalidade;cplug.com.br;486;0;0;1;0.367518
finalidade;cplug.com.br;488;0;0;1;0.212881
finalidade;cplug.com.br;489;0;0;0;0.010916
finalidade;cplug.com.br;490;0;1;1;0.339600
finalidade;cplug.com.br;491;0;1;1;0.100205
finalidade;cplug.com.br;492;0;0;0;0.037642
finalidade;cplug.com.br;494;0;0;1;0.178854
finalidade;cplug.com.br;495;0;0;0;0.013028
finalidade;cplug.com.br;496;0;0;0;0.020241
finalidade;cplug.com.br;497;0;0;0;0.023559
finalidade;cplug.com.br;498;0;0;0;0.005345
finalidade;cplug.com.br;499;0;0;0;0.020001
finalidade;cplug.com.br;500;0;0;0;0.010965
finalidade;cplug.com.br;501;0;0;0;0.028533
finalidade;cplug.com.br;502;0;0;0;0.044377
finalidade;cplug.com.br;503;0;0;0;0.011740
finalidade;cplug.com.br;504;0;0;0;0.041566
finalidade;cplug.com.br;506;0;0;1;0.312065
finalidade;cplug.com.br;507;0;0;1;0.173335
finalidade;cplug.com.br;508;0;0;0;0.071019
finalidade;cplug.com.br;509;0;1;0;0.007700
finalidade;cplug.com.br;510;0;0;0;0.022895
finalidade;cplug.com.br;511;0;0;0;0.048898
finalidade;cplug.com.br;512;0;0;0;0.013268
finalidade;cplug.com.br;513;0;0;0;0.026305
finalidade;cplug.com.br;514;0;0;0;0.011985
finalidade;cplug.com.br;515;0;0;0;0.009696
finalidade;cplug.com.br;516;0;0;0;0.046780
finalidade;cplug.com.br;517;0;0;0;0.060200
finalidade;cplug.com.br;518;0;0;1;0.151827
finalidade;cplug.com.br;519;0;1;1;0.287889
finalidade;cplug.com.br;520;0;0;1;0.131834
finalidade;cplug.com.br;521;0;0;1;0.125879
finalidade;cplug.com.br;522;0;0;0;0.003630
finalidade;cplug.com.br;523;0;0;0;0.013873
finalidade;cplug.com.br;524;0;0;0;0.039724
finalidade;cplug.com.br;525;0;0;0;0.061656
finalidade;cplug.com.br;526;0;0;0;0.007720
finalidade;cplug.com.br;527;0;0;0;0.012747
finalidade;cplug.com.br;528;0;0;0;0.013964
finalidade;cplug.com.br;529;0;0;0;0.028899
finalidade;cplug.com.br;530;0;0;0;0.011690
finalidade;cplug.com.br;532;0;0;0;0.061652
finalidade;cplug.com.br;533;0;0;0;0.014389
finalidade;cplug.com.br;534;0;0;0;0.040234
finalidade;cplug.com.br;535;0;0;0;0.014868
finalidade;cplug.com.br;536;0;0;0;0.009977
finalidade;cplug.com.br;537;0;0;0;0.076740
finalidade;cplug.com.br;539;0;1;0;0.019000
finalidade;cplug.com.br;540;0;0;0;0.021317
finalidade;cplug.com.br;541;0;0;0;0.012554
finalidade;cplug.com.br;542;0;0;0;0.022595
finalidade;cplug.com.br;544;0;0;0;0.011313
finalidade;cplug.com.br;545;0;0;0;0.007389
finalidade;cplug.com.br;547;0;0;0;0.014435
finalidade;cplug.com.br;548;0;0;0;0.021967
finalidade;cplug.com.br;549;0;0;0;0.005457
finalidade;cplug.com.br;550;0;0;0;0.014123
finalidade;cplug.com.br;551;0;0;0;0.011556
finalidade;cplug.com.br;552;0;0;0;0.008808
finalidade;cplug.com.br;553;0;0;0;0.017637
finalidade;cplug.com.br;554;0;0;0;0.019319
finalidade;cplug.com.br;555;0;0;0;0.023832
finalidade;cplug.com.br;557;0;0;1;0.128839
finalidade;cplug.com.br;558;0;0;0;0.053421
finalidade;cplug.com.br;559;0;0;0;0.021680
finalidade;cplug.com.br;560;0;0;0;0.016660
finalidade;cplug.com.br;561;0;0;0;0.022241
finalidade;cplug.com.br;562;0;0;0;0.024574
finalidade;cplug.com.br;563;0;0;0;0.037856
finalidade;cplug.com.br;564;0;0;0;0.073713
finalidade;cplug.com.br;565;0;1;1;0.097831
finalidade;cplug.com.br;566;0;0;0;0.050767
finalidade;cplug.com.br;567;0;0;0;0.020672
finalidade;cplug.com.br;568;0;0;0;0.082328
finalidade;cplug.com.br;570;0;0;0;0.014060
finalidade;cplug.com.br;571;0;0;0;0.031618
finalidade;pcd.com.br;12;0;0;1;0.083774
finalidade;pcd.com.br;14;0;0;0;0.057817
finalidade;pcd.com.br;15;0;0;0;0.032693
finalidade;pcd.com.br;16;0;0;1;0.240875
finalidade;pcd.com.br;17;0;0;1;0.743463
finalidade;pcd.com.br;19;0;0;0;0.008105
finalidade;pcd.com.br;20;0;0;0;0.008105
finalidade;pcd.com.br;21;0;0;0;0.016752
finalidade;pcd.com.br;22;0;0;1;0.064639
finalidade;pcd.com.br;42;0;0;0;0.000880
finalidade;pcd.com.br;43;0;0;0;0.001206
finalidade;pcd.com.br;44;0;0;0;0.003884
finalidade;pcd.com.br;45;0;0;0;0.003800
finalidade;pcd.com.br;46;0;0;0;0.046730
finalidade;pcd.com.br;47;0;0;0;0.001667
finalidade;pcd.com.br;49;0;0;0;0.005181
finalidade;pcd.com.br;50;0;0;0;0.044128
finalidade;pcd.com.br;51;0;0;0;0.005243
finalidade;pcd.com.br;52;0;0;0;0.017591
finalidade;pcd.com.br;53;0;0;0;0.002347
finalidade;pcd.com.br;54;0;0;0;0.001536
finalidade;pcd.com.br;55;0;0;0;0.002608
finalidade;pcd.com.br;56;0;0;0;0.007859
finalidade;pcd.com.br;57;0;0;0;0.004468
finalidade;pcd.com.br;60;0;0;0;0.016983
finalidade;pcd.com.br;61;0;0;0;0.043311
finalidade;pcd.com.br;62;0;0;0;0.023872
finalidade;pcd.com.br;64;0;0;0;0.043612
finalidade;pcd.com.br;65;0;0;0;0.019976
finalidade;pcd.com.br;66;0;0;0;0.035090
finalidade;pcd.com.br;67;0;0;0;0.006644
finalidade;pcd.com.br;68;0;0;1;0.182877
finalidade;pcd.com.br;69;0;0;0;0.042574
finalidade;pcd.com.br;70;0;1;1;0.176202
finalidade;pcd.com.br;71;0;0;0;0.006644
finalidade;pcd.com.br;72;0;0;1;0.541341
finalidade;pcd.com.br;73;0;0;0;0.009495
finalidade;pcd.com.br;74;0;1;1;0.520687
finalidade;pcd.com.br;75;0;0;0;0.011094
finalidade;pcd.com.br;76;0;1;1;0.163859
finalidade;pcd.com.br;77;0;0;1;0.069263
finalidade;pcd.com.br;78;0;0;0;0.007022
finalidade;pcd.com.br;79;0;0;1;0.068889
finalidade;pcd.com.br;80;0;0;1;0.186311
finalidade;pcd.com.br;82;0;0;0;0.004331
finalidade;pcd.com.br;83;0;0;0;0.003356
finalidade;pcd.com.br;85;0;0;0;0.011842
finalidade;pcd.com.br;86;0;0;0;0.008885
finalidade;pcd.com.br;87;0;0;0;0.012776
finalidade;pcd.com.br;88;0;0;0;0.017912
finalidade;pcd.com.br;89;0;0;0;0.009465
finalidade;pcd.com.br;90;0;1;0;0.026450
finalidade;pcd.com.br;91;0;0;0;0.019583
finalidade;pcd.com.br;92;0;0;0;0.013492
finalidade;pcd.com.br;93;0;0;0;0.043213
finalidade;pcd.com.br;94;0;0;0;0.033191
finalidade;pcd.com.br;95;0;0;0;0.020707
finalidade;pcd.com.br;97;0;0;0;0.001537
finalidade;pcd.com.br;98;0;0;0;0.004977
finalidade;pcd.com.br;99;0;0;0;0.038034
finalidade;pcd.com.br;100;0;0;0;0.003556
finalidade;pcd.com.br;101;0;0;0;0.009153
finalidade;pcd.com.br;102;0;0;0;0.007458
finalidade;pcd.com.br;103;0;0;0;0.009320
finalidade;pcd.com.br;104;0;0;0;0.015473
finalidade;pcd.com.br;107;0;0;0;0.033699
finalidade;pcd.com.br;108;0;0;0;0.053918
finalidade;pcd.com.br;110;0;0;0;0.000466
finalidade;pcd.com.br;111;0;0;0;0.001555
finalidade;pcd.com.br;112;0;0;0;0.014407
finalidade;pcd.com.br;113;0;0;0;0.004663
finalidade;pcd.com.br;114;0;0;0;0.003700
finalidade;pcd.com.br;115;0;0;0;0.002055
finalidade;pcd.com.br;116;0;0;0;0.008269
finalidade;pcd.com.br;117;0;0;0;0.015730
finalidade;pcd.com.br;118;0;0;0;0.040110
finalidade;pcd.com.br;119;0;0;0;0.017356
finalidade;pcd.com.br;120;0;0;1;0.065263
finalidade;pcd.com.br;122;0;0;0;0.001226
finalidade;pcd.com.br;123;0;0;0;0.002518
finalidade;pcd.com.br;124;0;0;0;0.011038
finalidade;pcd.com.br;125;0;0;0;0.022287
finalidade;pcd.com.br;126;0;0;0;0.012235
finalidade;pcd.com.br;127;0;0;0;0.001437
finalidade;pcd.com.br;128;0;0;0;0.010265
finalidade;pcd.com.br;129;0;0;0;0.002380
finalidade;pcd.com.br;130;0;0;0;0.004828
finalidade;pcd.com.br;131;0;0;0;0.025675
finalidade;pcd.com.br;132;0;0;0;0.002991
finalidade;pcd.com.br;133;0;0;0;0.023214
finalidade;pcd.com.br;136;0;1;0;0.008069
finalidade;pcd.com.br;137;0;0;0;0.008825
finalidade;pcd.com.br;138;0;0;0;0.002934
finalidade;pcd.com.br;139;0;0;0;0.015410
finalidade;pcd.com.br;140;0;0;1;0.081226
finalidade;pcd.com.br;141;0;0;1;0.074477
finalidade;pcd.com.br;142;0;0;1;0.724285
finalidade;pcd.com.br;143;0;0;1;0.187211
finalidade;pcd.com.br;144;0;0;1;0.094304
finalidade;pcd.com.br;145;0;0;1;0.085021
finalidade;pcd.com.br;146;0;0;1;0.459981
finalidade;pcd.com.br;147;0;0;1;0.111817
finalidade;pcd.com.br;148;0;0;1;0.216129
finalidade;pcd.com.br;149;0;1;0;0.018436
finalidade;pcd.com.br;150;0;0;1;0.240879
finalidade;pcd.com.br;151;0;0;0;0.008347
finalidade;pcd.com.br;153;0;0;0;0.016841
finalidade;pcd.com.br;154;0;0;1;0.093979
finalidade;pcd.com.br;155;0;0;0;0.026266
finalidade;pcd.com.br;156;0;0;0;0.048135
finalidade;pcd.com.br;157;0;0;1;0.723178
finalidade;pcd.com.br;158;0;0;0;0.021332
finalidade;pcd.com.br;159;0;0;0;0.047128
finalidade;pcd.com.br;160;0;0;1;0.068629
finalidade;pcd.com.br;161;0;0;0;0.060280
finalidade;pcd.com.br;163;0;1;1;0.076178
finalidade;pcd.com.br;164;0;0;0;0.062235
finalidade;pcd.com.br;165;0;0;0;0.063895
finalidade;pcd.com.br;166;0;0;1;0.377420
finalidade;pcd.com.br;167;0;0;1;0.121445
finalidade;pcd.com.br;168;0;0;1;0.110903
finalidade;pcd.com.br;169;0;0;1;0.107052
finalidade;pcd.com.br;170;0;0;0;0.039208
finalidade;pcd.com.br;171;0;1;1;0.238497
finalidade;pcd.com.br;172;0;1;0;0.053599
finalidade;pcd.com.br;173;0;1;1;0.130727
finalidade;pcd.com.br;176;0;0;0;0.006192
finalidade;pcd.com.br;178;0;0;0;0.021658
finalidade;pcd.com.br;180;0;0;0;0.008210
finalidade;pcd.com.br;181;0;0;0;0.008711
finalidade;pcd.com.br;182;0;0;0;0.022688
finalidade;pcd.com.br;183;0;0;0;0.006010
finalidade;pcd.com.br;185;0;0;0;0.009545
finalidade;pcd.com.br;186;0;0;0;0.011770
finalidade;pcd.com.br;187;0;0;0;0.010129
finalidade;pcd.com.br;188;0;0;0;0.003135
finalidade;pcd.com.br;189;0;0;0;0.004122
finalidade;pcd.com.br;191;0;0;0;0.004954
finalidade;pcd.com.br;192;0;1;1;0.079911
finalidade;pcd.com.br;194;0;0;0;0.004273
finalidade;pcd.com.br;195;0;0;0;0.017809
finalidade;pcd.com.br;197;0;0;0;0.029143
finalidade;pcd.com.br;198;1;1;0;0.041683
finalidade;pcd.com.br;200;0;0;0;0.010078
finalidade;pcd.com.br;201;0;0;0;0.022067
finalidade;pcd.com.br;202;0;0;0;0.029970
finalidade;pcd.com.br;204;0;0;1;0.141568
finalidade;pcd.com.br;205;0;0;0;0.013125
finalidade;pcd.com.br;206;0;0;0;0.015269
finalidade;pcd.com.br;207;0;0;0;0.012831
finalidade;pcd.com.br;208;0;0;1;0.205877
finalidade;pcd.com.br;210;0;0;0;0.025363
finalidade;pcd.com.br;212;0;0;0;0.015965
finalidade;pcd.com.br;214;0;0;0;0.013045
finalidade;pcd.com.br;215;0;0;0;0.014303
finalidade;pcd.com.br;216;0;0;0;0.014780
finalidade;pcd.com.br;217;0;0;1;0.069055
finalidade;pcd.com.br;218;0;1;1;0.192252
finalidade;pcd.com.br;219;0;0;0;0.038605
finalidade;pcd.com.br;220;0;0;0;0.020120
finalidade;pcd.com.br;221;0;0;0;0.017936
finalidade;pcd.com.br;222;0;0;0;0.002521
finalidade;pcd.com.br;224;0;0;0;0.014703
finalidade;pcd.com.br;226;0;0;0;0.017936
finalidade;pcd.com.br;227;0;0;0;0.012679
finalidade;pcd.com.br;228;0;0;0;0.003262
finalidade;pcd.com.br;229;0;0;0;0.022034
finalidade;pcd.com.br;230;0;0;0;0.024167
finalidade;pcd.com.br;231;0;0;0;0.053770
finalidade;pcd.com.br;232;0;0;0;0.012330
finalidade;pcd.com.br;233;0;0;0;0.047292
finalidade;pcd.com.br;234;0;0;0;0.028740
finalidade;pcd.com.br;235;0;0;1;0.122952
finalidade;pcd.com.br;236;0;0;0;0.007908
finalidade;pcd.com.br;237;0;0;0;0.009156
finalidade;pcd.com.br;239;0;0;0;0.023558
finalidade;pcd.com.br;240;0;0;0;0.009713
finalidade;pcd.com.br;241;0;0;0;0.022651
finalidade;pcd.com.br;242;0;0;1;0.171578
finalidade;pcd.com.br;243;0;0;0;0.024167
finalidade;pcd.com.br;244;0;0;0;0.037630
finalidade;pcd.com.br;245;0;0;0;0.014083
finalidade;pcd.com.br;246;0;0;0;0.014054
finalidade;pcd.com.br;248;0;0;0;0.013595
finalidade;pcd.com.br;250;0;0;1;0.065245
finalidade;pcd.com.br;252;0;0;0;0.001875
finalidade;pcd.com.br;254;0;0;0;0.030103
finalidade;pcd.com.br;256;0;0;1;0.078165
finalidade;pcd.com.br;258;0;0;1;0.088620
finalidade;pcd.com.br;259;0;0;0;0.025675
finalidade;pcd.com.br;260;0;0;0;0.037723
finalidade;pcd.com.br;262;0;0;0;0.016588
finalidade;pcd.com.br;263;0;0;0;0.028740
finalidade;pcd.com.br;264;0;0;0;0.016032
finalidade;pcd.com.br;265;0;0;0;0.006434
finalidade;pcd.com.br;266;0;0;0;0.016074
finalidade;pcd.com.br;269;0;0;0;0.008373
finalidade;pcd.com.br;270;0;0;0;0.025675
finalidade;pcd.com.br;271;0;0;0;0.013436
finalidade;pcd.com.br;273;0;0;0;0.015329
finalidade;pcd.com.br;274;0;0;0;0.028740
finalidade;pcd.com.br;275;0;0;0;0.014833
finalidade;pcd.com.br;276;0;0;0;0.023964
finalidade;pcd.com.br;277;0;0;0;0.016850
finalidade;pcd.com.br;280;0;0;0;0.029718
finalidade;pcd.com.br;282;0;0;0;0.022420
finalidade;pcd.com.br;284;0;0;0;0.045759
finalidade;pcd.com.br;286;0;0;0;0.033338
finalidade;pcd.com.br;288;0;0;0;0.016111
finalidade;pcd.com.br;289;0;0;0;0.022459
finalidade;pcd.com.br;290;0;0;0;0.016648
finalidade;pcd.com.br;291;0;0;0;0.009162
finalidade;pcd.com.br;292;0;0;0;0.041678
finalidade;pcd.com.br;295;0;0;0;0.013350
finalidade;pcd.com.br;297;0;0;0;0.016712
finalidade;pcd.com.br;299;0;0;0;0.003617
finalidade;pcd.com.br;300;0;0;0;0.028740
finalidade;pcd.com.br;301;0;0;0;0.025674
finalidade;pcd.com.br;302;0;0;0;0.007347
finalidade;pcd.com.br;303;0;0;0;0.060181
finalidade;pcd.com.br;304;0;0;1;0.147057
finalidade;pcd.com.br;305;0;0;0;0.049101
finalidade;pcd.com.br;306;0;0;0;0.047848
finalidade;pcd.com.br;307;0;0;0;0.008496
finalidade;pcd.com.br;308;0;0;0;0.025675
finalidade;pcd.com.br;309;0;0;0;0.006403
finalidade;pcd.com.br;311;0;0;0;0.021811
finalidade;pcd.com.br;312;0;0;0;0.008723
finalidade;pcd.com.br;313;0;0;0;0.012315
finalidade;pcd.com.br;314;0;0;0;0.025675
finalidade;pcd.com.br;315;0;0;0;0.001897
finalidade;pcd.com.br;316;0;0;1;0.067753
finalidade;pcd.com.br;317;0;0;0;0.045612
finalidade;pcd.com.br;319;0;0;0;0.002791
finalidade;pcd.com.br;320;0;0;0;0.008125
finalidade;pcd.com.br;321;0;0;0;0.003246
finalidade;pcd.com.br;329;0;0;0;0.035943
finalidade;pcd.com.br;331;0;0;1;0.081013
finalidade;pcd.com.br;334;0;0;1;0.090904
finalidade;pcd.com.br;335;0;1;1;0.154135
finalidade;pcd.com.br;338;0;0;0;0.039795
finalidade;pcd.com.br;339;0;0;1;0.263487
finalidade;pcd.com.br;340;1;0;1;0.956073
finalidade;pcd.com.br;341;1;0;0;0.045999
finalidade;pcd.com.br;342;1;0;1;0.380325
finalidade;pcd.com.br;343;1;0;1;0.174903
finalidade;pcd.com.br;344;0;0;0;0.009467
finalidade;pcd.com.br;345;1;0;1;0.086879
finalidade;pcd.com.br;346;1;0;1;0.805240
finalidade;pcd.com.br;347;1;0;1;0.446144
finalidade;pcd.com.br;348;1;0;1;0.457565
finalidade;pcd.com.br;349;1;0;1;0.153507
finalidade;pcd.com.br;350;1;1;1;0.114830
finalidade;pcd.com.br;353;0;0;0;0.048254
finalidade;pcd.com.br;354;0;0;0;0.025655
finalidade;pcd.com.br;356;0;0;1;0.083035
finalidade;pcd.com.br;357;0;0;1;0.116703
finalidade;pcd.com.br;361;1;0;1;0.881107
finalidade;pcd.com.br;362;1;0;0;0.010404
finalidade;pcd.com.br;365;0;0;0;0.013434
finalidade;pcd.com.br;366;0;0;1;0.328985
finalidade;pcd.com.br;368;0;0;1;0.121404
finalidade;pcd.com.br;369;0;0;1;0.115979
finalidade;pcd.com.br;370;0;0;0;0.010230
finalidade;pcd.com.br;371;0;0;0;0.028138
finalidade;pcd.com.br;372;0;0;0;0.046258
finalidade;pcd.com.br;373;0;0;0;0.011006
finalidade;pcd.com.br;374;0;0;0;0.013746
finalidade;pcd.com.br;375;0;0;1;0.091412
finalidade;pcd.com.br;377;0;0;0;0.019201
finalidade;pcd.com.br;378;1;1;1;0.140306
finalidade;pcd.com.br;380;0;0;1;0.091823
finalidade;pcd.com.br;381;0;0;1;0.074121
finalidade;pcd.com.br;382;0;0;0;0.016681
finalidade;pcd.com.br;383;0;0;0;0.060133
finalidade;pcd.com.br;384;0;1;1;0.091490
finalidade;pcd.com.br;385;0;0;0;0.021804
finalidade;pcd.com.br;387;0;0;0;0.005396
finalidade;pcd.com.br;388;0;0;1;0.240066
finalidade;pcd.com.br;389;0;1;1;0.215972
finalidade;pcd.com.br;390;0;0;1;0.157996
finalidade;pcd.com.br;391;0;0;0;0.027924
finalidade;pcd.com.br;392;0;0;0;0.023618
finalidade;pcd.com.br;393;0;0;0;0.029001
finalidade;pcd.com.br;394;0;0;0;0.034566
finalidade;pcd.com.br;396;0;0;0;0.015172
finalidade;pcd.com.br;397;0;1;1;0.362055
finalidade;pcd.com.br;399;0;0;0;0.046855
finalidade;pcd.com.br;400;0;0;0;0.009481
finalidade;pcd.com.br;401;0;0;0;0.009793
finalidade;pcd.com.br;403;0;0;0;0.035002
finalidade;pcd.com.br;404;0;0;1;0.493945
finalidade;pcd.com.br;405;1;0;1;0.537540
finalidade;pcd.com.br;406;0;0;1;0.127818
finalidade;pcd.com.br;408;0;0;0;0.001460
finalidade;pcd.com.br;409;0;0;0;0.001016
finalidade;pcd.com.br;410;0;1;1;0.229025
finalidade;pcd.com.br;411;0;0;0;0.016297
finalidade;pcd.com.br;413;0;0;0;0.002920
finalidade;pcd.com.br;414;0;0;0;0.000449
finalidade;pcd.com.br;415;0;0;1;0.110389
finalidade;pcd.com.br;417;0;0;1;0.102961
finalidade;pcd.com.br;419;0;0;1;0.838910
finalidade;pcd.com.br;420;1;0;1;0.386140
finalidade;pcd.com.br;421;0;0;0;0.023000
finalidade;pcd.com.br;423;0;0;1;0.423329
finalidade;pcd.com.br;424;1;1;1;0.111522
finalidade;pcd.com.br;426;0;0;1;0.931147
finalidade;pcd.com.br;427;1;1;1;0.703868
finalidade;pcd.com.br;428;0;0;0;0.061831
finalidade;pcd.com.br;430;1;1;1;0.143307
finalidade;pcd.com.br;431;0;0;0;0.025995
finalidade;pcd.com.br;432;1;0;1;0.138234
finalidade;pcd.com.br;433;1;0;1;0.119599
finalidade;pcd.com.br;434;0;0;1;0.201891
finalidade;pcd.com.br;435;0;0;0;0.002639
finalidade;pcd.com.br;436;0;0;1;0.079326
finalidade;pcd.com.br;437;1;0;0;0.010049
finalidade;pcd.com.br;438;1;1;1;0.151993
finalidade;pcd.com.br;439;0;0;0;0.060193
finalidade;pcd.com.br;440;1;1;0;0.023166
finalidade;pcd.com.br;441;1;0;0;0.037251
finalidade;pcd.com.br;442;0;0;0;0.047696
finalidade;pcd.com.br;443;0;0;1;0.134034
finalidade;pcd.com.br;444;0;0;0;0.030663
finalidade;pcd.com.br;445;1;0;1;0.112692
finalidade;pcd.com.br;446;1;0;0;0.029979
finalidade;pcd.com.br;447;1;0;1;0.455832
finalidade;pcd.com.br;449;0;1;0;0.052535
finalidade;pcd.com.br;450;1;0;0;0.043500
finalidade;pcd.com.br;451;1;0;0;0.030114
finalidade;pcd.com.br;452;0;0;1;0.127689
finalidade;pcd.com.br;453;0;0;0;0.012102
finalidade;pcd.com.br;455;1;0;0;0.038236
finalidade;pcd.com.br;456;1;0;0;0.011667
finalidade;pcd.com.br;457;1;0;1;0.242263
finalidade;pcd.com.br;458;1;0;0;0.062395
finalidade;pcd.com.br;459;0;1;1;0.143648
finalidade;pcd.com.br;460;1;1;1;0.215692
finalidade;pcd.com.br;462;0;0;0;0.017341
finalidade;pcd.com.br;463;1;1;1;0.221106
finalidade;pcd.com.br;464;0;0;0;0.052513
finalidade;pcd.com.br;465;0;0;0;0.036950
finalidade;pcd.com.br;467;0;0;0;0.020404
finalidade;pcd.com.br;468;1;1;1;0.064236
finalidade;pcd.com.br;469;0;0;1;0.085698
finalidade;pcd.com.br;470;1;0;0;0.007871
finalidade;pcd.com.br;471;1;0;0;0.022338
finalidade;pcd.com.br;472;0;0;1;0.129267
finalidade;pcd.com.br;473;1;1;1;0.192978
finalidade;pcd.com.br;474;1;1;1;0.160136
finalidade;pcd.com.br;475;1;1;1;0.369712
finalidade;pcd.com.br;476;1;1;1;0.223403
finalidade;pcd.com.br;477;1;0;1;0.418594
finalidade;pcd.com.br;478;0;0;1;0.094243
finalidade;pcd.com.br;479;1;0;1;0.372178
finalidade;pcd.com.br;481;1;0;0;0.036243
finalidade;pcd.com.br;482;1;0;1;0.121580
finalidade;pcd.com.br;484;0;0;0;0.007022
finalidade;pcd.com.br;485;0;0;0;0.007022
finalidade;pcd.com.br;487;1;0;0;0.012146
finalidade;pcd.com.br;488;1;0;0;0.020343
finalidade;pcd.com.br;489;1;0;1;0.542600
finalidade;pcd.com.br;490;0;0;0;0.004424
finalidade;pcd.com.br;492;0;0;0;0.008861
finalidade;pcd.com.br;494;0;0;0;0.028727
finalidade;pcd.com.br;495;0;0;0;0.008000
finalidade;pcd.com.br;496;0;1;1;0.170623
finalidade;pcd.com.br;497;1;1;1;0.220907
finalidade;pcd.com.br;498;0;1;1;0.096803
finalidade;pcd.com.br;500;0;1;1;0.086264
finalidade;pcd.com.br;501;0;1;1;0.110540
finalidade;pcd.com.br;502;1;1;1;0.451617
finalidade;pcd.com.br;504;0;0;0;0.029069
finalidade;pcd.com.br;505;0;0;0;0.010060
finalidade;pcd.com.br;506;1;0;1;0.276137
finalidade;pcd.com.br;507;1;0;0;0.017781
finalidade;pcd.com.br;508;1;0;1;0.079085
finalidade;pcd.com.br;509;1;0;1;0.166124
finalidade;pcd.com.br;510;1;0;1;0.715375
finalidade;pcd.com.br;511;1;0;1;0.169700
finalidade;pcd.com.br;512;1;0;1;0.288777
finalidade;pcd.com.br;513;0;0;0;0.025582
finalidade;pcd.com.br;514;0;0;1;0.117107
finalidade;pcd.com.br;515;0;0;0;0.006016
finalidade;pcd.com.br;516;0;0;0;0.008377
finalidade;pcd.com.br;519;0;1;0;0.012539
finalidade;pcd.com.br;522;1;1;0;0.009511
finalidade;pcd.com.br;525;0;0;0;0.020075
finalidade;pcd.com.br;528;0;0;0;0.018752
finalidade;pcd.com.br;530;0;0;0;0.039362
finalidade;pcd.com.br;531;0;0;0;0.027095
finalidade;pcd.com.br;534;0;1;1;0.212124
finalidade;pcd.com.br;535;0;1;0;0.004904
finalidade;pcd.com.br;536;1;0;0;0.017803
finalidade;pcd.com.br;537;0;0;0;0.011453
finalidade;pcd.com.br;539;0;0;0;0.025543
finalidade;pcd.com.br;540;0;1;0;0.004331
finalidade;pcd.com.br;541;0;1;0;0.003128
finalidade;pcd.com.br;542;0;1;0;0.011763
finalidade;pcd.com.br;543;0;1;1;0.098980
finalidade;pcd.com.br;544;0;0;0;0.016182
finalidade;pcd.com.br;546;0;0;0;0.003673
finalidade;pcd.com.br;547;0;0;0;0.003532
finalidade;pcd.com.br;548;0;0;0;0.001994
finalidade;pcd.com.br;549;0;0;0;0.017822
finalidade;pcd.com.br;550;0;0;0;0.021683
finalidade;pcd.com.br;551;0;0;0;0.004210
finalidade;pcd.com.br;552;0;0;0;0.004642
finalidade;pcd.com.br;553;0;0;0;0.007258
finalidade;pcd.com.br;554;0;0;0;0.018105
finalidade;pcd.com.br;555;0;0;0;0.001462
finalidade;pcd.com.br;556;0;0;0;0.004747
finalidade;pcd.com.br;557;0;0;0;0.039287
finalidade;pcd.com.br;558;0;0;0;0.009299
finalidade;pcd.com.br;559;0;0;0;0.004715
finalidade;pcd.com.br;560;0;0;0;0.034204
finalidade;pcd.com.br;561;0;0;0;0.012191
finalidade;pcd.com.br;563;0;0;0;0.010677
finalidade;pcd.com.br;565;0;0;0;0.000936
finalidade;pcd.com.br;566;0;0;0;0.005899
finalidade;pcd.com.br;567;0;1;0;0.006731
finalidade;pcd.com.br;568;0;0;0;0.009378
finalidade;pcd.com.br;569;0;0;0;0.000926
finalidade;pcd.com.br;570;0;0;0;0.005675
finalidade;pcd.com.br;571;0;0;0;0.002698
finalidade;pcd.com.br;572;0;0;0;0.053897
finalidade;pcd.com.br;573;0;0;0;0.013021
finalidade;pcd.com.br;574;0;0;0;0.013036
finalidade;pcd.com.br;576;0;0;0;0.008376
finalidade;pcd.com.br;577;0;0;0;0.003099
finalidade;pcd.com.br;578;0;0;0;0.003914
finalidade;pcd.com.br;580;0;0;0;0.002140
finalidade;pcd.com.br;581;0;0;0;0.008661
finalidade;pcd.com.br;582;0;0;0;0.009696
finalidade;pcd.com.br;583;0;0;0;0.012646
finalidade;pcd.com.br;584;0;0;0;0.010896
finalidade;pcd.com.br;586;0;0;0;0.001219
finalidade;pcd.com.br;587;0;0;0;0.011333
finalidade;pcd.com.br;588;0;0;0;0.010604
finalidade;pcd.com.br;589;0;0;0;0.032028
finalidade;pcd.com.br;591;0;0;0;0.015724
finalidade;pcd.com.br;592;0;0;0;0.024599
finalidade;pcd.com.br;593;0;1;0;0.062906
finalidade;pcd.com.br;594;0;0;0;0.013265
finalidade;pcd.com.br;595;0;0;0;0.017287
finalidade;pcd.com.br;596;0;0;0;0.021122
finalidade;pcd.com.br;597;0;1;0;0.040216
finalidade;pcd.com.br;599;0;0;0;0.034512
finalidade;pcd.com.br;600;0;0;0;0.011909
finalidade;pcd.com.br;601;0;1;0;0.061091
finalidade;pcd.com.br;602;1;0;1;0.079135
finalidade;pcd.com.br;603;0;0;0;0.015129
finalidade;pcd.com.br;605;0;0;0;0.002031
finalidade;pcd.com.br;606;0;0;0;0.020348
finalidade;pcd.com.br;608;0;0;0;0.036211
finalidade;pcd.com.br;609;0;0;0;0.020377
finalidade;pcd.com.br;610;0;0;0;0.005513
finalidade;pcd.com.br;612;0;0;0;0.009974
finalidade;pcd.com.br;613;0;0;0;0.006152
finalidade;pcd.com.br;614;0;0;0;0.006999
finalidade;pcd.com.br;616;0;0;0;0.025509
finalidade;pcd.com.br;617;0;0;0;0.012660
finalidade;pcd.com.br;618;0;0;0;0.028118
finalidade;pcd.com.br;619;0;1;0;0.014160
finalidade;pcd.com.br;620;0;0;0;0.012033
finalidade;pcd.com.br;621;0;0;0;0.018825
finalidade;pcd.com.br;622;0;0;0;0.009273
finalidade;pcd.com.br;623;0;0;0;0.002369
finalidade;pcd.com.br;624;0;0;1;0.070514
finalidade;pcd.com.br;625;0;0;0;0.023711
finalidade;pcd.com.br;627;0;0;0;0.011955
finalidade;pcd.com.br;628;0;0;0;0.013644
finalidade;pcd.com.br;629;0;0;0;0.006044
finalidade;pcd.com.br;630;0;1;1;0.102086
finalidade;pcd.com.br;631;0;1;1;0.130036
finalidade;pcd.com.br;632;0;0;0;0.009802
finalidade;pcd.com.br;635;0;0;0;0.007269
finalidade;pcd.com.br;636;0;0;1;0.189855
finalidade;pcd.com.br;637;0;0;1;0.184595
finalidade;pcd.com.br;638;0;0;1;0.082413
finalidade;pcd.com.br;640;0;0;0;0.002252
finalidade;pcd.com.br;641;0;0;0;0.001559
finalidade;pcd.com.br;642;0;0;0;0.011356
finalidade;pcd.com.br;644;0;0;0;0.007978
finalidade;pcd.com.br;645;0;0;0;0.009310
finalidade;pcd.com.br;646;0;0;0;0.002341
finalidade;pcd.com.br;647;0;0;0;0.005456
finalidade;pcd.com.br;649;0;0;0;0.009382
finalidade;pcd.com.br;650;0;0;0;0.005848
finalidade;pcd.com.br;652;0;0;0;0.014495
finalidade;pcd.com.br;653;0;0;0;0.001227
finalidade;pcd.com.br;655;0;0;0;0.023971
finalidade;pcd.com.br;656;0;1;0;0.053125
finalidade;pcd.com.br;658;0;0;0;0.030684
finalidade;pcd.com.br;659;0;0;0;0.001348
finalidade;pcd.com.br;661;0;0;0;0.036929
finalidade;pcd.com.br;662;0;1;1;0.159031
finalidade;pcd.com.br;663;0;1;1;0.156398
finalidade;pcd.com.br;664;0;0;1;0.141801
finalidade;pcd.com.br;665;0;0;1;0.113504
finalidade;pcd.com.br;668;0;0;0;0.046465
finalidade;pcd.com.br;669;0;0;1;0.188838
finalidade;pcd.com.br;670;0;0;1;0.243993
finalidade;pcd.com.br;671;0;0;1;0.105636
finalidade;pcd.com.br;672;0;0;0;0.035826
finalidade;pcd.com.br;673;0;0;0;0.007684
finalidade;pcd.com.br;674;0;0;1;0.095868
finalidade;pcd.com.br;675;0;0;0;0.043997
finalidade;pcd.com.br;676;0;0;1;0.092708
finalidade;pcd.com.br;677;0;0;0;0.020326
finalidade;pcd.com.br;678;0;0;0;0.063163
finalidade;pcd.com.br;679;1;1;1;0.206025
finalidade;pcd.com.br;680;0;0;0;0.038183
finalidade;pcd.com.br;681;1;0;1;0.863243
finalidade;pcd.com.br;682;0;0;1;0.182740
finalidade;pcd.com.br;683;1;0;1;0.315078
finalidade;pcd.com.br;685;0;0;0;0.013618
finalidade;pcd.com.br;686;0;0;1;0.081018
finalidade;pcd.com.br;687;1;0;1;0.074222
finalidade;pcd.com.br;688;1;1;1;0.583295
finalidade;pcd.com.br;689;1;1;1;0.374303
finalidade;pcd.com.br;690;1;0;1;0.156670
finalidade;pcd.com.br;691;1;0;1;0.161042
finalidade;pcd.com.br;692;1;0;1;0.252213
finalidade;pcd.com.br;693;1;0;1;0.285592
finalidade;pcd.com.br;694;1;0;1;0.253787
finalidade;pcd.com.br;695;0;0;1;0.296452
finalidade;pcd.com.br;696;0;0;0;0.003527
finalidade;pcd.com.br;697;0;0;0;0.028138
finalidade;pcd.com.br;698;0;0;0;0.052986
finalidade;pcd.com.br;700;0;0;0;0.004644
finalidade;pcd.com.br;701;0;0;0;0.030594
finalidade;pcd.com.br;702;0;1;1;0.067373
finalidade;pcd.com.br;703;0;0;1;0.072743
finalidade;pcd.com.br;704;0;1;1;0.086447
finalidade;pcd.com.br;705;0;1;1;0.073824
finalidade;pcd.com.br;706;0;1;0;0.062005
finalidade;pcd.com.br;707;0;1;1;0.084869
finalidade;pcd.com.br;708;0;1;1;0.088050
finalidade;pcd.com.br;709;0;1;1;0.097126
finalidade;pcd.com.br;710;0;0;0;0.032002
finalidade;pcd.com.br;711;0;0;1;0.067565
finalidade;pcd.com.br;712;0;1;1;0.247035
finalidade;pcd.com.br;714;0;0;0;0.006021
finalidade;pcd.com.br;715;0;0;0;0.012939
finalidade;pcd.com.br;716;0;0;0;0.012243
finalidade;pcd.com.br;717;0;0;0;0.004277
finalidade;pcd.com.br;718;0;0;0;0.019458
finalidade;pcd.com.br;719;0;0;0;0.051282
finalidade;pcd.com.br;720;0;0;0;0.045925
finalidade;pcd.com.br;721;0;0;0;0.007205
finalidade;pcd.com.br;722;0;0;0;0.018054
finalidade;pcd.com.br;723;0;0;0;0.014345
finalidade;pcd.com.br;725;0;0;0;0.002953
finalidade;pcd.com.br;726;0;1;0;0.022461
finalidade;pcd.com.br;727;0;0;0;0.002470
finalidade;pcd.com.br;728;0;0;0;0.037599
finalidade;pcd.com.br;729;0;0;0;0.016531
finalidade;pcd.com.br;732;0;0;0;0.004777
finalidade;pcd.com.br;733;0;0;0;0.005424
finalidade;pcd.com.br;734;0;0;0;0.021774
finalidade;pcd.com.br;735;0;0;0;0.011259
finalidade;pcd.com.br;738;0;0;0;0.009553
finalidade;pcd.com.br;739;0;0;0;0.011455
finalidade;pcd.com.br;740;0;0;0;0.012810
finalidade;pcd.com.br;742;0;0;0;0.008640
finalidade;pcd.com.br;744;0;0;0;0.001408
finalidade;pcd.com.br;745;0;0;0;0.022684
finalidade;pcd.com.br;746;0;0;0;0.013637
finalidade;pcd.com.br;755;0;0;1;0.084013
finalidade;pcd.com.br;757;0;0;0;0.021624
finalidade;pcd.com.br;762;0;0;0;0.043560
finalidade;pcd.com.br;764;0;0;0;0.028086
finalidade;pcd.com.br;768;0;0;1;0.750848
finalidade;pcd.com.br;774;0;0;1;0.140269
finalidade;pcd.com.br;775;0;0;0;0.019916
finalidade;pcd.com.br;780;0;0;0;0.015591
finalidade;pcd.com.br;783;0;0;1;0.743463
finalidade;pcd.com.br;786;0;0;0;0.012721
finalidade;pcd.com.br;793;0;0;0;0.000880
finalidade;pcd.com.br;794;0;0;0;0.004455
finalidade;pcd.com.br;799;0;0;0;0.012859
finalidade;pcd.com.br;800;0;0;0;0.008748
finalidade;pcd.com.br;801;0;0;0;0.007465
finalidade;pcd.com.br;802;0;0;0;0.005944
finalidade;pcd.com.br;845;0;0;0;0.050740
finalidade;pcd.com.br;848;0;0;0;0.000972
finalidade;pcd.com.br;849;0;0;0;0.013590
finalidade;pcd.com.br;850;0;0;0;0.001601
finalidade;pcd.com.br;854;0;0;0;0.002651
finalidade;pcd.com.br;856;0;0;0;0.011420
finalidade;pcd.com.br;857;0;0;0;0.001242
finalidade;pcd.com.br;858;0;0;1;0.105736
finalidade;pcd.com.br;859;0;0;0;0.035051
finalidade;pcd.com.br;860;0;1;0;0.003866
finalidade;pcd.com.br;861;0;0;0;0.024476
finalidade;pcd.com.br;862;0;1;1;0.427094
finalidade;pcd.com.br;864;0;0;1;0.462251
finalidade;pcd.com.br;867;0;0;0;0.005150
finalidade;pcd.com.br;868;0;0;1;0.068654
finalidade;pcd.com.br;870;0;0;0;0.016531
finalidade;pcd.com.br;871;0;1;0;0.010484
finalidade;pcd.com.br;872;0;0;0;0.009981
finalidade;pcd.com.br;875;0;0;0;0.019534
finalidade;pcd.com.br;876;0;0;1;0.140084
finalidade;pcd.com.br;880;1;0;1;0.165254
finalidade;pcd.com.br;881;1;1;1;0.342302
finalidade;pcd.com.br;882;1;0;0;0.015181
finalidade;pcd.com.br;883;1;0;1;0.193014
finalidade;pcd.com.br;884;0;0;1;0.196309
finalidade;pcd.com.br;885;0;0;0;0.025483
finalidade;pcd.com.br;886;0;0;1;0.140084
finalidade;pcd.com.br;887;0;0;1;0.161027
finalidade;pcd.com.br;893;1;1;1;0.720906
finalidade;pcd.com.br;894;0;0;0;0.025196
finalidade;pcd.com.br;895;0;0;1;0.188638
finalidade;pcd.com.br;897;1;0;0;0.008116
finalidade;pcd.com.br;899;1;0;1;0.122378
finalidade;pcd.com.br;901;1;1;1;0.082283
finalidade;pcd.com.br;903;1;0;0;0.036269
finalidade;pcd.com.br;905;1;0;0;0.048272
finalidade;pcd.com.br;906;0;0;1;0.113086
finalidade;pcd.com.br;907;1;0;0;0.035763
finalidade;pcd.com.br;909;1;1;1;0.277214
finalidade;pcd.com.br;911;1;1;1;0.328285
finalidade;pcd.com.br;913;1;0;1;0.546015
finalidade;pcd.com.br;915;1;0;1;0.658016
finalidade;pcd.com.br;916;0;0;1;0.287781
finalidade;pcd.com.br;917;0;0;0;0.017556
finalidade;pcd.com.br;918;0;0;0;0.026774
finalidade;pcd.com.br;919;0;0;1;0.322863
finalidade;pcd.com.br;920;0;0;0;0.036475
finalidade;pcd.com.br;921;1;1;1;0.149372
finalidade;pcd.com.br;922;0;0;0;0.009555
finalidade;pcd.com.br;923;0;1;1;0.177266
finalidade;pcd.com.br;924;0;1;1;0.316902
finalidade;pcd.com.br;925;0;1;1;0.325356
finalidade;pcd.com.br;926;0;1;0;0.019312
finalidade;pcd.com.br;927;0;1;1;0.280103
finalidade;pcd.com.br;928;0;0;0;0.048529
finalidade;pcd.com.br;929;0;0;0;0.024709
finalidade;pcd.com.br;931;0;0;0;0.013576
finalidade;pcd.com.br;933;0;0;1;0.112695
finalidade;pcd.com.br;934;1;1;0;0.032161
finalidade;pcd.com.br;939;0;0;0;0.040267
finalidade;pcd.com.br;946;0;0;0;0.022823
finalidade;pcd.com.br;947;1;1;1;0.839657
finalidade;pcd.com.br;948;0;0;0;0.055211
finalidade;pcd.com.br;949;0;0;1;0.138002
finalidade;pcd.com.br;951;0;0;0;0.024321
finalidade;pcd.com.br;952;0;0;0;0.019833
finalidade;pcd.com.br;953;0;0;1;0.180881
finalidade;pcd.com.br;954;1;0;1;0.091287
finalidade;pcd.com.br;955;1;1;0;0.043432
finalidade;pcd.com.br;956;0;0;0;0.008897
finalidade;pcd.com.br;957;1;1;1;0.151432
finalidade;pcd.com.br;959;0;0;0;0.003966
finalidade;pcd.com.br;960;0;0;0;0.018448
finalidade;pcd.com.br;962;0;0;0;0.035641
finalidade;pcd.com.br;963;0;0;1;0.077107
finalidade;pcd.com.br;964;1;1;1;0.066517
finalidade;pcd.com.br;965;0;0;1;0.090722
finalidade;pcd.com.br;968;1;1;0;0.055538
finalidade;pcd.com.br;971;0;0;0;0.003790
finalidade;pcd.com.br;983;0;0;1;0.071953
finalidade;pcd.com.br;988;0;0;0;0.002389
finalidade;pcd.com.br;989;0;0;1;0.073640
finalidade;pcd.com.br;991;0;0;0;0.019705
finalidade;pcd.com.br;992;0;0;0;0.012525
finalidade;pcd.com.br;993;1;0;0;0.013469
finalidade;pcd.com.br;998;0;0;1;0.077107
finalidade;pcd.com.br;1001;1;0;0;0.043330
finalidade;pcd.com.br;1005;0;0;0;0.042636
finalidade;pcd.com.br;1006;0;0;0;0.006276
finalidade;pcd.com.br;1007;0;0;1;0.186380
finalidade;pcd.com.br;1009;0;0;0;0.005975
finalidade;pcd.com.br;1010;1;1;1;0.857171
finalidade;pcd.com.br;1011;0;0;0;0.054368
finalidade;pcd.com.br;1015;0;0;0;0.005736
finalidade;pcd.com.br;1016;0;1;1;0.258096
finalidade;pcd.com.br;1019;0;1;1;0.126679
finalidade;pcd.com.br;1020;0;0;1;0.146625
finalidade;pcd.com.br;1022;0;0;0;0.008715
finalidade;pcd.com.br;1023;0;0;1;0.075704
finalidade;pcd.com.br;1024;0;0;0;0.004356
finalidade;pcd.com.br;1025;0;1;0;0.056253
finalidade;pcd.com.br;1027;0;0;0;0.013657
finalidade;pcd.com.br;1028;0;0;0;0.017863
finalidade;pcd.com.br;1029;0;0;0;0.003953
finalidade;pcd.com.br;1030;0;0;0;0.006863
finalidade;pcd.com.br;1031;0;0;0;0.008504
finalidade;pcd.com.br;1033;0;0;0;0.005963
finalidade;pcd.com.br;1035;0;0;0;0.038605
finalidade;pcd.com.br;1036;0;0;0;0.009006
finalidade;pcd.com.br;1038;0;0;0;0.011772
finalidade;pcd.com.br;1039;0;0;0;0.006450
finalidade;pcd.com.br;1040;0;1;1;0.066526
finalidade;pcd.com.br;1042;0;0;0;0.006385
finalidade;pcd.com.br;1043;0;0;0;0.004393
finalidade;pcd.com.br;1044;0;0;0;0.035444
finalidade;pcd.com.br;1045;0;0;0;0.008212
finalidade;pcd.com.br;1047;0;0;0;0.017353
finalidade;pcd.com.br;1148;0;0;1;0.084844
finalidade;pcd.com.br;1151;0;0;0;0.062877
finalidade;pcd.com.br;1154;0;0;0;0.017843
finalidade;pcd.com.br;1155;0;0;0;0.010030
finalidade;pcd.com.br;1156;0;0;0;0.019276
finalidade;pcd.com.br;1159;0;0;0;0.009137
finalidade;pcd.com.br;1161;0;1;1;0.072087
finalidade;pcd.com.br;1163;0;1;1;0.202446
finalidade;pcd.com.br;1165;0;1;1;0.441809
finalidade;pcd.com.br;1166;0;0;1;0.135520
finalidade;pcd.com.br;1167;0;0;0;0.001984
finalidade;pcd.com.br;1168;0;0;0;0.022646
finalidade;pcd.com.br;1169;0;0;0;0.047485
finalidade;pcd.com.br;1171;0;0;0;0.010642
finalidade;pcd.com.br;1172;0;0;0;0.010122
finalidade;pcd.com.br;1173;0;0;0;0.018565
finalidade;pcd.com.br;1174;0;0;0;0.009858
finalidade;pcd.com.br;1175;0;0;0;0.017020
finalidade;pcd.com.br;1176;0;0;0;0.017310
finalidade;pcd.com.br;1178;0;0;0;0.008545
finalidade;pcd.com.br;1179;0;0;0;0.005041
finalidade;pcd.com.br;1180;1;1;1;0.086008
finalidade;pcd.com.br;1181;0;0;0;0.002014
finalidade;pcd.com.br;1182;1;1;1;0.068673
finalidade;pcd.com.br;1183;0;0;0;0.005131
finalidade;pcd.com.br;1184;0;0;0;0.007933
finalidade;pcd.com.br;1186;0;0;1;0.171631
finalidade;pcd.com.br;1187;0;0;1;0.072673
finalidade;pcd.com.br;1188;0;0;0;0.018708
finalidade;pcd.com.br;1190;0;0;1;0.084065
finalidade;pcd.com.br;1191;0;0;0;0.001689
finalidade;pcd.com.br;1192;0;0;1;0.135132
finalidade;pcd.com.br;1194;0;0;0;0.035950
finalidade;pcd.com.br;1195;0;0;0;0.010878
finalidade;pcd.com.br;1196;0;0;0;0.035110
finalidade;pcd.com.br;1197;0;0;0;0.011352
finalidade;pcd.com.br;1200;0;1;1;0.192036
finalidade;pcd.com.br;1204;0;0;0;0.013643
finalidade;pcd.com.br;1205;0;0;0;0.020427
finalidade;pcd.com.br;1206;0;1;1;0.095435
finalidade;pcd.com.br;1210;0;1;1;0.079865
finalidade;pcd.com.br;1211;0;0;1;0.080539
finalidade;pcd.com.br;1212;0;1;1;0.384371
finalidade;pcd.com.br;1214;0;1;1;0.066076
finalidade;pcd.com.br;1216;0;1;0;0.016768
finalidade;pcd.com.br;1217;0;0;0;0.024476
finalidade;pcd.com.br;1218;0;1;1;0.371022
finalidade;pcd.com.br;1220;0;0;1;0.163419
finalidade;pcd.com.br;1221;0;0;0;0.014556
finalidade;pcd.com.br;1222;0;0;1;0.071935
finalidade;pcd.com.br;1223;0;0;1;0.703935
finalidade;pcd.com.br;1224;0;1;1;0.395643
finalidade;pcd.com.br;1225;0;0;1;0.241050
finalidade;pcd.com.br;1227;0;0;0;0.018835
finalidade;pcd.com.br;1230;0;1;1;0.290357
finalidade;pcd.com.br;1232;0;0;1;0.152773
finalidade;pcd.com.br;1234;0;0;1;0.115737
finalidade;pcd.com.br;1235;0;1;0;0.062445
finalidade;pcd.com.br;1236;0;0;1;0.214390
finalidade;pcd.com.br;1239;0;0;0;0.006640
finalidade;pcd.com.br;1240;0;0;0;0.017903
finalidade;pcd.com.br;1242;0;0;1;0.524717
finalidade;pcd.com.br;1243;0;0;1;0.151121
finalidade;pcd.com.br;1244;0;0;0;0.027987
finalidade;pcd.com.br;1246;0;0;1;0.098272
finalidade;pcd.com.br;1247;0;1;1;0.153062
finalidade;pcd.com.br;1248;0;0;1;0.124036
finalidade;pcd.com.br;1249;0;0;0;0.026969
finalidade;pcd.com.br;1250;0;0;0;0.061103
finalidade;pcd.com.br;1251;0;1;1;0.573386
finalidade;pcd.com.br;1252;0;0;1;0.289711
finalidade;pcd.com.br;1253;0;0;0;0.011237
finalidade;pcd.com.br;1255;0;0;0;0.000613
finalidade;pcd.com.br;1257;0;0;0;0.012361
finalidade;pcd.com.br;1258;0;0;0;0.008702
finalidade;pcd.com.br;1260;0;0;0;0.021073
finalidade;pcd.com.br;1261;0;1;1;0.645196
finalidade;pcd.com.br;1262;0;0;0;0.058056
finalidade;pcd.com.br;1264;0;0;0;0.035590
finalidade;pcd.com.br;1265;0;1;1;0.134392
finalidade;pcd.com.br;1266;0;0;0;0.009941
finalidade;pcd.com.br;1268;0;0;0;0.036489
finalidade;pcd.com.br;1269;0;0;0;0.010745
finalidade;pcd.com.br;1270;0;0;0;0.009397
finalidade;pcd.com.br;1271;0;0;1;0.095879
finalidade;pcd.com.br;1272;0;0;0;0.029657
finalidade;pcd.com.br;1274;0;0;0;0.007613
finalidade;pcd.com.br;1275;0;0;0;0.002145
finalidade;pcd.com.br;1276;0;0;0;0.008679
finalidade;pcd.com.br;1277;0;0;0;0.008775
finalidade;pcd.com.br;1279;0;0;1;0.146068
finalidade;pcd.com.br;1280;0;0;1;0.091931
finalidade;pcd.com.br;1281;0;0;0;0.047128
finalidade;pcd.com.br;1282;0;0;1;0.334147
finalidade;pcd.com.br;1284;0;1;1;0.256972
finalidade;pcd.com.br;1285;0;0;1;0.262690
finalidade;pcd.com.br;1286;0;0;1;0.139973
finalidade;pcd.com.br;1288;0;0;0;0.013196
finalidade;pcd.com.br;1289;0;0;0;0.019802
finalidade;pcd.com.br;1290;0;1;0;0.045231
finalidade;pcd.com.br;1293;0;0;0;0.029102
finalidade;pcd.com.br;1294;0;0;0;0.001111
finalidade;pcd.com.br;1295;0;0;0;0.013412
finalidade;pcd.com.br;1296;0;0;1;0.086986
finalidade;pcd.com.br;1297;0;0;0;0.009577
finalidade;pcd.com.br;1298;0;0;0;0.009538
finalidade;pcd.com.br;1299;0;0;0;0.004779
finalidade;pcd.com.br;1300;0;0;0;0.012404
finalidade;pcd.com.br;1301;0;0;0;0.002108
finalidade;pcd.com.br;1303;0;0;0;0.015965
finalidade;pcd.com.br;1304;0;0;0;0.005824
finalidade;pcd.com.br;1305;0;0;0;0.031237
finalidade;pcd.com.br;1306;0;0;0;0.011002
finalidade;pcd.com.br;1307;0;0;0;0.036452
finalidade;pcd.com.br;1308;0;0;0;0.010698
finalidade;pcd.com.br;1309;0;0;0;0.011759
finalidade;pcd.com.br;1310;0;0;0;0.004220
finalidade;pcd.com.br;1312;0;0;0;0.007303
finalidade;pcd.com.br;1314;0;0;0;0.024641
finalidade;pcd.com.br;1316;0;0;0;0.018535
finalidade;pcd.com.br;1318;0;0;0;0.007570
finalidade;pcd.com.br;1320;0;0;0;0.056493
finalidade;pcd.com.br;1322;0;0;0;0.016175
finalidade;pcd.com.br;1324;0;0;0;0.011094
finalidade;pcd.com.br;1327;0;0;0;0.014924
finalidade;pcd.com.br;1328;0;0;0;0.007180
finalidade;pcd.com.br;1331;0;0;0;0.012704
finalidade;pcd.com.br;1334;0;0;0;0.007899
finalidade;pcd.com.br;1335;0;0;0;0.032779
finalidade;pcd.com.br;1336;0;0;0;0.042260
finalidade;pcd.com.br;1339;0;0;0;0.015648
finalidade;pcd.com.br;1340;0;0;0;0.021449
finalidade;pcd.com.br;1343;0;0;0;0.050723
finalidade;pcd.com.br;1345;0;0;0;0.037662
finalidade;pcd.com.br;1404;0;0;0;0.000720
finalidade;pcd.com.br;1406;0;0;0;0.015410
finalidade;pcd.com.br;1408;0;0;0;0.016841
finalidade;pcd.com.br;1410;0;1;0;0.060105
finalidade;pcd.com.br;1412;0;0;0;0.009628
finalidade;pcd.com.br;1414;0;0;0;0.001872
finalidade;pcd.com.br;1418;0;0;0;0.016225
finalidade;pcd.com.br;1427;0;0;0;0.017762
finalidade;pcd.com.br;1429;0;0;0;0.006990
finalidade;pcd.com.br;1430;0;0;0;0.023843
finalidade;pcd.com.br;1446;0;0;0;0.002119
finalidade;pcd.com.br;1450;0;0;0;0.003995
finalidade;pcd.com.br;1459;0;0;0;0.002946
finalidade;pcd.com.br;1467;0;0;0;0.002114
finalidade;pcd.com.br;1471;0;0;0;0.007589
finalidade;pcd.com.br;1472;0;0;0;0.040110
finalidade;pcd.com.br;1473;0;0;0;0.017356
finalidade;pcd.com.br;1475;0;0;0;0.001535
finalidade;pcd.com.br;1476;0;0;0;0.012785
finalidade;pcd.com.br;1477;0;0;0;0.012235
finalidade;pcd.com.br;1478;0;0;0;0.001749
finalidade;pcd.com.br;1480;0;1;0;0.004870
finalidade;pcd.com.br;1484;0;0;0;0.059361
finalidade;pcd.com.br;1487;0;1;1;0.494230
finalidade;pcd.com.br;1488;0;1;1;0.065192
finalidade;pcd.com.br;1494;0;0;1;0.106526
finalidade;pcd.com.br;1496;0;1;1;0.071472
finalidade;pcd.com.br;1499;0;0;1;0.121445
finalidade;pcd.com.br;1500;0;0;1;0.110903
finalidade;pcd.com.br;1502;0;0;0;0.039208
finalidade;pcd.com.br;1504;0;1;0;0.053599
finalidade;pcd.com.br;1506;0;0;0;0.006333
finalidade;pcd.com.br;1512;0;0;0;0.002828
finalidade;pcd.com.br;1531;0;0;0;0.022067
finalidade;pcd.com.br;1537;0;0;0;0.012831
finalidade;pcd.com.br;1545;0;0;0;0.014303
finalidade;pcd.com.br;1547;0;0;1;0.069055
finalidade;pcd.com.br;1548;0;1;1;0.192252
finalidade;pcd.com.br;1549;0;0;0;0.038605
finalidade;pcd.com.br;1551;0;0;0;0.001892
finalidade;pcd.com.br;1556;0;0;0;0.012636
finalidade;pcd.com.br;1558;0;0;0;0.022152
finalidade;pcd.com.br;1560;0;0;0;0.012330
finalidade;pcd.com.br;1562;0;0;0;0.028740
finalidade;pcd.com.br;1566;0;0;0;0.013918
finalidade;pcd.com.br;1567;0;0;0;0.035502
finalidade;pcd.com.br;1568;0;0;0;0.013461
finalidade;pcd.com.br;1569;0;0;0;0.002016
finalidade;pcd.com.br;1570;0;0;0;0.018360
finalidade;pcd.com.br;1596;0;0;0;0.016074
finalidade;pcd.com.br;1604;0;0;0;0.028740
finalidade;pcd.com.br;1608;0;0;0;0.008348
finalidade;pcd.com.br;1618;0;0;0;0.022459
finalidade;pcd.com.br;1629;0;0;0;0.028740
finalidade;pcd.com.br;1633;0;0;1;0.147057
finalidade;pcd.com.br;1636;0;0;0;0.008496
finalidade;pcd.com.br;1637;0;0;0;0.025675
finalidade;pcd.com.br;1639;0;0;0;0.021811
finalidade;pcd.com.br;1640;0;0;0;0.007228
finalidade;pcd.com.br;1643;0;0;0;0.010683
finalidade;pcd.com.br;1645;0;0;0;0.005164
finalidade;pcd.com.br;1647;0;0;0;0.003239
finalidade;pcd.com.br;1648;0;1;1;0.701608
finalidade;pcd.com.br;1659;0;0;1;0.688022
finalidade;pcd.com.br;1663;0;0;1;0.198057
finalidade;pcd.com.br;1670;0;0;0;0.011006
finalidade;pcd.com.br;1676;0;0;1;0.091823
finalidade;pcd.com.br;1680;0;1;1;0.091490
finalidade;pcd.com.br;1684;0;0;0;0.016220
finalidade;pcd.com.br;1685;0;0;1;0.240066
finalidade;pcd.com.br;1687;0;0;1;0.157996
finalidade;pcd.com.br;1689;0;0;0;0.023618
finalidade;pcd.com.br;1692;1;1;1;0.121557
finalidade;pcd.com.br;1693;0;0;0;0.014666
finalidade;pcd.com.br;1695;0;0;1;0.432072
finalidade;pcd.com.br;1698;0;0;0;0.000657
finalidade;pcd.com.br;1699;1;1;1;0.117696
finalidade;pcd.com.br;1700;0;0;0;0.000266
finalidade;pcd.com.br;1702;1;0;1;0.194623
finalidade;pcd.com.br;1704;1;1;1;0.098186
finalidade;pcd.com.br;1705;1;1;1;0.808271
finalidade;pcd.com.br;1706;1;1;1;0.196901
finalidade;pcd.com.br;1707;1;0;1;0.142854
finalidade;pcd.com.br;1708;1;1;0;0.022289
finalidade;pcd.com.br;1710;0;0;1;0.116532
finalidade;pcd.com.br;1711;1;1;1;0.258357
finalidade;pcd.com.br;1712;1;0;0;0.028204
finalidade;pcd.com.br;1713;0;0;0;0.029328
finalidade;pcd.com.br;1715;1;1;1;0.234274
finalidade;pcd.com.br;1716;1;1;1;0.263687
finalidade;pcd.com.br;1717;1;1;0;0.029814
finalidade;pcd.com.br;1718;1;0;1;0.076997
finalidade;pcd.com.br;1719;0;0;1;0.138234
finalidade;pcd.com.br;1720;0;0;0;0.011628
finalidade;pcd.com.br;1721;1;0;0;0.042332
finalidade;pcd.com.br;1722;1;1;1;0.167645
finalidade;pcd.com.br;1724;1;0;1;0.138652
finalidade;pcd.com.br;1725;1;1;1;0.317863
finalidade;pcd.com.br;1727;1;0;1;0.680531
finalidade;pcd.com.br;1728;1;0;0;0.037618
finalidade;pcd.com.br;1729;0;0;0;0.009089
finalidade;pcd.com.br;1733;0;1;1;0.129222
finalidade;pcd.com.br;1735;0;0;0;0.011339
finalidade;pcd.com.br;1736;0;0;0;0.053276
finalidade;pcd.com.br;1737;1;0;1;0.276137
finalidade;pcd.com.br;1738;1;0;0;0.017781
finalidade;pcd.com.br;1739;1;0;1;0.079085
finalidade;pcd.com.br;1740;0;0;0;0.003033
finalidade;pcd.com.br;1741;1;0;0;0.006005
finalidade;pcd.com.br;1743;1;0;1;0.637982
finalidade;pcd.com.br;1744;1;0;1;0.715375
finalidade;pcd.com.br;1745;1;0;1;0.169700
finalidade;pcd.com.br;1746;1;0;1;0.288777
finalidade;pcd.com.br;1747;0;0;0;0.025582
finalidade;pcd.com.br;1748;0;0;1;0.117107
finalidade;pcd.com.br;1751;0;1;0;0.010441
finalidade;pcd.com.br;1752;1;1;0;0.010194
finalidade;pcd.com.br;1753;0;0;0;0.023836
finalidade;pcd.com.br;1754;0;0;0;0.021300
finalidade;pcd.com.br;1755;0;0;0;0.032943
finalidade;pcd.com.br;1756;1;1;1;0.224913
finalidade;pcd.com.br;1757;0;1;0;0.002464
finalidade;pcd.com.br;1760;0;1;0;0.005524
finalidade;pcd.com.br;1765;0;0;0;0.002155
finalidade;pcd.com.br;1769;0;0;0;0.001783
finalidade;pcd.com.br;1770;0;0;0;0.003938
finalidade;pcd.com.br;1783;0;0;0;0.005899
finalidade;pcd.com.br;1785;0;0;0;0.009378
finalidade;pcd.com.br;1787;0;0;0;0.001352
finalidade;pcd.com.br;1790;0;0;0;0.013021
finalidade;pcd.com.br;1807;0;0;0;0.019216
finalidade;pcd.com.br;1809;0;0;0;0.005720
finalidade;pcd.com.br;1813;0;0;0;0.015690
finalidade;pcd.com.br;1817;0;0;0;0.011885
finalidade;pcd.com.br;1818;0;0;0;0.021483
finalidade;pcd.com.br;1820;0;0;0;0.001771
finalidade;pcd.com.br;1823;0;0;0;0.014183
finalidade;pcd.com.br;1832;0;0;0;0.002962
finalidade;pcd.com.br;1836;0;0;0;0.009802
finalidade;pcd.com.br;1837;0;0;0;0.007456
finalidade;pcd.com.br;1841;0;0;0;0.000967
finalidade;pcd.com.br;1842;0;0;0;0.011356
finalidade;pcd.com.br;1843;0;0;0;0.006134
finalidade;pcd.com.br;1844;0;0;0;0.001251
finalidade;pcd.com.br;1845;0;0;0;0.004037
finalidade;pcd.com.br;1847;0;0;0;0.014495
finalidade;pcd.com.br;1849;0;0;0;0.023971
finalidade;pcd.com.br;1854;0;1;1;0.143396
finalidade;pcd.com.br;1858;0;0;0;0.031651
finalidade;pcd.com.br;1862;0;0;0;0.035826
finalidade;pcd.com.br;1865;0;0;0;0.004663
finalidade;pcd.com.br;1868;0;0;0;0.063163
finalidade;pcd.com.br;1870;0;0;0;0.038183
finalidade;pcd.com.br;1872;0;0;1;0.182740
finalidade;pcd.com.br;1874;0;0;0;0.047556
finalidade;pcd.com.br;1875;1;0;1;0.074222
finalidade;pcd.com.br;1876;1;1;1;0.583295
finalidade;pcd.com.br;1877;1;1;1;0.374303
finalidade;pcd.com.br;1878;1;0;1;0.156670
finalidade;pcd.com.br;1879;1;0;1;0.161042
finalidade;pcd.com.br;1880;1;0;1;0.252213
finalidade;pcd.com.br;1881;1;0;1;0.285592
finalidade;pcd.com.br;1882;1;0;1;0.253787
finalidade;pcd.com.br;1887;0;0;0;0.012087
finalidade;pcd.com.br;1890;0;1;0;0.036824
finalidade;pcd.com.br;1891;0;1;0;0.062005
finalidade;pcd.com.br;1892;0;1;1;0.087991
finalidade;pcd.com.br;1895;0;0;0;0.011251
finalidade;pcd.com.br;1896;0;0;0;0.004570
finalidade;pcd.com.br;1897;0;0;0;0.036538
finalidade;pcd.com.br;1901;0;0;0;0.006723
finalidade;pcd.com.br;1902;0;1;0;0.010515
finalidade;pcd.com.br;1906;0;0;0;0.003786
finalidade;pcd.com.br;1907;0;0;0;0.005424
finalidade;pcd.com.br;1909;0;0;0;0.011259
finalidade;pcd.com.br;1910;0;0;0;0.006688
finalidade;pcd.com.br;1912;0;0;0;0.001915
finalidade;pcd.com.br;1913;0;0;0;0.023642
finalidade;pcd.com.br;1914;0;0;0;0.023556
finalidade;pcd.com.br;1917;0;0;0;0.000972
finalidade;pcd.com.br;1921;0;0;0;0.011179
finalidade;pcd.com.br;1926;0;0;1;0.114237
finalidade;pcd.com.br;1934;0;0;0;0.005047
finalidade;pcd.com.br;1937;0;1;0;0.010182
finalidade;pcd.com.br;1939;0;1;1;0.069796
finalidade;pcd.com.br;1943;1;0;1;0.121169
finalidade;pcd.com.br;1945;0;0;1;0.178447
finalidade;pcd.com.br;1949;0;0;0;0.025536
finalidade;pcd.com.br;1957;1;0;0;0.020959
finalidade;pcd.com.br;1959;1;0;0;0.039490
finalidade;pcd.com.br;1961;1;0;0;0.058150
finalidade;pcd.com.br;1965;1;1;1;0.735499
finalidade;pcd.com.br;1966;1;0;0;0.026059
finalidade;pcd.com.br;1973;0;0;1;0.113820
finalidade;pcd.com.br;1975;0;0;0;0.011778
finalidade;pcd.com.br;1976;0;1;1;0.203702
finalidade;pcd.com.br;1978;0;1;1;0.325356
finalidade;pcd.com.br;1981;0;0;0;0.050980
finalidade;pcd.com.br;1983;0;0;0;0.014092
finalidade;pcd.com.br;1986;0;1;0;0.054065
finalidade;pcd.com.br;1987;0;0;0;0.015396
finalidade;pcd.com.br;1988;1;1;1;0.818619
finalidade;pcd.com.br;1989;0;0;0;0.047385
finalidade;pcd.com.br;1992;0;0;0;0.028616
finalidade;pcd.com.br;1995;1;1;0;0.044628
finalidade;pcd.com.br;1996;0;0;0;0.008752
finalidade;pcd.com.br;1997;1;1;1;0.153643
finalidade;pcd.com.br;1999;0;0;0;0.003607
finalidade;pcd.com.br;2000;0;0;0;0.049280
finalidade;pcd.com.br;2001;1;1;0;0.059438
finalidade;pcd.com.br;2004;0;1;0;0.045650
finalidade;pcd.com.br;2005;0;1;1;0.067331
finalidade;pcd.com.br;2008;1;0;0;0.010250
finalidade;pcd.com.br;2009;1;0;1;0.112524
finalidade;pcd.com.br;2011;0;0;0;0.013737
finalidade;pcd.com.br;2012;1;0;0;0.013469
finalidade;pcd.com.br;2013;0;0;0;0.037344
finalidade;pcd.com.br;2014;1;1;1;0.065388
finalidade;pcd.com.br;2015;1;0;0;0.027889
finalidade;pcd.com.br;2017;0;0;0;0.003890
finalidade;pcd.com.br;2020;0;1;1;0.167040
finalidade;pcd.com.br;2023;0;0;0;0.052570
finalidade;pcd.com.br;2027;0;0;0;0.004171
finalidade;pcd.com.br;2028;0;0;0;0.006863
finalidade;pcd.com.br;2029;0;0;0;0.008504
finalidade;pcd.com.br;2030;0;0;0;0.005963
finalidade;pcd.com.br;2032;0;0;0;0.025319
finalidade;pcd.com.br;2033;0;0;0;0.008852
finalidade;pcd.com.br;2034;1;1;1;0.802793
finalidade;pcd.com.br;2039;0;0;0;0.006103
finalidade;pcd.com.br;2042;0;0;0;0.004154
finalidade;pcd.com.br;2044;0;0;0;0.048022
finalidade;pcd.com.br;2048;0;0;0;0.017843
finalidade;pcd.com.br;2052;0;0;0;0.008241
finalidade;pcd.com.br;2058;0;1;1;0.372128
finalidade;pcd.com.br;2063;0;0;0;0.008047
finalidade;pcd.com.br;2067;0;0;0;0.021102
finalidade;pcd.com.br;2069;0;0;0;0.004662
finalidade;pcd.com.br;2071;0;0;0;0.002014
finalidade;pcd.com.br;2073;0;0;0;0.005131
finalidade;pcd.com.br;2076;0;0;1;0.103082
finalidade;pcd.com.br;2079;0;0;0;0.003952
finalidade;pcd.com.br;2082;0;0;0;0.013787
finalidade;pcd.com.br;2084;0;0;1;0.118801
finalidade;pcd.com.br;2093;0;0;0;0.012761
finalidade;pcd.com.br;2095;0;0;1;0.080539
finalidade;pcd.com.br;2104;0;0;0;0.046760
finalidade;pcd.com.br;2105;0;0;1;0.071935
finalidade;pcd.com.br;2106;0;0;1;0.703935
finalidade;pcd.com.br;2107;0;1;1;0.395643
finalidade;pcd.com.br;2108;0;0;1;0.241050
finalidade;pcd.com.br;2112;0;1;1;0.485138
finalidade;pcd.com.br;2113;0;0;1;0.153980
finalidade;pcd.com.br;2114;0;0;1;0.151074
finalidade;pcd.com.br;2115;0;1;0;0.062445
finalidade;pcd.com.br;2118;0;0;0;0.007937
finalidade;pcd.com.br;2121;0;0;1;0.322387
finalidade;pcd.com.br;2124;0;1;1;0.185664
finalidade;pcd.com.br;2126;0;0;0;0.026969
finalidade;pcd.com.br;2127;0;0;0;0.061103
finalidade;pcd.com.br;2128;0;1;1;0.742265
finalidade;pcd.com.br;2133;0;0;0;0.007758
finalidade;pcd.com.br;2135;1;1;1;0.509065
finalidade;pcd.com.br;2138;0;1;1;0.130797
finalidade;pcd.com.br;2141;0;0;0;0.013684
finalidade;pcd.com.br;2142;0;0;0;0.009397
finalidade;pcd.com.br;2143;0;0;1;0.095879
finalidade;pcd.com.br;2144;0;0;0;0.029657
finalidade;pcd.com.br;2146;0;0;0;0.001916
finalidade;pcd.com.br;2150;0;0;1;0.158190
finalidade;pcd.com.br;2151;0;0;0;0.047128
finalidade;pcd.com.br;2158;0;0;0;0.017276
finalidade;pcd.com.br;2161;0;0;0;0.002410
finalidade;pcd.com.br;2165;0;0;0;0.005975
finalidade;pcd.com.br;2169;0;0;0;0.005659
finalidade;pcd.com.br;2195;0;0;0;0.012122
finalidade;pcd.com.br;2197;0;0;0;0.012075
finalidade;pcd.com.br;2201;0;0;0;0.011788
direitos_titular;iclin.med.br;1;0;0;0;0.002743
direitos_titular;iclin.med.br;4;0;0;0;0.009881
direitos_titular;iclin.med.br;5;0;0;0;0.018369
direitos_titular;iclin.med.br;6;0;1;0;0.039701
direitos_titular;iclin.med.br;7;0;0;0;0.007296
direitos_titular;iclin.med.br;8;0;0;0;0.005787
direitos_titular;iclin.med.br;9;0;0;0;0.015525
direitos_titular;iclin.med.br;10;0;0;0;0.017779
direitos_titular;iclin.med.br;11;0;0;0;0.003572
direitos_titular;iclin.med.br;12;0;0;0;0.018698
direitos_titular;iclin.med.br;13;0;0;0;0.008976
direitos_titular;iclin.med.br;14;0;1;0;0.011208
direitos_titular;iclin.med.br;15;0;0;0;0.003763
direitos_titular;iclin.med.br;16;0;0;0;0.022590
direitos_titular;iclin.med.br;17;0;1;0;0.047073
direitos_titular;iclin.med.br;18;0;0;0;0.024863
direitos_titular;iclin.med.br;20;0;0;0;0.011895
direitos_titular;iclin.med.br;21;0;0;0;0.004515
direitos_titular;iclin.med.br;22;0;0;0;0.003069
direitos_titular;iclin.med.br;23;0;0;0;0.002217
direitos_titular;iclin.med.br;24;0;0;0;0.003861
direitos_titular;iclin.med.br;25;0;0;0;0.003124
direitos_titular;iclin.med.br;26;0;0;0;0.004179
direitos_titular;iclin.med.br;27;0;0;0;0.017803
direitos_titular;iclin.med.br;28;0;1;0;0.004794
direitos_titular;iclin.med.br;29;0;0;0;0.006615
direitos_titular;iclin.med.br;30;0;0;0;0.003019
direitos_titular;iclin.med.br;31;0;0;0;0.002713
direitos_titular;iclin.med.br;32;0;0;0;0.002254
direitos_titular;iclin.med.br;33;0;0;0;0.003302
direitos_titular;iclin.med.br;34;0;0;0;0.002536
direitos_titular;iclin.med.br;35;0;0;0;0.004075
direitos_titular;iclin.med.br;36;0;0;0;0.002776
direitos_titular;iclin.med.br;37;0;0;0;0.007514
direitos_titular;iclin.med.br;38;0;0;0;0.033347
direitos_titular;iclin.med.br;39;0;0;0;0.007704
direitos_titular;iclin.med.br;40;0;1;0;0.023172
direitos_titular;iclin.med.br;41;0;0;0;0.019044
direitos_titular;iclin.med.br;42;0;0;0;0.014773
direitos_titular;iclin.med.br;45;0;0;0;0.008414
direitos_titular;iclin.med.br;46;0;0;0;0.002656
direitos_titular;iclin.med.br;47;0;0;0;0.002887
direitos_titular;acontecendoaqui.com.br;26;0;0;0;0.003824
direitos_titular;acontecendoaqui.com.br;27;0;0;0;0.000779
direitos_titular;acontecendoaqui.com.br;28;0;0;0;0.004783
direitos_titular;acontecendoaqui.com.br;29;0;1;0;0.005580
direitos_titular;acontecendoaqui.com.br;30;0;0;0;0.004484
direitos_titular;acontecendoaqui.com.br;31;0;0;0;0.010093
direitos_titular;acontecendoaqui.com.br;32;0;0;0;0.002074
direitos_titular;acontecendoaqui.com.br;33;0;0;0;0.005464
direitos_titular;acontecendoaqui.com.br;34;0;0;0;0.005004
direitos_titular;acontecendoaqui.com.br;36;0;0;0;0.025824
direitos_titular;acontecendoaqui.com.br;37;1;0;0;0.048688
direitos_titular;acontecendoaqui.com.br;38;0;0;0;0.113047
direitos_titular;acontecendoaqui.com.br;39;0;0;0;0.012509
direitos_titular;acontecendoaqui.com.br;40;0;0;0;0.005757
direitos_titular;acontecendoaqui.com.br;42;0;0;0;0.004342
direitos_titular;acontecendoaqui.com.br;43;0;0;0;0.006372
direitos_titular;acontecendoaqui.com.br;45;0;0;0;0.002259
direitos_titular;acontecendoaqui.com.br;46;0;0;0;0.002360
direitos_titular;acontecendoaqui.com.br;48;0;0;0;0.001478
direitos_titular;acontecendoaqui.com.br;49;0;0;0;0.004845
direitos_titular;acontecendoaqui.com.br;50;0;0;0;0.004562
direitos_titular;acontecendoaqui.com.br;51;0;0;0;0.005466
direitos_titular;acontecendoaqui.com.br;52;0;0;0;0.005067
direitos_titular;acontecendoaqui.com.br;53;0;0;0;0.007646
direitos_titular;acontecendoaqui.com.br;54;0;0;0;0.006016
direitos_titular;acontecendoaqui.com.br;55;0;0;0;0.009280
direitos_titular;acontecendoaqui.com.br;56;0;0;0;0.004862
direitos_titular;acontecendoaqui.com.br;57;0;0;0;0.006060
direitos_titular;acontecendoaqui.com.br;58;0;0;0;0.006427
direitos_titular;acontecendoaqui.com.br;59;0;0;0;0.018185
direitos_titular;acontecendoaqui.com.br;60;0;1;0;0.057498
direitos_titular;acontecendoaqui.com.br;61;0;0;0;0.001378
direitos_titular;acontecendoaqui.com.br;62;0;0;0;0.002884
direitos_titular;acontecendoaqui.com.br;63;0;0;0;0.005959
direitos_titular;acontecendoaqui.com.br;65;0;0;0;0.012402
direitos_titular;acontecendoaqui.com.br;66;0;1;0;0.122499
direitos_titular;acontecendoaqui.com.br;67;0;0;0;0.026631
direitos_titular;acontecendoaqui.com.br;69;1;0;0;0.079529
direitos_titular;acontecendoaqui.com.br;70;0;0;0;0.004927
direitos_titular;acontecendoaqui.com.br;71;0;0;0;0.005958
direitos_titular;acontecendoaqui.com.br;72;0;0;0;0.002491
direitos_titular;acontecendoaqui.com.br;73;0;0;0;0.007096
direitos_titular;acontecendoaqui.com.br;74;0;0;0;0.007491
direitos_titular;acontecendoaqui.com.br;75;0;0;0;0.002846
direitos_titular;acontecendoaqui.com.br;76;0;0;0;0.002704
direitos_titular;acontecendoaqui.com.br;77;0;0;0;0.002484
direitos_titular;acontecendoaqui.com.br;78;0;0;0;0.000797
direitos_titular;acontecendoaqui.com.br;79;0;0;0;0.010253
direitos_titular;acontecendoaqui.com.br;81;0;0;0;0.005499
direitos_titular;acontecendoaqui.com.br;82;0;0;0;0.004496
direitos_titular;acontecendoaqui.com.br;95;0;0;0;0.008110
direitos_titular;acontecendoaqui.com.br;96;0;0;0;0.001664
direitos_titular;acontecendoaqui.com.br;97;0;0;0;0.004688
direitos_titular;primeirainfanciaemdados.org.br;5;0;0;0;0.003543
direitos_titular;primeirainfanciaemdados.org.br;12;0;0;0;0.003398
direitos_titular;primeirainfanciaemdados.org.br;24;0;0;0;0.005956
direitos_titular;primeirainfanciaemdados.org.br;25;0;0;0;0.001240
direitos_titular;primeirainfanciaemdados.org.br;26;0;0;0;0.002908
direitos_titular;primeirainfanciaemdados.org.br;27;0;0;0;0.007625
direitos_titular;primeirainfanciaemdados.org.br;28;0;0;0;0.006889
direitos_titular;primeirainfanciaemdados.org.br;29;0;0;0;0.003685
direitos_titular;primeirainfanciaemdados.org.br;30;0;0;0;0.003514
direitos_titular;primeirainfanciaemdados.org.br;31;0;0;0;0.002675
direitos_titular;primeirainfanciaemdados.org.br;32;0;0;0;0.003494
direitos_titular;primeirainfanciaemdados.org.br;33;0;0;0;0.004794
direitos_titular;primeirainfanciaemdados.org.br;34;0;0;0;0.004309
direitos_titular;primeirainfanciaemdados.org.br;37;0;0;0;0.003786
direitos_titular;primeirainfanciaemdados.org.br;38;0;0;0;0.003469
direitos_titular;primeirainfanciaemdados.org.br;39;0;0;0;0.004319
direitos_titular;primeirainfanciaemdados.org.br;40;0;0;0;0.002366
direitos_titular;primeirainfanciaemdados.org.br;41;0;0;0;0.002546
direitos_titular;primeirainfanciaemdados.org.br;42;0;0;0;0.005991
direitos_titular;primeirainfanciaemdados.org.br;45;0;0;0;0.003034
direitos_titular;primeirainfanciaemdados.org.br;46;0;0;0;0.004323
direitos_titular;primeirainfanciaemdados.org.br;47;0;0;0;0.029248
direitos_titular;primeirainfanciaemdados.org.br;48;0;0;0;0.007367
direitos_titular;primeirainfanciaemdados.org.br;50;0;0;0;0.110583
direitos_titular;primeirainfanciaemdados.org.br;51;0;0;0;0.006697
direitos_titular;primeirainfanciaemdados.org.br;52;0;0;0;0.005954
direitos_titular;primeirainfanciaemdados.org.br;54;0;0;0;0.001991
direitos_titular;primeirainfanciaemdados.org.br;56;0;0;0;0.046189
direitos_titular;primeirainfanciaemdados.org.br;57;0;0;0;0.003880
direitos_titular;primeirainfanciaemdados.org.br;58;0;0;0;0.004761
direitos_titular;primeirainfanciaemdados.org.br;60;0;0;0;0.001575
direitos_titular;primeirainfanciaemdados.org.br;61;0;0;0;0.002192
direitos_titular;primeirainfanciaemdados.org.br;62;0;0;0;0.001221
direitos_titular;primeirainfanciaemdados.org.br;63;0;0;0;0.002167
direitos_titular;primeirainfanciaemdados.org.br;64;0;0;0;0.001418
direitos_titular;primeirainfanciaemdados.org.br;65;0;0;0;0.007482
direitos_titular;primeirainfanciaemdados.org.br;66;0;0;0;0.003350
direitos_titular;primeirainfanciaemdados.org.br;67;0;0;0;0.001247
direitos_titular;primeirainfanciaemdados.org.br;68;0;0;0;0.004568
direitos_titular;primeirainfanciaemdados.org.br;70;0;0;0;0.042360
direitos_titular;primeirainfanciaemdados.org.br;71;0;0;0;0.002220
direitos_titular;primeirainfanciaemdados.org.br;72;0;0;0;0.002085
direitos_titular;primeirainfanciaemdados.org.br;73;0;0;0;0.010217
direitos_titular;primeirainfanciaemdados.org.br;75;0;0;0;0.008690
direitos_titular;primeirainfanciaemdados.org.br;76;0;0;0;0.008743
direitos_titular;primeirainfanciaemdados.org.br;77;0;0;0;0.008607
direitos_titular;primeirainfanciaemdados.org.br;79;0;0;0;0.001694
direitos_titular;primeirainfanciaemdados.org.br;80;0;0;0;0.003540
direitos_titular;primeirainfanciaemdados.org.br;82;0;0;0;0.003895
direitos_titular;primeirainfanciaemdados.org.br;83;0;0;0;0.005623
direitos_titular;primeirainfanciaemdados.org.br;85;0;0;0;0.003710
direitos_titular;primeirainfanciaemdados.org.br;86;0;0;0;0.012496
direitos_titular;primeirainfanciaemdados.org.br;87;1;1;1;0.831533
direitos_titular;primeirainfanciaemdados.org.br;88;1;1;0;0.021614
direitos_titular;primeirainfanciaemdados.org.br;89;1;1;1;0.771683
direitos_titular;primeirainfanciaemdados.org.br;90;1;1;1;0.801711
direitos_titular;primeirainfanciaemdados.org.br;91;1;1;1;0.396142
direitos_titular;primeirainfanciaemdados.org.br;92;1;1;1;0.814177
direitos_titular;primeirainfanciaemdados.org.br;93;1;1;1;0.296266
direitos_titular;primeirainfanciaemdados.org.br;94;1;0;1;0.611153
direitos_titular;primeirainfanciaemdados.org.br;95;1;0;1;0.753337
direitos_titular;primeirainfanciaemdados.org.br;96;1;1;1;0.362009
direitos_titular;primeirainfanciaemdados.org.br;97;0;0;0;0.015577
direitos_titular;primeirainfanciaemdados.org.br;98;0;0;0;0.003592
direitos_titular;primeirainfanciaemdados.org.br;99;0;0;0;0.004956
direitos_titular;primeirainfanciaemdados.org.br;100;0;0;0;0.022025
direitos_titular;primeirainfanciaemdados.org.br;102;0;0;0;0.042593
direitos_titular;primeirainfanciaemdados.org.br;103;0;0;0;0.018493
direitos_titular;primeirainfanciaemdados.org.br;105;0;0;0;0.003341
direitos_titular;primeirainfanciaemdados.org.br;106;0;0;0;0.001876
direitos_titular;primeirainfanciaemdados.org.br;107;0;0;0;0.003545
direitos_titular;primeirainfanciaemdados.org.br;108;0;0;0;0.003214
direitos_titular;primeirainfanciaemdados.org.br;111;0;0;0;0.002497
direitos_titular;primeirainfanciaemdados.org.br;112;0;0;0;0.002946
direitos_titular;primeirainfanciaemdados.org.br;113;0;0;0;0.002495
direitos_titular;primeirainfanciaemdados.org.br;114;0;0;0;0.004301
direitos_titular;primeirainfanciaemdados.org.br;115;0;0;0;0.004535
direitos_titular;primeirainfanciaemdados.org.br;116;0;0;0;0.003623
direitos_titular;primeirainfanciaemdados.org.br;117;0;0;0;0.003959
direitos_titular;primeirainfanciaemdados.org.br;118;0;0;0;0.002942
direitos_titular;primeirainfanciaemdados.org.br;120;0;0;0;0.000700
direitos_titular;primeirainfanciaemdados.org.br;123;0;0;0;0.004535
direitos_titular;primeirainfanciaemdados.org.br;139;0;0;0;0.003435
direitos_titular;verzani.com.br;0;0;0;0;0.004491
direitos_titular;verzani.com.br;1;0;0;0;0.004775
direitos_titular;verzani.com.br;6;0;0;0;0.004796
direitos_titular;verzani.com.br;7;0;0;0;0.003407
direitos_titular;verzani.com.br;11;0;0;0;0.004796
direitos_titular;verzani.com.br;14;0;0;0;0.002608
direitos_titular;verzani.com.br;16;0;0;0;0.004404
direitos_titular;verzani.com.br;17;0;0;0;0.007161
direitos_titular;verzani.com.br;18;0;0;0;0.003644
direitos_titular;verzani.com.br;22;0;0;0;0.002608
direitos_titular;verzani.com.br;26;0;0;0;0.004796
direitos_titular;verzani.com.br;27;0;0;0;0.003970
direitos_titular;verzani.com.br;29;0;0;0;0.003648
direitos_titular;verzani.com.br;30;0;0;0;0.004136
direitos_titular;verzani.com.br;31;0;0;0;0.004135
direitos_titular;verzani.com.br;32;0;0;0;0.002731
direitos_titular;verzani.com.br;34;0;0;0;0.004796
direitos_titular;verzani.com.br;37;0;0;0;0.002313
direitos_titular;verzani.com.br;38;0;0;0;0.002521
direitos_titular;verzani.com.br;42;0;0;0;0.005035
direitos_titular;verzani.com.br;52;0;0;0;0.004796
direitos_titular;verzani.com.br;54;0;0;0;0.002061
direitos_titular;verzani.com.br;75;0;0;0;0.004796
direitos_titular;verzani.com.br;76;0;0;0;0.000707
direitos_titular;verzani.com.br;77;0;0;0;0.005540
direitos_titular;verzani.com.br;78;0;0;0;0.023803
direitos_titular;verzani.com.br;79;0;0;0;0.042019
direitos_titular;verzani.com.br;80;0;0;0;0.008891
direitos_titular;verzani.com.br;81;0;0;0;0.014837
direitos_titular;verzani.com.br;83;0;0;0;0.025334
direitos_titular;verzani.com.br;84;0;0;0;0.010636
direitos_titular;verzani.com.br;85;0;0;0;0.001655
direitos_titular;verzani.com.br;86;0;0;0;0.006112
direitos_titular;verzani.com.br;87;0;0;0;0.002083
direitos_titular;verzani.com.br;88;0;0;0;0.076000
direitos_titular;verzani.com.br;90;0;0;0;0.001422
direitos_titular;verzani.com.br;91;0;0;0;0.000850
direitos_titular;verzani.com.br;92;0;0;0;0.003012
direitos_titular;verzani.com.br;93;0;0;0;0.016092
direitos_titular;verzani.com.br;94;0;0;0;0.004783
direitos_titular;verzani.com.br;95;0;0;0;0.004398
direitos_titular;verzani.com.br;97;0;0;0;0.003193
direitos_titular;verzani.com.br;102;0;0;0;0.002922
direitos_titular;verzani.com.br;103;0;0;0;0.001613
direitos_titular;verzani.com.br;104;0;0;0;0.004558
direitos_titular;verzani.com.br;105;0;0;0;0.002823
direitos_titular;verzani.com.br;108;0;0;0;0.011523
direitos_titular;verzani.com.br;109;0;0;0;0.004724
direitos_titular;verzani.com.br;111;0;0;0;0.003133
direitos_titular;verzani.com.br;113;0;0;0;0.003326
direitos_titular;verzani.com.br;115;0;0;0;0.008984
direitos_titular;verzani.com.br;117;0;0;0;0.002976
direitos_titular;verzani.com.br;118;0;0;0;0.007390
direitos_titular;verzani.com.br;121;0;0;0;0.039528
direitos_titular;verzani.com.br;122;0;0;0;0.022958
direitos_titular;verzani.com.br;123;0;0;0;0.007892
direitos_titular;verzani.com.br;124;0;0;0;0.018364
direitos_titular;verzani.com.br;126;0;0;0;0.004301
direitos_titular;verzani.com.br;127;0;0;0;0.005303
direitos_titular;verzani.com.br;129;0;0;0;0.002871
direitos_titular;verzani.com.br;131;0;0;0;0.010044
direitos_titular;verzani.com.br;132;0;0;0;0.003671
direitos_titular;verzani.com.br;133;0;0;0;0.002788
direitos_titular;verzani.com.br;134;0;0;0;0.002511
direitos_titular;verzani.com.br;135;0;0;0;0.005741
direitos_titular;verzani.com.br;138;0;0;0;0.003671
direitos_titular;verzani.com.br;149;0;0;0;0.079473
direitos_titular;verzani.com.br;150;0;0;0;0.007246
direitos_titular;verzani.com.br;152;0;0;0;0.002625
direitos_titular;verzani.com.br;153;0;0;0;0.012677
direitos_titular;verzani.com.br;154;1;1;1;0.363458
direitos_titular;verzani.com.br;160;0;0;1;0.144133
direitos_titular;verzani.com.br;162;1;1;1;0.895444
direitos_titular;verzani.com.br;164;1;1;1;0.833414
direitos_titular;verzani.com.br;166;1;0;1;0.948841
direitos_titular;verzani.com.br;168;1;1;1;0.931893
direitos_titular;verzani.com.br;169;1;1;1;0.754414
direitos_titular;verzani.com.br;171;1;1;1;0.946975
direitos_titular;verzani.com.br;173;1;0;1;0.451697
direitos_titular;verzani.com.br;175;0;0;1;0.317306
direitos_titular;verzani.com.br;178;0;0;0;0.001464
direitos_titular;verzani.com.br;179;0;0;0;0.006809
direitos_titular;verzani.com.br;180;0;0;0;0.000940
direitos_titular;verzani.com.br;181;0;0;0;0.001087
direitos_titular;verzani.com.br;182;0;0;0;0.001713
direitos_titular;verzani.com.br;183;0;0;0;0.002362
direitos_titular;verzani.com.br;184;0;0;0;0.001473
direitos_titular;verzani.com.br;185;0;0;0;0.004312
direitos_titular;verzani.com.br;186;0;0;0;0.001477
direitos_titular;verzani.com.br;188;0;0;0;0.006701
direitos_titular;verzani.com.br;189;0;0;0;0.001340
direitos_titular;verzani.com.br;190;0;0;0;0.001709
direitos_titular;verzani.com.br;191;0;0;0;0.005728
direitos_titular;verzani.com.br;192;0;0;0;0.001416
direitos_titular;verzani.com.br;193;0;0;0;0.001025
direitos_titular;verzani.com.br;194;0;0;0;0.001562
direitos_titular;verzani.com.br;196;0;0;0;0.002809
direitos_titular;verzani.com.br;197;0;0;0;0.006491
direitos_titular;verzani.com.br;198;0;0;0;0.003711
direitos_titular;verzani.com.br;199;0;0;0;0.002433
direitos_titular;verzani.com.br;200;0;0;0;0.004540
direitos_titular;verzani.com.br;201;0;0;0;0.001715
direitos_titular;verzani.com.br;202;0;0;0;0.009035
direitos_titular;verzani.com.br;203;0;0;0;0.003007
direitos_titular;verzani.com.br;204;0;0;0;0.005064
direitos_titular;verzani.com.br;205;0;0;0;0.002053
direitos_titular;verzani.com.br;206;0;0;0;0.009228
direitos_titular;verzani.com.br;207;0;0;0;0.006810
direitos_titular;verzani.com.br;208;0;0;0;0.003500
direitos_titular;verzani.com.br;209;0;0;0;0.001200
direitos_titular;verzani.com.br;210;0;0;0;0.006513
direitos_titular;verzani.com.br;211;0;0;0;0.004453
direitos_titular;verzani.com.br;212;0;0;0;0.004127
direitos_titular;verzani.com.br;213;0;0;0;0.004532
direitos_titular;verzani.com.br;215;0;0;0;0.004298
direitos_titular;verzani.com.br;218;0;0;0;0.003559
direitos_titular;verzani.com.br;220;0;0;0;0.016189
direitos_titular;verzani.com.br;221;0;0;0;0.001099
direitos_titular;verzani.com.br;222;0;0;0;0.002860
direitos_titular;verzani.com.br;235;0;0;0;0.003970
direitos_titular;verzani.com.br;253;0;0;0;0.002750
direitos_titular;verzani.com.br;257;0;0;0;0.001517
direitos_titular;verzani.com.br;277;0;0;0;0.004206
direitos_titular;verzani.com.br;278;0;0;0;0.004143
direitos_titular;verzani.com.br;279;0;0;0;0.001775
direitos_titular;verzani.com.br;281;0;0;0;0.001605
direitos_titular;verzani.com.br;282;0;0;0;0.001784
direitos_titular;rifapersonalizada.com.br;1;0;0;0;0.000739
direitos_titular;rifapersonalizada.com.br;5;0;0;0;0.006292
direitos_titular;rifapersonalizada.com.br;6;0;0;0;0.003723
direitos_titular;rifapersonalizada.com.br;7;0;0;0;0.003792
direitos_titular;rifapersonalizada.com.br;8;0;0;0;0.006681
direitos_titular;rifapersonalizada.com.br;9;0;0;0;0.001068
direitos_titular;rifapersonalizada.com.br;10;0;0;0;0.001922
direitos_titular;rifapersonalizada.com.br;11;0;0;0;0.004665
direitos_titular;rifapersonalizada.com.br;12;0;0;0;0.005113
direitos_titular;rifapersonalizada.com.br;13;0;0;0;0.031140
direitos_titular;rifapersonalizada.com.br;14;0;0;0;0.005825
direitos_titular;rifapersonalizada.com.br;15;0;0;0;0.007782
direitos_titular;rifapersonalizada.com.br;16;0;0;0;0.007074
direitos_titular;rifapersonalizada.com.br;17;0;0;0;0.002795
direitos_titular;rifapersonalizada.com.br;18;0;0;0;0.008570
direitos_titular;rifapersonalizada.com.br;19;0;0;0;0.003277
direitos_titular;rifapersonalizada.com.br;20;0;0;0;0.002187
direitos_titular;rifapersonalizada.com.br;22;0;0;0;0.003943
direitos_titular;rifapersonalizada.com.br;23;0;0;0;0.002922
direitos_titular;rifapersonalizada.com.br;24;0;0;0;0.001916
direitos_titular;rifapersonalizada.com.br;25;0;0;0;0.024854
direitos_titular;rifapersonalizada.com.br;26;0;0;0;0.001052
direitos_titular;rifapersonalizada.com.br;27;0;0;0;0.007642
direitos_titular;rifapersonalizada.com.br;28;0;0;0;0.000932
direitos_titular;rifapersonalizada.com.br;29;0;0;0;0.008545
direitos_titular;rifapersonalizada.com.br;30;0;0;0;0.005814
direitos_titular;rifapersonalizada.com.br;31;0;0;0;0.009897
direitos_titular;rifapersonalizada.com.br;32;0;0;0;0.002979
direitos_titular;rifapersonalizada.com.br;33;0;0;0;0.001518
direitos_titular;rifapersonalizada.com.br;34;0;0;0;0.001191
direitos_titular;rifapersonalizada.com.br;35;0;0;0;0.003017
direitos_titular;rifapersonalizada.com.br;37;0;0;0;0.003035
direitos_titular;rifapersonalizada.com.br;38;0;0;0;0.004468
direitos_titular;rifapersonalizada.com.br;39;0;0;0;0.002862
direitos_titular;rifapersonalizada.com.br;40;0;0;0;0.010896
direitos_titular;rifapersonalizada.com.br;41;0;0;0;0.003652
direitos_titular;rifapersonalizada.com.br;42;0;0;0;0.003540
direitos_titular;rifapersonalizada.com.br;43;1;0;0;0.022884
direitos_titular;rifapersonalizada.com.br;44;1;0;0;0.003746
direitos_titular;rifapersonalizada.com.br;45;0;0;0;0.002316
direitos_titular;rifapersonalizada.com.br;46;0;0;0;0.001918
direitos_titular;rifapersonalizada.com.br;47;0;0;0;0.002517
direitos_titular;rifapersonalizada.com.br;48;0;0;0;0.003348
direitos_titular;rifapersonalizada.com.br;49;0;0;0;0.002072
direitos_titular;rifapersonalizada.com.br;50;0;0;0;0.003790
direitos_titular;rifapersonalizada.com.br;51;0;0;0;0.001408
direitos_titular;rifapersonalizada.com.br;52;0;0;0;0.002552
direitos_titular;rifapersonalizada.com.br;53;0;0;0;0.003332
direitos_titular;rifapersonalizada.com.br;54;0;0;0;0.003625
direitos_titular;rifapersonalizada.com.br;55;0;0;0;0.004419
direitos_titular;rifapersonalizada.com.br;56;0;0;0;0.005138
direitos_titular;rifapersonalizada.com.br;57;0;0;0;0.002676
direitos_titular;rifapersonalizada.com.br;58;0;0;0;0.003137
direitos_titular;rifapersonalizada.com.br;59;0;0;0;0.006466
direitos_titular;rifapersonalizada.com.br;60;0;0;0;0.004792
direitos_titular;rifapersonalizada.com.br;61;0;1;0;0.097923
direitos_titular;rifapersonalizada.com.br;62;0;0;0;0.002148
direitos_titular;rifapersonalizada.com.br;63;0;0;0;0.008825
direitos_titular;rifapersonalizada.com.br;64;0;0;0;0.007924
direitos_titular;rifapersonalizada.com.br;65;0;0;0;0.007423
direitos_titular;rifapersonalizada.com.br;66;0;1;0;0.002408
direitos_titular;rifapersonalizada.com.br;67;0;0;0;0.003132
direitos_titular;rifapersonalizada.com.br;68;0;0;0;0.002503
direitos_titular;rifapersonalizada.com.br;69;0;0;0;0.002216
direitos_titular;rifapersonalizada.com.br;70;0;0;0;0.001417
direitos_titular;rifapersonalizada.com.br;71;0;0;0;0.005467
direitos_titular;rifapersonalizada.com.br;72;0;0;0;0.002507
direitos_titular;rifapersonalizada.com.br;73;0;0;0;0.003016
direitos_titular;rifapersonalizada.com.br;74;0;0;0;0.001799
direitos_titular;rifapersonalizada.com.br;75;0;0;0;0.002569
direitos_titular;rifapersonalizada.com.br;76;0;0;0;0.004207
direitos_titular;rifapersonalizada.com.br;77;0;0;0;0.008009
direitos_titular;rifapersonalizada.com.br;78;0;0;0;0.002630
direitos_titular;rifapersonalizada.com.br;79;0;0;0;0.003289
direitos_titular;rifapersonalizada.com.br;80;0;0;0;0.007796
direitos_titular;rifapersonalizada.com.br;81;0;0;0;0.012294
direitos_titular;rifapersonalizada.com.br;83;0;0;0;0.005113
direitos_titular;rifapersonalizada.com.br;84;0;0;0;0.004981
direitos_titular;rifapersonalizada.com.br;85;0;0;0;0.002214
direitos_titular;rifapersonalizada.com.br;86;0;0;0;0.001463
direitos_titular;rifapersonalizada.com.br;87;0;0;0;0.003654
direitos_titular;rifapersonalizada.com.br;89;0;0;0;0.015818
direitos_titular;rifapersonalizada.com.br;90;0;0;0;0.004089
direitos_titular;rifapersonalizada.com.br;91;0;0;0;0.011969
direitos_titular;rifapersonalizada.com.br;99;0;0;0;0.006481
direitos_titular;rifapersonalizada.com.br;100;0;0;0;0.003825
direitos_titular;rifapersonalizada.com.br;101;0;0;0;0.012359
direitos_titular;rifapersonalizada.com.br;112;0;0;0;0.002191
direitos_titular;rifapersonalizada.com.br;114;0;0;0;0.002387
direitos_titular;rifapersonalizada.com.br;115;0;0;0;0.002404
direitos_titular;rifapersonalizada.com.br;116;0;0;0;0.024130
direitos_titular;rifapersonalizada.com.br;117;0;0;0;0.005187
direitos_titular;rifapersonalizada.com.br;118;0;0;0;0.004828
direitos_titular;rifapersonalizada.com.br;119;0;0;0;0.007752
direitos_titular;rifapersonalizada.com.br;120;0;0;0;0.002464
direitos_titular;rifapersonalizada.com.br;121;0;0;0;0.003819
direitos_titular;rifapersonalizada.com.br;123;0;0;0;0.002531
direitos_titular;rifapersonalizada.com.br;124;0;0;0;0.003839
direitos_titular;rifapersonalizada.com.br;125;0;0;0;0.002905
direitos_titular;rifapersonalizada.com.br;131;0;0;0;0.005685
direitos_titular;rifapersonalizada.com.br;132;0;0;0;0.003023
direitos_titular;rifapersonalizada.com.br;133;0;0;0;0.002262
direitos_titular;rifapersonalizada.com.br;134;0;0;0;0.002782
direitos_titular;rifapersonalizada.com.br;135;0;0;0;0.002931
direitos_titular;rifapersonalizada.com.br;136;0;0;0;0.001934
direitos_titular;rifapersonalizada.com.br;138;0;0;0;0.002525
direitos_titular;rifapersonalizada.com.br;140;0;0;0;0.002846
direitos_titular;rifapersonalizada.com.br;141;0;0;0;0.008952
direitos_titular;rifapersonalizada.com.br;142;0;0;0;0.004015
direitos_titular;rifapersonalizada.com.br;143;0;0;0;0.003763
direitos_titular;rifapersonalizada.com.br;144;0;0;0;0.002905
direitos_titular;rifapersonalizada.com.br;145;0;0;0;0.004598
direitos_titular;rifapersonalizada.com.br;146;0;0;0;0.004925
direitos_titular;rifapersonalizada.com.br;147;0;0;0;0.005325
direitos_titular;rifapersonalizada.com.br;148;0;0;0;0.005398
direitos_titular;rifapersonalizada.com.br;149;0;0;0;0.004502
direitos_titular;rifapersonalizada.com.br;150;0;0;0;0.004165
direitos_titular;rifapersonalizada.com.br;151;0;0;0;0.003387
direitos_titular;rifapersonalizada.com.br;152;0;0;0;0.004533
direitos_titular;rifapersonalizada.com.br;153;0;0;0;0.010483
direitos_titular;rifapersonalizada.com.br;154;0;0;0;0.006674
direitos_titular;rifapersonalizada.com.br;155;0;0;0;0.003042
direitos_titular;rifapersonalizada.com.br;156;0;0;0;0.008284
direitos_titular;rifapersonalizada.com.br;157;0;0;0;0.002405
direitos_titular;rifapersonalizada.com.br;158;0;0;0;0.002505
direitos_titular;rifapersonalizada.com.br;159;0;0;0;0.002577
direitos_titular;rifapersonalizada.com.br;160;0;1;0;0.033259
direitos_titular;rifapersonalizada.com.br;161;0;0;0;0.004097
direitos_titular;rifapersonalizada.com.br;162;0;0;0;0.004091
direitos_titular;rifapersonalizada.com.br;163;0;0;0;0.004797
direitos_titular;rifapersonalizada.com.br;164;0;0;0;0.007455
direitos_titular;rifapersonalizada.com.br;165;0;0;0;0.001846
direitos_titular;rifapersonalizada.com.br;166;0;0;0;0.003480
direitos_titular;rifapersonalizada.com.br;167;0;0;0;0.001618
direitos_titular;rifapersonalizada.com.br;168;0;0;0;0.008402
direitos_titular;rifapersonalizada.com.br;169;0;0;0;0.002134
direitos_titular;rifapersonalizada.com.br;172;0;0;0;0.007302
direitos_titular;rifapersonalizada.com.br;173;0;0;0;0.004707
direitos_titular;rifapersonalizada.com.br;174;0;0;0;0.006014
direitos_titular;rifapersonalizada.com.br;175;0;0;0;0.014279
direitos_titular;rifapersonalizada.com.br;179;0;0;0;0.005303
direitos_titular;rifapersonalizada.com.br;180;0;0;0;0.007495
direitos_titular;rifapersonalizada.com.br;181;0;0;0;0.035681
direitos_titular;rifapersonalizada.com.br;187;0;0;0;0.008725
direitos_titular;rifapersonalizada.com.br;198;0;0;0;0.001550
direitos_titular;rifapersonalizada.com.br;201;0;0;0;0.004248
direitos_titular;rifapersonalizada.com.br;202;0;0;0;0.031105
direitos_titular;rifapersonalizada.com.br;203;0;0;0;0.004426
direitos_titular;rifapersonalizada.com.br;204;0;0;0;0.003254
direitos_titular;rifapersonalizada.com.br;207;0;0;0;0.003504
direitos_titular;rifapersonalizada.com.br;208;0;0;0;0.001655
direitos_titular;rifapersonalizada.com.br;209;0;0;0;0.006822
direitos_titular;pedidook.com.br;0;0;0;0;0.003323
direitos_titular;pedidook.com.br;2;0;0;0;0.002472
direitos_titular;pedidook.com.br;5;0;0;0;0.008914
direitos_titular;pedidook.com.br;6;0;0;0;0.000718
direitos_titular;pedidook.com.br;7;0;0;0;0.003755
direitos_titular;pedidook.com.br;8;0;0;0;0.004014
direitos_titular;pedidook.com.br;9;0;0;0;0.002328
direitos_titular;pedidook.com.br;10;0;0;0;0.002449
direitos_titular;pedidook.com.br;11;0;1;0;0.004305
direitos_titular;pedidook.com.br;12;0;0;0;0.002473
direitos_titular;pedidook.com.br;13;0;0;0;0.002991
direitos_titular;pedidook.com.br;15;0;0;0;0.008435
direitos_titular;pedidook.com.br;16;0;0;0;0.022550
direitos_titular;pedidook.com.br;17;0;0;0;0.039053
direitos_titular;pedidook.com.br;18;0;0;1;0.330855
direitos_titular;pedidook.com.br;19;0;0;0;0.013938
direitos_titular;pedidook.com.br;20;0;0;0;0.002226
direitos_titular;pedidook.com.br;21;0;0;0;0.009356
direitos_titular;pedidook.com.br;23;0;0;0;0.002652
direitos_titular;pedidook.com.br;27;0;0;0;0.002087
direitos_titular;pedidook.com.br;30;0;0;0;0.004336
direitos_titular;pedidook.com.br;33;0;0;0;0.006305
direitos_titular;pedidook.com.br;35;0;0;0;0.005315
direitos_titular;pedidook.com.br;36;0;0;0;0.002865
direitos_titular;pedidook.com.br;37;0;0;0;0.005496
direitos_titular;pedidook.com.br;39;0;0;0;0.049089
direitos_titular;pedidook.com.br;40;0;0;0;0.004836
direitos_titular;pedidook.com.br;41;0;0;0;0.002276
direitos_titular;pedidook.com.br;42;0;0;0;0.001995
direitos_titular;pedidook.com.br;43;0;0;0;0.020334
direitos_titular;pedidook.com.br;44;0;0;0;0.004027
direitos_titular;pedidook.com.br;47;0;0;0;0.023654
direitos_titular;pedidook.com.br;48;0;0;0;0.007435
direitos_titular;pedidook.com.br;49;0;0;0;0.010359
direitos_titular;pedidook.com.br;50;0;0;0;0.002948
direitos_titular;pedidook.com.br;51;0;0;0;0.003239
direitos_titular;pedidook.com.br;52;0;0;0;0.002916
direitos_titular;pedidook.com.br;53;0;0;0;0.002190
direitos_titular;pedidook.com.br;54;0;0;0;0.047351
direitos_titular;pedidook.com.br;57;0;0;0;0.017902
direitos_titular;pedidook.com.br;58;0;0;0;0.002027
direitos_titular;pedidook.com.br;59;0;0;0;0.004716
direitos_titular;pedidook.com.br;60;0;0;0;0.010225
direitos_titular;pedidook.com.br;61;0;0;0;0.001614
direitos_titular;pedidook.com.br;62;0;0;0;0.002122
direitos_titular;pedidook.com.br;63;0;0;0;0.005823
direitos_titular;pedidook.com.br;64;0;0;0;0.017785
direitos_titular;pedidook.com.br;65;0;0;0;0.003744
direitos_titular;pedidook.com.br;66;0;0;0;0.009656
direitos_titular;pedidook.com.br;69;0;0;0;0.001330
direitos_titular;pedidook.com.br;71;0;0;0;0.002188
direitos_titular;pedidook.com.br;72;0;0;0;0.006322
direitos_titular;pedidook.com.br;73;0;0;0;0.007779
direitos_titular;pedidook.com.br;76;0;0;0;0.031611
direitos_titular;pedidook.com.br;77;0;0;0;0.001802
direitos_titular;pedidook.com.br;78;0;0;0;0.005791
direitos_titular;pedidook.com.br;79;0;0;0;0.001742
direitos_titular;pedidook.com.br;82;0;0;0;0.001473
direitos_titular;pedidook.com.br;83;0;0;0;0.001554
direitos_titular;pedidook.com.br;84;0;0;0;0.021969
direitos_titular;pedidook.com.br;87;0;0;0;0.056877
direitos_titular;pedidook.com.br;88;1;0;0;0.075212
direitos_titular;pedidook.com.br;89;1;1;1;0.351081
direitos_titular;pedidook.com.br;90;1;1;1;0.957836
direitos_titular;pedidook.com.br;91;1;1;0;0.039618
direitos_titular;pedidook.com.br;92;0;0;0;0.004886
direitos_titular;pedidook.com.br;93;0;0;0;0.004511
direitos_titular;pedidook.com.br;94;0;0;0;0.010791
direitos_titular;pedidook.com.br;95;0;0;0;0.043272
direitos_titular;pedidook.com.br;96;0;0;0;0.007745
direitos_titular;pedidook.com.br;97;0;0;0;0.004419
direitos_titular;pedidook.com.br;98;0;0;0;0.001866
direitos_titular;pedidook.com.br;101;0;0;0;0.004407
direitos_titular;pedidook.com.br;102;0;0;0;0.001844
direitos_titular;pedidook.com.br;105;0;0;0;0.033130
direitos_titular;pedidook.com.br;106;0;0;0;0.002346
direitos_titular;pedidook.com.br;107;0;0;0;0.003802
direitos_titular;pedidook.com.br;110;0;0;0;0.002969
direitos_titular;pedidook.com.br;111;0;0;0;0.002695
direitos_titular;pedidook.com.br;112;0;0;0;0.001406
direitos_titular;pedidook.com.br;113;0;0;0;0.004188
direitos_titular;pedidook.com.br;114;0;0;0;0.009077
direitos_titular;pedidook.com.br;116;0;0;0;0.002627
direitos_titular;pedidook.com.br;120;0;0;0;0.009629
direitos_titular;pedidook.com.br;121;0;0;0;0.003249
direitos_titular;pedidook.com.br;123;0;0;0;0.004132
direitos_titular;pedidook.com.br;124;0;0;0;0.002834
direitos_titular;pedidook.com.br;125;0;0;0;0.004119
direitos_titular;pedidook.com.br;126;0;0;0;0.001279
direitos_titular;pedidook.com.br;133;0;0;0;0.002142
direitos_titular;pedidook.com.br;136;0;0;0;0.001664
direitos_titular;pedidook.com.br;137;0;0;0;0.004108
direitos_titular;pedidook.com.br;138;0;0;0;0.009297
direitos_titular;pedidook.com.br;139;0;0;0;0.005337
direitos_titular;pedidook.com.br;144;0;0;0;0.003036
direitos_titular;pedidook.com.br;145;0;0;0;0.003333
direitos_titular;pedidook.com.br;146;0;0;0;0.003498
direitos_titular;pedidook.com.br;147;0;0;0;0.004534
direitos_titular;pedidook.com.br;149;0;0;0;0.002207
direitos_titular;pedidook.com.br;150;0;0;0;0.006014
direitos_titular;pedidook.com.br;151;0;0;0;0.004609
direitos_titular;pedidook.com.br;156;0;0;0;0.002731
direitos_titular;pedidook.com.br;160;0;0;0;0.003007
direitos_titular;pedidook.com.br;161;0;0;0;0.004348
direitos_titular;pedidook.com.br;162;0;0;0;0.003301
direitos_titular;pedidook.com.br;164;0;0;0;0.001705
direitos_titular;pedidook.com.br;168;0;0;0;0.001649
direitos_titular;pedidook.com.br;170;0;0;0;0.006015
direitos_titular;pedidook.com.br;172;0;0;0;0.005661
direitos_titular;pedidook.com.br;174;0;0;0;0.005669
direitos_titular;pedidook.com.br;176;0;0;0;0.005386
direitos_titular;pedidook.com.br;178;0;0;0;0.008580
direitos_titular;pedidook.com.br;179;0;0;0;0.002184
direitos_titular;pedidook.com.br;183;0;0;0;0.003750
direitos_titular;pedidook.com.br;184;0;0;0;0.001795
direitos_titular;pedidook.com.br;186;0;0;0;0.017754
direitos_titular;pedidook.com.br;188;0;0;0;0.001629
direitos_titular;pedidook.com.br;189;0;0;0;0.006074
direitos_titular;pedidook.com.br;190;0;0;0;0.001996
direitos_titular;pedidook.com.br;192;0;0;0;0.001727
direitos_titular;pedidook.com.br;194;0;0;0;0.003394
direitos_titular;pedidook.com.br;198;0;0;0;0.007362
direitos_titular;pedidook.com.br;199;0;0;0;0.002318
direitos_titular;pedidook.com.br;200;0;0;0;0.009830
direitos_titular;pedidook.com.br;201;0;0;0;0.006905
direitos_titular;pedidook.com.br;202;0;0;0;0.001428
direitos_titular;pedidook.com.br;203;0;0;0;0.005635
direitos_titular;pedidook.com.br;204;0;0;0;0.002835
direitos_titular;pedidook.com.br;206;0;0;0;0.003198
direitos_titular;pedidook.com.br;208;0;0;0;0.002804
direitos_titular;pedidook.com.br;213;0;0;0;0.005491
direitos_titular;pedidook.com.br;214;0;0;0;0.002065
direitos_titular;pedidook.com.br;215;0;0;0;0.007464
direitos_titular;pedidook.com.br;217;0;0;0;0.008836
direitos_titular;pedidook.com.br;222;0;0;0;0.004434
direitos_titular;pedidook.com.br;223;0;0;0;0.003847
direitos_titular;pedidook.com.br;224;0;0;0;0.004033
direitos_titular;pedidook.com.br;225;0;0;0;0.004538
direitos_titular;pedidook.com.br;226;0;0;0;0.006323
direitos_titular;pedidook.com.br;227;0;0;0;0.006065
direitos_titular;pedidook.com.br;228;0;0;0;0.007724
direitos_titular;pedidook.com.br;229;0;0;0;0.008615
direitos_titular;pedidook.com.br;231;0;0;0;0.021783
direitos_titular;pedidook.com.br;233;0;0;0;0.002112
direitos_titular;pedidook.com.br;235;0;0;0;0.004312
direitos_titular;pedidook.com.br;237;0;0;0;0.012489
direitos_titular;pedidook.com.br;241;0;0;0;0.003615
direitos_titular;pedidook.com.br;243;0;0;0;0.006529
direitos_titular;pedidook.com.br;245;0;0;0;0.001625
direitos_titular;pedidook.com.br;249;0;0;0;0.002352
direitos_titular;pedidook.com.br;251;0;0;0;0.009795
direitos_titular;pedidook.com.br;252;0;0;0;0.002144
direitos_titular;pedidook.com.br;254;0;0;0;0.001751
direitos_titular;pedidook.com.br;255;0;0;0;0.003157
direitos_titular;pedidook.com.br;257;0;0;0;0.003398
direitos_titular;pedidook.com.br;258;0;0;0;0.003321
direitos_titular;pedidook.com.br;260;0;1;0;0.019874
direitos_titular;pedidook.com.br;264;0;0;0;0.006141
direitos_titular;pedidook.com.br;266;0;0;0;0.002131
direitos_titular;pedidook.com.br;268;0;0;0;0.009526
direitos_titular;pedidook.com.br;272;0;0;0;0.008672
direitos_titular;pedidook.com.br;273;0;0;0;0.015315
direitos_titular;pedidook.com.br;274;0;0;0;0.002451
direitos_titular;pedidook.com.br;275;0;0;0;0.007062
direitos_titular;pedidook.com.br;277;0;0;0;0.016838
direitos_titular;pedidook.com.br;279;0;0;0;0.004634
direitos_titular;pedidook.com.br;281;0;0;0;0.002531
direitos_titular;pedidook.com.br;285;0;0;0;0.005193
direitos_titular;pedidook.com.br;287;0;0;0;0.008755
direitos_titular;pedidook.com.br;289;0;0;0;0.015014
direitos_titular;pedidook.com.br;290;0;0;0;0.005608
direitos_titular;pedidook.com.br;294;0;0;0;0.004345
direitos_titular;pedidook.com.br;296;0;0;0;0.010488
direitos_titular;pedidook.com.br;300;0;0;0;0.002880
direitos_titular;pedidook.com.br;304;0;0;0;0.002827
direitos_titular;pedidook.com.br;308;0;0;0;0.003560
direitos_titular;pedidook.com.br;310;0;0;0;0.003167
direitos_titular;pedidook.com.br;312;0;0;0;0.002672
direitos_titular;pedidook.com.br;314;0;0;0;0.001462
direitos_titular;pedidook.com.br;318;0;0;0;0.001550
direitos_titular;pedidook.com.br;320;0;0;0;0.019927
direitos_titular;pedidook.com.br;324;0;0;0;0.002806
direitos_titular;vibraresidencial.com.br;1;0;0;0;0.000453
direitos_titular;vibraresidencial.com.br;2;0;0;0;0.000413
direitos_titular;vibraresidencial.com.br;14;0;0;0;0.000422
direitos_titular;vibraresidencial.com.br;16;0;0;0;0.000752
direitos_titular;vibraresidencial.com.br;17;0;0;0;0.000752
direitos_titular;vibraresidencial.com.br;18;0;0;0;0.000664
direitos_titular;vibraresidencial.com.br;19;0;0;0;0.000752
direitos_titular;vibraresidencial.com.br;20;0;0;0;0.000108
direitos_titular;vibraresidencial.com.br;21;0;0;0;0.000716
direitos_titular;vibraresidencial.com.br;22;0;0;0;0.000716
direitos_titular;vibraresidencial.com.br;23;0;0;0;0.000752
direitos_titular;vibraresidencial.com.br;28;0;0;0;0.000057
direitos_titular;vibraresidencial.com.br;29;0;0;0;0.000690
direitos_titular;vibraresidencial.com.br;30;0;0;0;0.000716
direitos_titular;vibraresidencial.com.br;31;0;0;0;0.000716
direitos_titular;vibraresidencial.com.br;37;0;0;0;0.000521
direitos_titular;vibraresidencial.com.br;41;0;0;0;0.002943
direitos_titular;vibraresidencial.com.br;42;0;0;0;0.000059
direitos_titular;vibraresidencial.com.br;43;0;0;0;0.000525
direitos_titular;vibraresidencial.com.br;44;0;0;0;0.000437
direitos_titular;vibraresidencial.com.br;45;0;0;0;0.000333
direitos_titular;vibraresidencial.com.br;46;0;0;0;0.001064
direitos_titular;vibraresidencial.com.br;47;0;0;0;0.000289
direitos_titular;vibraresidencial.com.br;48;0;0;0;0.000157
direitos_titular;vibraresidencial.com.br;49;0;0;1;0.140724
direitos_titular;vibraresidencial.com.br;50;0;0;0;0.000102
direitos_titular;vibraresidencial.com.br;51;0;0;0;0.000226
direitos_titular;vibraresidencial.com.br;52;0;0;0;0.017254
direitos_titular;vibraresidencial.com.br;53;0;0;0;0.000634
direitos_titular;vibraresidencial.com.br;54;0;0;0;0.000580
direitos_titular;vibraresidencial.com.br;56;0;0;0;0.000332
direitos_titular;vibraresidencial.com.br;57;0;0;0;0.000396
direitos_titular;vibraresidencial.com.br;58;0;0;0;0.000389
direitos_titular;vibraresidencial.com.br;60;0;0;0;0.017947
direitos_titular;vibraresidencial.com.br;61;0;0;0;0.003591
direitos_titular;vibraresidencial.com.br;62;0;0;0;0.001864
direitos_titular;vibraresidencial.com.br;63;0;0;0;0.001273
direitos_titular;vibraresidencial.com.br;65;0;0;0;0.005016
direitos_titular;vibraresidencial.com.br;66;0;0;0;0.076357
direitos_titular;vibraresidencial.com.br;67;0;0;0;0.024373
direitos_titular;vibraresidencial.com.br;68;0;0;0;0.001360
direitos_titular;vibraresidencial.com.br;69;0;0;0;0.009283
direitos_titular;vibraresidencial.com.br;70;0;0;1;0.255661
direitos_titular;vibraresidencial.com.br;71;0;0;0;0.034086
direitos_titular;vibraresidencial.com.br;73;0;0;0;0.000335
direitos_titular;vibraresidencial.com.br;74;0;0;0;0.005410
direitos_titular;vibraresidencial.com.br;75;1;1;1;0.533712
direitos_titular;vibraresidencial.com.br;76;0;0;0;0.000036
direitos_titular;vibraresidencial.com.br;77;0;0;0;0.000109
direitos_titular;vibraresidencial.com.br;78;0;0;0;0.000628
direitos_titular;vibraresidencial.com.br;79;0;0;0;0.004176
direitos_titular;vibraresidencial.com.br;80;0;0;0;0.000409
direitos_titular;vibraresidencial.com.br;81;0;0;0;0.001103
direitos_titular;vibraresidencial.com.br;82;0;0;0;0.002134
direitos_titular;vibraresidencial.com.br;83;0;0;0;0.000257
direitos_titular;vibraresidencial.com.br;84;0;0;0;0.000480
direitos_titular;vibraresidencial.com.br;85;0;0;0;0.000635
direitos_titular;vibraresidencial.com.br;86;0;0;0;0.000681
direitos_titular;vibraresidencial.com.br;87;0;0;0;0.000377
direitos_titular;vibraresidencial.com.br;88;0;0;0;0.000335
direitos_titular;vibraresidencial.com.br;89;0;0;0;0.000201
direitos_titular;vibraresidencial.com.br;90;0;0;0;0.000605
direitos_titular;vibraresidencial.com.br;92;0;0;0;0.000231
direitos_titular;vibraresidencial.com.br;93;0;0;0;0.000606
direitos_titular;vibraresidencial.com.br;94;0;0;0;0.001063
direitos_titular;vibraresidencial.com.br;95;0;0;0;0.030017
direitos_titular;vibraresidencial.com.br;96;0;0;0;0.002797
direitos_titular;vibraresidencial.com.br;97;0;0;0;0.016959
direitos_titular;vibraresidencial.com.br;98;0;0;0;0.000590
direitos_titular;vibraresidencial.com.br;99;0;0;0;0.000524
direitos_titular;vibraresidencial.com.br;100;0;0;0;0.000949
direitos_titular;vibraresidencial.com.br;101;0;0;0;0.002112
direitos_titular;vibraresidencial.com.br;102;0;0;0;0.029191
direitos_titular;vibraresidencial.com.br;103;0;0;0;0.007029
direitos_titular;vibraresidencial.com.br;104;0;0;0;0.000101
direitos_titular;vibraresidencial.com.br;105;0;0;0;0.000838
direitos_titular;vibraresidencial.com.br;106;0;0;0;0.018999
direitos_titular;vibraresidencial.com.br;107;0;0;0;0.000622
direitos_titular;vibraresidencial.com.br;108;0;0;0;0.005216
direitos_titular;vibraresidencial.com.br;109;0;0;0;0.006765
direitos_titular;vibraresidencial.com.br;110;0;1;0;0.011117
direitos_titular;vibraresidencial.com.br;112;0;0;0;0.000232
direitos_titular;vibraresidencial.com.br;113;0;0;0;0.000923
direitos_titular;vibraresidencial.com.br;114;0;0;0;0.008204
direitos_titular;vibraresidencial.com.br;115;0;0;0;0.006317
direitos_titular;vibraresidencial.com.br;116;0;0;0;0.000335
direitos_titular;vibraresidencial.com.br;117;0;0;0;0.000618
direitos_titular;vibraresidencial.com.br;118;0;0;0;0.004446
direitos_titular;vibraresidencial.com.br;119;0;0;0;0.001011
direitos_titular;vibraresidencial.com.br;120;1;1;1;0.958529
direitos_titular;vibraresidencial.com.br;121;0;0;0;0.000983
direitos_titular;vibraresidencial.com.br;122;0;0;0;0.000091
direitos_titular;vibraresidencial.com.br;123;0;0;0;0.000076
direitos_titular;vibraresidencial.com.br;124;0;0;0;0.000633
direitos_titular;vibraresidencial.com.br;125;0;0;0;0.000209
direitos_titular;vibraresidencial.com.br;126;0;0;0;0.000531
direitos_titular;vibraresidencial.com.br;127;0;0;0;0.000223
direitos_titular;vibraresidencial.com.br;128;0;0;0;0.000117
direitos_titular;vibraresidencial.com.br;130;0;0;0;0.000627
direitos_titular;vibraresidencial.com.br;131;0;0;0;0.000558
direitos_titular;vibraresidencial.com.br;132;0;0;0;0.000089
direitos_titular;vibraresidencial.com.br;133;0;0;0;0.000690
direitos_titular;vibraresidencial.com.br;134;0;0;0;0.000720
direitos_titular;vibraresidencial.com.br;140;0;0;0;0.000587
direitos_titular;vibraresidencial.com.br;141;0;0;0;0.000347
direitos_titular;vibraresidencial.com.br;144;0;0;0;0.000554
direitos_titular;vibraresidencial.com.br;146;0;0;0;0.000412
direitos_titular;vibraresidencial.com.br;147;0;0;0;0.000173
direitos_titular;vibraresidencial.com.br;153;0;0;0;0.001720
direitos_titular;vibraresidencial.com.br;156;0;0;0;0.000379
direitos_titular;vibraresidencial.com.br;162;0;0;0;0.000422
direitos_titular;vibraresidencial.com.br;168;0;0;0;0.000689
direitos_titular;vibraresidencial.com.br;174;0;0;0;0.000690
direitos_titular;vibraresidencial.com.br;179;0;0;0;0.000664
direitos_titular;vibraresidencial.com.br;181;0;0;0;0.000752
direitos_titular;vibraresidencial.com.br;182;0;0;0;0.000752
direitos_titular;vibraresidencial.com.br;184;0;0;0;0.000752
direitos_titular;vibraresidencial.com.br;191;0;0;0;0.000752
direitos_titular;vibraresidencial.com.br;201;0;0;0;0.000716
direitos_titular;vibraresidencial.com.br;213;0;0;0;0.000664
direitos_titular;vibraresidencial.com.br;214;0;0;0;0.000716
direitos_titular;vibraresidencial.com.br;217;0;0;0;0.004861
direitos_titular;vibraresidencial.com.br;218;0;0;0;0.000074
direitos_titular;vibraresidencial.com.br;219;0;0;0;0.000123
direitos_titular;vibraresidencial.com.br;220;0;0;0;0.000933
direitos_titular;vibraresidencial.com.br;221;0;0;0;0.000123
direitos_titular;vibraresidencial.com.br;222;0;0;0;0.000384
direitos_titular;vibraresidencial.com.br;223;0;0;0;0.000666
direitos_titular;vibraresidencial.com.br;224;0;0;0;0.000521
direitos_titular;vibraresidencial.com.br;225;0;0;0;0.000648
direitos_titular;sabin.com.br;13;0;0;0;0.004947
direitos_titular;sabin.com.br;22;0;0;0;0.086618
direitos_titular;sabin.com.br;30;0;0;0;0.004056
direitos_titular;sabin.com.br;32;0;0;0;0.002561
direitos_titular;sabin.com.br;36;0;0;0;0.006024
direitos_titular;sabin.com.br;37;0;0;0;0.001398
direitos_titular;sabin.com.br;40;0;0;0;0.003876
direitos_titular;sabin.com.br;46;0;0;0;0.004947
direitos_titular;sabin.com.br;49;0;0;0;0.002338
direitos_titular;sabin.com.br;51;0;0;0;0.006293
direitos_titular;sabin.com.br;53;0;0;0;0.005070
direitos_titular;sabin.com.br;64;0;0;0;0.003140
direitos_titular;sabin.com.br;65;0;0;0;0.002090
direitos_titular;sabin.com.br;66;0;0;0;0.003430
direitos_titular;sabin.com.br;67;0;0;0;0.028021
direitos_titular;sabin.com.br;68;0;0;0;0.001733
direitos_titular;sabin.com.br;69;0;0;0;0.023559
direitos_titular;sabin.com.br;70;0;0;0;0.009663
direitos_titular;sabin.com.br;71;0;0;0;0.005313
direitos_titular;sabin.com.br;72;0;0;0;0.003769
direitos_titular;sabin.com.br;73;0;0;0;0.032605
direitos_titular;sabin.com.br;74;0;0;0;0.005361
direitos_titular;sabin.com.br;75;0;0;0;0.003794
direitos_titular;sabin.com.br;76;0;0;0;0.002623
direitos_titular;sabin.com.br;79;0;0;0;0.012674
direitos_titular;sabin.com.br;80;0;0;0;0.004279
direitos_titular;sabin.com.br;81;0;0;0;0.013571
direitos_titular;sabin.com.br;82;0;0;0;0.009805
direitos_titular;sabin.com.br;83;0;0;0;0.041063
direitos_titular;sabin.com.br;84;0;0;0;0.003179
direitos_titular;sabin.com.br;85;0;0;0;0.009171
direitos_titular;sabin.com.br;86;0;0;0;0.053314
direitos_titular;sabin.com.br;87;0;0;0;0.005259
direitos_titular;sabin.com.br;88;0;0;0;0.001694
direitos_titular;sabin.com.br;89;0;0;0;0.004379
direitos_titular;sabin.com.br;90;0;0;0;0.002875
direitos_titular;sabin.com.br;91;0;0;0;0.005155
direitos_titular;sabin.com.br;92;0;0;0;0.006902
direitos_titular;sabin.com.br;95;0;0;0;0.007604
direitos_titular;sabin.com.br;98;0;0;0;0.003886
direitos_titular;sabin.com.br;99;0;0;0;0.014444
direitos_titular;sabin.com.br;100;0;0;0;0.010498
direitos_titular;sabin.com.br;101;0;0;0;0.002670
direitos_titular;sabin.com.br;102;0;0;0;0.010698
direitos_titular;sabin.com.br;103;0;0;0;0.013326
direitos_titular;sabin.com.br;104;0;0;0;0.001971
direitos_titular;sabin.com.br;105;0;0;0;0.029540
direitos_titular;sabin.com.br;106;0;0;0;0.011676
direitos_titular;sabin.com.br;107;0;0;0;0.027385
direitos_titular;sabin.com.br;108;0;0;0;0.003541
direitos_titular;sabin.com.br;109;0;0;0;0.004116
direitos_titular;sabin.com.br;110;0;0;0;0.004199
direitos_titular;sabin.com.br;111;0;0;0;0.001787
direitos_titular;sabin.com.br;112;0;0;0;0.003317
direitos_titular;sabin.com.br;113;0;0;0;0.001782
direitos_titular;sabin.com.br;114;0;0;0;0.015922
direitos_titular;sabin.com.br;115;0;0;0;0.006976
direitos_titular;sabin.com.br;116;0;0;0;0.008296
direitos_titular;sabin.com.br;117;0;0;0;0.003145
direitos_titular;sabin.com.br;118;0;1;0;0.009320
direitos_titular;sabin.com.br;119;0;0;0;0.030251
direitos_titular;sabin.com.br;120;0;0;0;0.038599
direitos_titular;sabin.com.br;121;0;0;0;0.005501
direitos_titular;sabin.com.br;124;0;0;1;0.288234
direitos_titular;sabin.com.br;125;0;0;0;0.002785
direitos_titular;sabin.com.br;126;0;0;0;0.011856
direitos_titular;sabin.com.br;127;0;0;0;0.012270
direitos_titular;sabin.com.br;128;0;0;0;0.010886
direitos_titular;sabin.com.br;129;0;0;0;0.003309
direitos_titular;sabin.com.br;130;0;0;0;0.015653
direitos_titular;sabin.com.br;131;0;0;0;0.004256
direitos_titular;sabin.com.br;132;0;0;0;0.005709
direitos_titular;sabin.com.br;133;0;0;0;0.002625
direitos_titular;sabin.com.br;134;0;0;0;0.009403
direitos_titular;sabin.com.br;135;0;0;0;0.004528
direitos_titular;sabin.com.br;136;0;0;0;0.002524
direitos_titular;sabin.com.br;137;0;0;0;0.002826
direitos_titular;sabin.com.br;138;0;0;0;0.004503
direitos_titular;sabin.com.br;139;0;0;0;0.002198
direitos_titular;sabin.com.br;140;0;0;0;0.010462
direitos_titular;sabin.com.br;141;0;0;0;0.008418
direitos_titular;sabin.com.br;142;0;0;0;0.010366
direitos_titular;sabin.com.br;143;0;0;0;0.002580
direitos_titular;sabin.com.br;144;0;0;0;0.002383
direitos_titular;sabin.com.br;145;0;0;0;0.022715
direitos_titular;sabin.com.br;146;0;0;0;0.004145
direitos_titular;sabin.com.br;147;0;0;0;0.008651
direitos_titular;sabin.com.br;148;0;0;1;0.201359
direitos_titular;sabin.com.br;149;0;0;0;0.019831
direitos_titular;sabin.com.br;150;0;0;0;0.045295
direitos_titular;sabin.com.br;151;0;0;0;0.006305
direitos_titular;sabin.com.br;152;0;0;0;0.003077
direitos_titular;sabin.com.br;153;0;0;0;0.006599
direitos_titular;sabin.com.br;154;0;0;0;0.003917
direitos_titular;sabin.com.br;155;0;0;0;0.001839
direitos_titular;sabin.com.br;156;0;0;0;0.015554
direitos_titular;sabin.com.br;157;0;1;0;0.008980
direitos_titular;sabin.com.br;158;0;0;0;0.002432
direitos_titular;sabin.com.br;159;0;0;0;0.013113
direitos_titular;sabin.com.br;161;0;0;0;0.002329
direitos_titular;sabin.com.br;162;0;0;0;0.004738
direitos_titular;sabin.com.br;163;0;0;0;0.005677
direitos_titular;sabin.com.br;164;0;0;0;0.008436
direitos_titular;sabin.com.br;165;0;0;0;0.004796
direitos_titular;sabin.com.br;166;0;0;0;0.001879
direitos_titular;sabin.com.br;167;0;0;0;0.008014
direitos_titular;sabin.com.br;168;0;0;0;0.002632
direitos_titular;sabin.com.br;169;0;0;0;0.024206
direitos_titular;sabin.com.br;170;0;0;0;0.004504
direitos_titular;sabin.com.br;171;0;0;0;0.008231
direitos_titular;sabin.com.br;172;0;0;0;0.009642
direitos_titular;sabin.com.br;173;0;0;0;0.010075
direitos_titular;sabin.com.br;174;0;1;0;0.007644
direitos_titular;sabin.com.br;175;1;0;0;0.031492
direitos_titular;sabin.com.br;176;0;0;0;0.012345
direitos_titular;sabin.com.br;177;0;0;0;0.003654
direitos_titular;sabin.com.br;178;0;0;0;0.005360
direitos_titular;sabin.com.br;179;0;0;0;0.011879
direitos_titular;sabin.com.br;180;0;0;0;0.002702
direitos_titular;sabin.com.br;181;0;0;0;0.002928
direitos_titular;sabin.com.br;182;0;0;0;0.004808
direitos_titular;sabin.com.br;183;0;0;0;0.002611
direitos_titular;sabin.com.br;184;0;1;0;0.016175
direitos_titular;sabin.com.br;185;0;0;0;0.034313
direitos_titular;sabin.com.br;186;0;0;0;0.011024
direitos_titular;sabin.com.br;187;0;0;0;0.007687
direitos_titular;sabin.com.br;188;0;0;0;0.004014
direitos_titular;sabin.com.br;189;0;0;0;0.008783
direitos_titular;sabin.com.br;190;0;0;0;0.001938
direitos_titular;sabin.com.br;191;0;0;0;0.002512
direitos_titular;sabin.com.br;192;0;0;0;0.102327
direitos_titular;sabin.com.br;193;0;0;0;0.077804
direitos_titular;sabin.com.br;194;1;1;1;0.916216
direitos_titular;sabin.com.br;195;1;0;1;0.674967
direitos_titular;sabin.com.br;196;1;1;1;0.860984
direitos_titular;sabin.com.br;197;1;1;1;0.657439
direitos_titular;sabin.com.br;198;1;1;1;0.886240
direitos_titular;sabin.com.br;199;1;1;1;0.174879
direitos_titular;sabin.com.br;200;1;1;1;0.671994
direitos_titular;sabin.com.br;201;1;1;1;0.132739
direitos_titular;sabin.com.br;202;1;1;1;0.632871
direitos_titular;sabin.com.br;203;0;0;0;0.027956
direitos_titular;sabin.com.br;204;0;0;0;0.065318
direitos_titular;sabin.com.br;205;0;0;0;0.005270
direitos_titular;sabin.com.br;206;0;0;0;0.027643
direitos_titular;sabin.com.br;207;0;0;0;0.002333
direitos_titular;sabin.com.br;209;0;0;0;0.003379
direitos_titular;sabin.com.br;210;0;0;0;0.002478
direitos_titular;sabin.com.br;211;0;0;0;0.007261
direitos_titular;sabin.com.br;212;0;0;0;0.032147
direitos_titular;sabin.com.br;213;0;0;0;0.004180
direitos_titular;sabin.com.br;214;0;0;0;0.016559
direitos_titular;sabin.com.br;216;0;0;0;0.002056
direitos_titular;sabin.com.br;217;0;0;0;0.004398
direitos_titular;sabin.com.br;218;0;0;0;0.006312
direitos_titular;sabin.com.br;219;0;0;0;0.005612
direitos_titular;sabin.com.br;220;0;0;0;0.005190
direitos_titular;sabin.com.br;221;0;0;0;0.005159
direitos_titular;sabin.com.br;222;0;0;0;0.011008
direitos_titular;sabin.com.br;223;0;0;0;0.002687
direitos_titular;sabin.com.br;224;0;0;0;0.004058
direitos_titular;sabin.com.br;225;0;1;0;0.003263
direitos_titular;sabin.com.br;226;0;0;0;0.002929
direitos_titular;sabin.com.br;227;0;0;0;0.017051
direitos_titular;sabin.com.br;228;0;0;0;0.024862
direitos_titular;sabin.com.br;229;0;1;0;0.006133
direitos_titular;sabin.com.br;230;0;0;0;0.011951
direitos_titular;sabin.com.br;231;0;1;0;0.006115
direitos_titular;sabin.com.br;232;0;0;0;0.004480
direitos_titular;sabin.com.br;233;0;0;0;0.002907
direitos_titular;sabin.com.br;234;0;1;0;0.004582
direitos_titular;sabin.com.br;235;0;0;0;0.006306
direitos_titular;sabin.com.br;236;0;0;0;0.003188
direitos_titular;sabin.com.br;237;0;0;0;0.003054
direitos_titular;sabin.com.br;238;0;0;0;0.003766
direitos_titular;sabin.com.br;239;0;0;0;0.013036
direitos_titular;sabin.com.br;240;0;0;0;0.004470
direitos_titular;sabin.com.br;241;0;0;0;0.003861
direitos_titular;sabin.com.br;242;0;0;0;0.003000
direitos_titular;sabin.com.br;243;0;0;0;0.003046
direitos_titular;sabin.com.br;244;0;0;0;0.008827
direitos_titular;sabin.com.br;245;0;0;0;0.011417
direitos_titular;sabin.com.br;246;0;1;0;0.022111
direitos_titular;sabin.com.br;247;0;0;0;0.004074
direitos_titular;sabin.com.br;248;0;0;0;0.003542
direitos_titular;sabin.com.br;249;0;0;0;0.009788
direitos_titular;sabin.com.br;250;0;0;0;0.004961
direitos_titular;sabin.com.br;251;0;0;0;0.002598
direitos_titular;sabin.com.br;252;0;0;0;0.003712
direitos_titular;sabin.com.br;253;0;0;0;0.003103
direitos_titular;sabin.com.br;254;0;0;0;0.003108
direitos_titular;sabin.com.br;255;0;0;0;0.003232
direitos_titular;sabin.com.br;257;0;0;0;0.003835
direitos_titular;sabin.com.br;258;0;0;0;0.004581
direitos_titular;sabin.com.br;259;0;0;0;0.002571
direitos_titular;sabin.com.br;260;0;1;0;0.046316
direitos_titular;sabin.com.br;261;0;0;0;0.007680
direitos_titular;sabin.com.br;262;0;0;0;0.004229
direitos_titular;sabin.com.br;263;0;0;0;0.016427
direitos_titular;sabin.com.br;264;0;0;0;0.015518
direitos_titular;sabin.com.br;266;0;0;0;0.003729
direitos_titular;sabin.com.br;267;0;0;0;0.017506
direitos_titular;sabin.com.br;268;0;0;0;0.008185
direitos_titular;sabin.com.br;271;0;0;0;0.008589
direitos_titular;sabin.com.br;272;0;0;0;0.004947
direitos_titular;sabin.com.br;273;0;0;0;0.008589
direitos_titular;sabin.com.br;276;0;0;0;0.002867
direitos_titular;sabin.com.br;280;0;0;0;0.000973
direitos_titular;sabin.com.br;281;0;0;0;0.002753
direitos_titular;sabin.com.br;282;0;0;0;0.001382
direitos_titular;sabin.com.br;287;0;0;0;0.004947
direitos_titular;sabin.com.br;292;0;0;0;0.002487
direitos_titular;sabin.com.br;293;0;0;0;0.002841
direitos_titular;sabin.com.br;294;0;0;0;0.002560
direitos_titular;sabin.com.br;295;0;0;0;0.002561
direitos_titular;sabin.com.br;299;0;0;0;0.006666
direitos_titular;sabin.com.br;303;0;0;0;0.004195
direitos_titular;sabin.com.br;309;0;0;0;0.000721
direitos_titular;sabin.com.br;310;0;0;0;0.001088
direitos_titular;sabin.com.br;311;0;0;0;0.004766
direitos_titular;sabin.com.br;319;0;0;0;0.012062
direitos_titular;sabin.com.br;320;0;0;0;0.004947
direitos_titular;sabin.com.br;322;0;0;0;0.004767
direitos_titular;sabin.com.br;333;0;0;0;0.001271
direitos_titular;sabin.com.br;335;0;0;0;0.003086
direitos_titular;sabin.com.br;338;0;0;0;0.010301
direitos_titular;sabin.com.br;342;0;0;0;0.003098
direitos_titular;sabin.com.br;344;0;0;0;0.001398
direitos_titular;sabin.com.br;352;0;0;0;0.005051
direitos_titular;sabin.com.br;363;0;0;0;0.004523
direitos_titular;sabin.com.br;366;0;0;0;0.004566
direitos_titular;sabin.com.br;367;0;0;0;0.009068
direitos_titular;sabin.com.br;382;0;0;0;0.001398
direitos_titular;sabin.com.br;385;0;0;0;0.004947
direitos_titular;sabin.com.br;395;0;0;0;0.009068
direitos_titular;sabin.com.br;402;0;0;0;0.001398
direitos_titular;sabin.com.br;403;0;0;0;0.009068
direitos_titular;sabin.com.br;405;0;0;0;0.003734
direitos_titular;sabin.com.br;406;0;0;0;0.004338
direitos_titular;sabin.com.br;415;0;0;0;0.001398
direitos_titular;sabin.com.br;418;0;0;0;0.004134
direitos_titular;sabin.com.br;481;0;0;0;0.004404
direitos_titular;sabin.com.br;483;0;0;0;0.022253
direitos_titular;sabin.com.br;486;0;0;0;0.004947
direitos_titular;sabin.com.br;489;0;0;0;0.003340
direitos_titular;sabin.com.br;492;0;0;0;0.002487
direitos_titular;sabin.com.br;502;0;0;0;0.004701
direitos_titular;sabin.com.br;503;0;0;0;0.003351
direitos_titular;sabin.com.br;508;0;0;0;0.002487
direitos_titular;sabin.com.br;509;0;0;0;0.003288
direitos_titular;sabin.com.br;510;0;0;0;0.004056
direitos_titular;sabin.com.br;513;0;0;0;0.003367
direitos_titular;sabin.com.br;514;0;0;0;0.003640
direitos_titular;sabin.com.br;515;0;0;0;0.003430
direitos_titular;sabin.com.br;516;0;0;0;0.002249
direitos_titular;sabin.com.br;517;0;0;0;0.004233
direitos_titular;sabin.com.br;518;0;0;0;0.004947
direitos_titular;sabin.com.br;522;0;0;0;0.004156
direitos_titular;sabin.com.br;530;0;0;0;0.006344
direitos_titular;sabin.com.br;532;0;0;0;0.005135
direitos_titular;sabin.com.br;536;0;0;0;0.004599
direitos_titular;sabin.com.br;538;0;0;0;0.003655
direitos_titular;sabin.com.br;540;0;0;0;0.009426
direitos_titular;sabin.com.br;542;0;0;0;0.002646
direitos_titular;sabin.com.br;548;0;0;0;0.010853
direitos_titular;sabin.com.br;550;0;0;0;0.009497
direitos_titular;sabin.com.br;552;0;0;0;0.006072
direitos_titular;sabin.com.br;553;0;0;0;0.003966
direitos_titular;sabin.com.br;554;0;0;0;0.003776
direitos_titular;sabin.com.br;555;0;0;0;0.003776
direitos_titular;sabin.com.br;557;0;0;0;0.003810
direitos_titular;sabin.com.br;558;0;0;0;0.005434
direitos_titular;sabin.com.br;564;0;0;0;0.005145
direitos_titular;sabin.com.br;565;0;0;0;0.002856
direitos_titular;sabin.com.br;566;0;0;0;0.001960
direitos_titular;sabin.com.br;567;0;0;0;0.023801
direitos_titular;sabin.com.br;568;0;0;0;0.003468
direitos_titular;losango.com.br;1;0;0;0;0.004875
direitos_titular;losango.com.br;2;0;0;0;0.010072
direitos_titular;losango.com.br;3;0;0;0;0.004526
direitos_titular;losango.com.br;10;0;0;0;0.002016
direitos_titular;losango.com.br;11;0;0;0;0.002016
direitos_titular;losango.com.br;12;0;0;0;0.001805
direitos_titular;losango.com.br;14;0;0;0;0.005219
direitos_titular;losango.com.br;15;0;0;0;0.007231
direitos_titular;losango.com.br;19;0;0;0;0.004353
direitos_titular;losango.com.br;22;0;0;0;0.034543
direitos_titular;losango.com.br;23;0;0;0;0.013807
direitos_titular;losango.com.br;26;0;0;0;0.041827
direitos_titular;losango.com.br;27;0;0;0;0.008893
direitos_titular;losango.com.br;28;0;0;1;0.260966
direitos_titular;losango.com.br;29;0;1;0;0.112857
direitos_titular;losango.com.br;30;0;0;0;0.000813
direitos_titular;losango.com.br;31;0;0;0;0.024818
direitos_titular;losango.com.br;32;0;0;0;0.002730
direitos_titular;losango.com.br;33;0;0;0;0.001217
direitos_titular;losango.com.br;35;0;0;0;0.010847
direitos_titular;losango.com.br;36;0;0;0;0.004875
direitos_titular;losango.com.br;37;0;0;0;0.003419
direitos_titular;losango.com.br;44;0;0;0;0.003118
direitos_titular;losango.com.br;48;0;0;0;0.001254
direitos_titular;losango.com.br;49;0;0;0;0.000542
direitos_titular;losango.com.br;51;0;0;0;0.007046
direitos_titular;losango.com.br;52;0;0;0;0.003672
direitos_titular;losango.com.br;54;0;0;0;0.004875
direitos_titular;losango.com.br;55;0;0;0;0.003419
direitos_titular;losango.com.br;56;0;0;0;0.003657
direitos_titular;losango.com.br;58;0;0;0;0.003032
direitos_titular;losango.com.br;59;0;0;0;0.002672
direitos_titular;losango.com.br;60;0;0;0;0.003945
direitos_titular;losango.com.br;61;0;0;0;0.003542
direitos_titular;losango.com.br;63;0;0;0;0.007562
direitos_titular;losango.com.br;64;0;0;0;0.009722
direitos_titular;losango.com.br;65;0;0;0;0.005951
direitos_titular;losango.com.br;66;0;0;0;0.003900
direitos_titular;losango.com.br;67;0;0;0;0.005936
direitos_titular;losango.com.br;68;0;0;0;0.008097
direitos_titular;losango.com.br;69;0;0;0;0.006659
direitos_titular;losango.com.br;70;0;0;0;0.019064
direitos_titular;losango.com.br;71;0;0;0;0.007837
direitos_titular;losango.com.br;72;0;0;1;0.138072
direitos_titular;losango.com.br;73;0;0;0;0.020108
direitos_titular;losango.com.br;74;0;0;0;0.005641
direitos_titular;losango.com.br;75;0;0;0;0.006502
direitos_titular;losango.com.br;76;0;0;0;0.004306
direitos_titular;losango.com.br;77;0;0;0;0.004647
direitos_titular;losango.com.br;78;0;0;0;0.005874
direitos_titular;losango.com.br;79;0;0;0;0.023834
direitos_titular;losango.com.br;80;0;0;0;0.005031
direitos_titular;losango.com.br;81;0;0;0;0.006139
direitos_titular;losango.com.br;82;0;0;0;0.020821
direitos_titular;losango.com.br;88;0;0;0;0.008261
direitos_titular;losango.com.br;89;0;0;0;0.003562
direitos_titular;losango.com.br;95;0;0;0;0.004357
direitos_titular;losango.com.br;100;0;0;0;0.003381
direitos_titular;losango.com.br;101;0;0;0;0.006082
direitos_titular;losango.com.br;102;0;0;0;0.003617
direitos_titular;losango.com.br;103;0;0;0;0.003545
direitos_titular;losango.com.br;104;0;0;0;0.002129
direitos_titular;losango.com.br;105;0;0;0;0.007992
direitos_titular;losango.com.br;106;0;0;0;0.005274
direitos_titular;losango.com.br;110;0;0;0;0.003514
direitos_titular;losango.com.br;112;0;0;0;0.003195
direitos_titular;losango.com.br;114;0;0;0;0.006651
direitos_titular;losango.com.br;116;0;0;0;0.001047
direitos_titular;losango.com.br;117;0;0;0;0.002443
direitos_titular;losango.com.br;119;0;0;0;0.014578
direitos_titular;losango.com.br;121;0;0;0;0.008399
direitos_titular;losango.com.br;123;0;0;0;0.006268
direitos_titular;losango.com.br;125;0;0;0;0.002931
direitos_titular;losango.com.br;127;0;0;0;0.003446
direitos_titular;losango.com.br;129;0;0;0;0.009659
direitos_titular;losango.com.br;131;0;0;0;0.002061
direitos_titular;losango.com.br;133;0;0;0;0.005229
direitos_titular;losango.com.br;135;0;0;0;0.005443
direitos_titular;losango.com.br;137;0;0;0;0.003890
direitos_titular;losango.com.br;138;0;0;0;0.009615
direitos_titular;losango.com.br;140;0;0;0;0.003041
direitos_titular;losango.com.br;142;0;0;0;0.004771
direitos_titular;losango.com.br;144;0;0;0;0.006310
direitos_titular;losango.com.br;146;0;0;0;0.003771
direitos_titular;losango.com.br;148;0;0;0;0.012713
direitos_titular;losango.com.br;150;0;0;0;0.007067
direitos_titular;losango.com.br;152;0;0;0;0.045019
direitos_titular;losango.com.br;153;0;0;0;0.003977
direitos_titular;losango.com.br;154;0;0;0;0.004487
direitos_titular;losango.com.br;155;0;0;0;0.008076
direitos_titular;losango.com.br;156;0;0;0;0.010372
direitos_titular;losango.com.br;160;0;0;0;0.009859
direitos_titular;losango.com.br;161;0;0;0;0.004678
direitos_titular;losango.com.br;163;0;0;0;0.003333
direitos_titular;losango.com.br;164;0;0;0;0.032421
direitos_titular;losango.com.br;165;0;0;0;0.006654
direitos_titular;losango.com.br;167;0;0;0;0.002383
direitos_titular;losango.com.br;169;0;0;0;0.005578
direitos_titular;losango.com.br;171;0;0;0;0.004597
direitos_titular;losango.com.br;173;0;0;0;0.003625
direitos_titular;losango.com.br;175;0;0;0;0.010604
direitos_titular;losango.com.br;177;0;0;0;0.002391
direitos_titular;losango.com.br;179;0;0;0;0.009920
direitos_titular;losango.com.br;181;0;0;0;0.005829
direitos_titular;losango.com.br;183;0;0;0;0.003640
direitos_titular;losango.com.br;185;0;0;0;0.003873
direitos_titular;losango.com.br;189;0;0;0;0.006023
direitos_titular;losango.com.br;193;0;0;0;0.004868
direitos_titular;losango.com.br;195;0;0;0;0.004251
direitos_titular;losango.com.br;197;0;0;0;0.006957
direitos_titular;losango.com.br;199;0;0;0;0.012104
direitos_titular;losango.com.br;201;0;0;0;0.009121
direitos_titular;losango.com.br;203;0;0;0;0.004984
direitos_titular;losango.com.br;204;0;0;0;0.003758
direitos_titular;losango.com.br;310;0;0;0;0.003593
direitos_titular;losango.com.br;311;0;0;0;0.016109
direitos_titular;losango.com.br;312;0;0;0;0.001750
direitos_titular;losango.com.br;313;0;0;1;0.169328
direitos_titular;losango.com.br;314;0;0;0;0.002840
direitos_titular;losango.com.br;315;0;0;0;0.002622
direitos_titular;losango.com.br;316;0;0;0;0.006605
direitos_titular;losango.com.br;317;0;0;0;0.007778
direitos_titular;losango.com.br;318;0;0;0;0.033893
direitos_titular;losango.com.br;319;0;0;0;0.035781
direitos_titular;losango.com.br;320;0;0;0;0.004854
direitos_titular;losango.com.br;321;0;0;0;0.008964
direitos_titular;losango.com.br;322;0;0;0;0.004270
direitos_titular;losango.com.br;323;0;0;0;0.117935
direitos_titular;losango.com.br;324;0;0;0;0.005080
direitos_titular;losango.com.br;325;0;0;0;0.025545
direitos_titular;losango.com.br;326;0;1;0;0.042890
direitos_titular;losango.com.br;327;0;0;0;0.006716
direitos_titular;losango.com.br;328;0;0;0;0.033594
direitos_titular;losango.com.br;329;0;0;0;0.000955
direitos_titular;redesurftank.com.br;3;0;0;0;0.004797
direitos_titular;redesurftank.com.br;4;0;0;0;0.003725
direitos_titular;redesurftank.com.br;13;0;0;0;0.016665
direitos_titular;redesurftank.com.br;14;0;0;0;0.002563
direitos_titular;redesurftank.com.br;20;0;0;0;0.005702
direitos_titular;redesurftank.com.br;21;0;0;0;0.004158
direitos_titular;redesurftank.com.br;22;0;0;0;0.006562
direitos_titular;redesurftank.com.br;25;0;0;0;0.040003
direitos_titular;redesurftank.com.br;26;0;0;0;0.002812
direitos_titular;redesurftank.com.br;27;0;0;0;0.001574
direitos_titular;redesurftank.com.br;29;0;0;0;0.000711
direitos_titular;redesurftank.com.br;30;0;0;0;0.003855
direitos_titular;redesurftank.com.br;34;0;0;0;0.032466
direitos_titular;redesurftank.com.br;35;0;0;0;0.007674
direitos_titular;redesurftank.com.br;36;0;0;0;0.022459
direitos_titular;redesurftank.com.br;38;0;0;0;0.009490
direitos_titular;redesurftank.com.br;39;0;0;0;0.008986
direitos_titular;redesurftank.com.br;40;0;0;0;0.009930
direitos_titular;redesurftank.com.br;41;0;0;0;0.007078
direitos_titular;redesurftank.com.br;42;0;0;0;0.012693
direitos_titular;redesurftank.com.br;43;0;0;0;0.002474
direitos_titular;redesurftank.com.br;44;0;0;0;0.002316
direitos_titular;redesurftank.com.br;45;0;0;0;0.004697
direitos_titular;redesurftank.com.br;46;0;0;0;0.002941
direitos_titular;redesurftank.com.br;47;0;0;0;0.008281
direitos_titular;redesurftank.com.br;48;0;0;0;0.002897
direitos_titular;redesurftank.com.br;49;0;0;0;0.002547
direitos_titular;redesurftank.com.br;50;0;0;0;0.005263
direitos_titular;redesurftank.com.br;51;0;0;0;0.004822
direitos_titular;redesurftank.com.br;52;0;0;0;0.002638
direitos_titular;redesurftank.com.br;53;0;0;0;0.006110
direitos_titular;redesurftank.com.br;54;0;0;0;0.002998
direitos_titular;redesurftank.com.br;55;0;0;0;0.003595
direitos_titular;redesurftank.com.br;57;0;0;0;0.017852
direitos_titular;redesurftank.com.br;62;0;0;0;0.008009
direitos_titular;redesurftank.com.br;63;0;0;0;0.003632
direitos_titular;redesurftank.com.br;65;0;0;0;0.003976
direitos_titular;redesurftank.com.br;66;0;0;0;0.016480
direitos_titular;redesurftank.com.br;68;0;0;0;0.006099
direitos_titular;redesurftank.com.br;71;0;0;0;0.002899
direitos_titular;redesurftank.com.br;72;0;0;0;0.005179
direitos_titular;redesurftank.com.br;74;0;0;0;0.003992
direitos_titular;redesurftank.com.br;76;0;0;0;0.003870
direitos_titular;redesurftank.com.br;77;0;0;0;0.021115
direitos_titular;redesurftank.com.br;78;0;0;0;0.049459
direitos_titular;redesurftank.com.br;80;0;0;0;0.017154
direitos_titular;redesurftank.com.br;81;0;0;0;0.003685
direitos_titular;redesurftank.com.br;82;0;0;0;0.008093
direitos_titular;redesurftank.com.br;83;0;0;0;0.015400
direitos_titular;redesurftank.com.br;84;0;0;0;0.004588
direitos_titular;redesurftank.com.br;85;0;0;0;0.002359
direitos_titular;redesurftank.com.br;86;0;0;0;0.005824
direitos_titular;redesurftank.com.br;87;0;0;0;0.001840
direitos_titular;redesurftank.com.br;88;0;0;0;0.002343
direitos_titular;redesurftank.com.br;89;0;0;0;0.003417
direitos_titular;redesurftank.com.br;90;0;0;0;0.004509
direitos_titular;redesurftank.com.br;91;0;0;0;0.007125
direitos_titular;redesurftank.com.br;92;0;0;0;0.038513
direitos_titular;redesurftank.com.br;94;0;0;0;0.012494
direitos_titular;redesurftank.com.br;95;0;0;0;0.004581
direitos_titular;redesurftank.com.br;96;0;0;0;0.003455
direitos_titular;redesurftank.com.br;97;0;0;0;0.021396
direitos_titular;redesurftank.com.br;98;0;0;0;0.002744
direitos_titular;redesurftank.com.br;99;0;0;0;0.002659
direitos_titular;redesurftank.com.br;100;0;0;0;0.004212
direitos_titular;redesurftank.com.br;101;0;0;0;0.018679
direitos_titular;redesurftank.com.br;104;0;0;0;0.009810
direitos_titular;redesurftank.com.br;105;0;0;0;0.010106
direitos_titular;redesurftank.com.br;106;0;0;0;0.002257
direitos_titular;redesurftank.com.br;107;0;0;0;0.017064
direitos_titular;redesurftank.com.br;108;0;0;1;0.456608
direitos_titular;redesurftank.com.br;109;0;0;0;0.003818
direitos_titular;redesurftank.com.br;112;0;0;1;0.372181
direitos_titular;redesurftank.com.br;113;1;1;1;0.558302
direitos_titular;redesurftank.com.br;114;1;1;1;0.232523
direitos_titular;redesurftank.com.br;115;1;0;1;0.864279
direitos_titular;redesurftank.com.br;116;1;1;1;0.411114
direitos_titular;redesurftank.com.br;117;1;1;1;0.817337
direitos_titular;redesurftank.com.br;118;1;1;1;0.544229
direitos_titular;redesurftank.com.br;119;1;1;0;0.016486
direitos_titular;redesurftank.com.br;120;1;1;1;0.591927
direitos_titular;redesurftank.com.br;121;0;0;0;0.022201
direitos_titular;redesurftank.com.br;124;0;0;0;0.009556
direitos_titular;redesurftank.com.br;125;0;0;0;0.004463
direitos_titular;redesurftank.com.br;126;0;0;0;0.002658
direitos_titular;redesurftank.com.br;127;0;0;0;0.002924
direitos_titular;redesurftank.com.br;128;0;0;0;0.003418
direitos_titular;redesurftank.com.br;129;0;1;0;0.005891
direitos_titular;redesurftank.com.br;130;0;0;0;0.003069
direitos_titular;redesurftank.com.br;132;0;0;0;0.002403
direitos_titular;redesurftank.com.br;133;0;0;0;0.001846
direitos_titular;redesurftank.com.br;134;0;0;0;0.002689
direitos_titular;redesurftank.com.br;135;0;0;0;0.002928
direitos_titular;redesurftank.com.br;136;0;0;0;0.004561
direitos_titular;redesurftank.com.br;137;0;0;0;0.007504
direitos_titular;redesurftank.com.br;138;0;0;0;0.007026
direitos_titular;redesurftank.com.br;139;0;0;0;0.009077
direitos_titular;redesurftank.com.br;140;0;0;0;0.002989
direitos_titular;redesurftank.com.br;141;0;0;0;0.003659
direitos_titular;redesurftank.com.br;142;0;0;0;0.001973
direitos_titular;redesurftank.com.br;143;0;0;0;0.089391
direitos_titular;redesurftank.com.br;144;0;0;0;0.004918
direitos_titular;redesurftank.com.br;145;0;0;0;0.002442
direitos_titular;redesurftank.com.br;146;0;0;0;0.055303
direitos_titular;redesurftank.com.br;148;0;0;0;0.008898
direitos_titular;redesurftank.com.br;149;0;0;0;0.013527
direitos_titular;redesurftank.com.br;151;0;0;0;0.003653
direitos_titular;redesurftank.com.br;152;0;0;0;0.003396
direitos_titular;redesurftank.com.br;153;0;0;0;0.002905
direitos_titular;redesurftank.com.br;154;0;0;0;0.002678
direitos_titular;redesurftank.com.br;156;0;0;0;0.005134
direitos_titular;redesurftank.com.br;157;0;0;0;0.003860
direitos_titular;redesurftank.com.br;159;0;0;0;0.002968
direitos_titular;redesurftank.com.br;160;0;0;0;0.005839
direitos_titular;redesurftank.com.br;161;0;0;0;0.001922
direitos_titular;redesurftank.com.br;162;0;0;0;0.002941
direitos_titular;redesurftank.com.br;165;0;0;0;0.000847
direitos_titular;redesurftank.com.br;166;0;0;0;0.016483
direitos_titular;redesurftank.com.br;167;0;0;0;0.006355
direitos_titular;redesurftank.com.br;168;0;0;0;0.018226
direitos_titular;redesurftank.com.br;175;0;0;0;0.002835
direitos_titular;redesurftank.com.br;176;0;0;0;0.007800
direitos_titular;redesurftank.com.br;185;0;0;0;0.004147
direitos_titular;redesurftank.com.br;186;0;0;0;0.004508
direitos_titular;redesurftank.com.br;187;0;0;0;0.001577
direitos_titular;redesurftank.com.br;188;0;0;0;0.002726
direitos_titular;redesurftank.com.br;189;0;0;0;0.003200
direitos_titular;redesurftank.com.br;190;0;0;0;0.010541
direitos_titular;redesurftank.com.br;192;0;0;0;0.006755
direitos_titular;redesurftank.com.br;193;0;0;0;0.010248
direitos_titular;redesurftank.com.br;198;0;0;0;0.004263
direitos_titular;redesurftank.com.br;242;0;0;0;0.001230
direitos_titular;redesurftank.com.br;243;0;0;0;0.008566
direitos_titular;redesurftank.com.br;247;0;0;0;0.003875
direitos_titular;redesurftank.com.br;249;0;0;0;0.009307
direitos_titular;redesurftank.com.br;251;0;0;0;0.004935
direitos_titular;redesurftank.com.br;253;0;0;0;0.005723
direitos_titular;redesurftank.com.br;255;0;0;0;0.003493
direitos_titular;redesurftank.com.br;257;0;0;0;0.004221
direitos_titular;redesurftank.com.br;259;0;0;0;0.004416
direitos_titular;redesurftank.com.br;260;0;0;0;0.004305
direitos_titular;redesurftank.com.br;262;0;0;0;0.013072
direitos_titular;redesurftank.com.br;263;0;0;0;0.003194
direitos_titular;redesurftank.com.br;264;0;0;0;0.005598
direitos_titular;redesurftank.com.br;266;0;0;0;0.003005
direitos_titular;redesurftank.com.br;267;0;0;0;0.004125
direitos_titular;redesurftank.com.br;268;0;0;0;0.003920
direitos_titular;redesurftank.com.br;269;0;0;0;0.002109
direitos_titular;redesurftank.com.br;270;0;0;0;0.003431
direitos_titular;redesurftank.com.br;271;0;0;0;0.006580
direitos_titular;redesurftank.com.br;272;0;0;0;0.001365
direitos_titular;redesurftank.com.br;273;0;0;0;0.003024
direitos_titular;redesurftank.com.br;274;0;0;0;0.001919
direitos_titular;redesurftank.com.br;275;0;0;0;0.002480
direitos_titular;redesurftank.com.br;276;0;0;0;0.004442
direitos_titular;redesurftank.com.br;277;0;0;0;0.013101
direitos_titular;redesurftank.com.br;278;0;0;0;0.002402
direitos_titular;redesurftank.com.br;279;0;0;0;0.004521
direitos_titular;redesurftank.com.br;280;0;0;0;0.010302
direitos_titular;redesurftank.com.br;281;0;0;0;0.005092
direitos_titular;redesurftank.com.br;282;0;0;0;0.002932
direitos_titular;redesurftank.com.br;283;0;0;0;0.001840
direitos_titular;redesurftank.com.br;284;0;0;0;0.008753
direitos_titular;redesurftank.com.br;285;0;0;0;0.003674
direitos_titular;redesurftank.com.br;286;0;0;0;0.005972
direitos_titular;redesurftank.com.br;287;0;0;0;0.023430
direitos_titular;redesurftank.com.br;288;0;0;0;0.008950
direitos_titular;redesurftank.com.br;289;0;0;0;0.012186
direitos_titular;redesurftank.com.br;290;0;0;0;0.003682
direitos_titular;redesurftank.com.br;291;0;0;0;0.007952
direitos_titular;redesurftank.com.br;292;0;0;0;0.001143
direitos_titular;redesurftank.com.br;293;0;0;0;0.007641
direitos_titular;redesurftank.com.br;294;0;0;0;0.006314
direitos_titular;redesurftank.com.br;295;0;0;0;0.005600
direitos_titular;redesurftank.com.br;296;0;0;0;0.002619
direitos_titular;redesurftank.com.br;297;0;0;0;0.010681
direitos_titular;redesurftank.com.br;299;0;0;0;0.004188
direitos_titular;redesurftank.com.br;300;0;0;0;0.002410
direitos_titular;redesurftank.com.br;301;0;0;0;0.003285
direitos_titular;redesurftank.com.br;302;0;0;0;0.002668
direitos_titular;redesurftank.com.br;303;0;0;0;0.003435
direitos_titular;redesurftank.com.br;304;0;0;0;0.005880
direitos_titular;redesurftank.com.br;305;0;0;0;0.004876
direitos_titular;redesurftank.com.br;306;0;0;0;0.006087
direitos_titular;redesurftank.com.br;307;0;0;0;0.005963
direitos_titular;redesurftank.com.br;308;0;0;0;0.003702
direitos_titular;redesurftank.com.br;309;0;0;0;0.004254
direitos_titular;redesurftank.com.br;310;0;0;0;0.009152
direitos_titular;redesurftank.com.br;311;0;0;0;0.004429
direitos_titular;redesurftank.com.br;312;0;0;0;0.005307
direitos_titular;redesurftank.com.br;313;0;0;0;0.007430
direitos_titular;redesurftank.com.br;314;0;0;0;0.004369
direitos_titular;redesurftank.com.br;315;0;0;0;0.003708
direitos_titular;redesurftank.com.br;317;0;0;0;0.006576
direitos_titular;redesurftank.com.br;318;0;0;0;0.005598
direitos_titular;redesurftank.com.br;319;0;0;0;0.002156
direitos_titular;redesurftank.com.br;320;0;0;0;0.003462
direitos_titular;redesurftank.com.br;321;0;0;0;0.003250
direitos_titular;redesurftank.com.br;322;0;0;0;0.003940
direitos_titular;redesurftank.com.br;323;0;0;0;0.014212
direitos_titular;redesurftank.com.br;324;0;0;0;0.002838
direitos_titular;redesurftank.com.br;325;0;0;0;0.019440
direitos_titular;redesurftank.com.br;326;0;0;0;0.011729
direitos_titular;redesurftank.com.br;327;0;0;0;0.002336
direitos_titular;redesurftank.com.br;328;0;0;0;0.017832
direitos_titular;redesurftank.com.br;329;0;0;0;0.007505
direitos_titular;redesurftank.com.br;330;0;0;0;0.006349
direitos_titular;redesurftank.com.br;332;0;0;0;0.003426
direitos_titular;redesurftank.com.br;333;0;0;0;0.003727
direitos_titular;redesurftank.com.br;334;0;0;0;0.002767
direitos_titular;redesurftank.com.br;335;0;0;0;0.002084
direitos_titular;redesurftank.com.br;339;0;0;0;0.006104
direitos_titular;redesurftank.com.br;340;0;0;0;0.003458
direitos_titular;redesurftank.com.br;341;0;0;0;0.009808
direitos_titular;redesurftank.com.br;342;0;0;0;0.011583
direitos_titular;redesurftank.com.br;343;0;0;0;0.010125
direitos_titular;redesurftank.com.br;344;0;0;0;0.005311
direitos_titular;redesurftank.com.br;345;0;0;0;0.004107
direitos_titular;redesurftank.com.br;346;0;0;0;0.013365
direitos_titular;redesurftank.com.br;347;0;0;0;0.002982
direitos_titular;redesurftank.com.br;348;0;0;0;0.005855
direitos_titular;redesurftank.com.br;351;0;0;0;0.005097
direitos_titular;redesurftank.com.br;352;0;0;0;0.003460
direitos_titular;redesurftank.com.br;353;0;0;0;0.002505
direitos_titular;redesurftank.com.br;354;0;0;0;0.002842
direitos_titular;redesurftank.com.br;355;0;0;0;0.003361
direitos_titular;redesurftank.com.br;356;0;0;0;0.004907
direitos_titular;redesurftank.com.br;357;0;0;0;0.017655
direitos_titular;redesurftank.com.br;358;0;0;0;0.003798
direitos_titular;redesurftank.com.br;359;0;0;0;0.006869
direitos_titular;redesurftank.com.br;360;0;0;0;0.005932
direitos_titular;redesurftank.com.br;361;0;0;0;0.008581
direitos_titular;redesurftank.com.br;362;0;0;0;0.004477
direitos_titular;redesurftank.com.br;363;0;0;0;0.006974
direitos_titular;redesurftank.com.br;364;0;0;0;0.008947
direitos_titular;redesurftank.com.br;365;0;0;0;0.017150
direitos_titular;redesurftank.com.br;366;0;0;0;0.002785
direitos_titular;redesurftank.com.br;367;0;0;0;0.002905
direitos_titular;redesurftank.com.br;368;0;0;0;0.002797
direitos_titular;redesurftank.com.br;369;0;0;0;0.012642
direitos_titular;redesurftank.com.br;370;0;0;0;0.004900
direitos_titular;redesurftank.com.br;371;0;0;0;0.007473
direitos_titular;redesurftank.com.br;372;0;0;0;0.007675
direitos_titular;redesurftank.com.br;373;0;0;0;0.003124
direitos_titular;redesurftank.com.br;375;0;0;0;0.005198
direitos_titular;redesurftank.com.br;378;0;0;0;0.001527
direitos_titular;redesurftank.com.br;380;0;0;0;0.005097
direitos_titular;redesurftank.com.br;381;0;0;0;0.002990
direitos_titular;redesurftank.com.br;383;0;0;0;0.003972
direitos_titular;redesurftank.com.br;384;0;0;0;0.003322
direitos_titular;redesurftank.com.br;386;0;0;0;0.005487
direitos_titular;redesurftank.com.br;387;0;0;0;0.002131
direitos_titular;redesurftank.com.br;389;0;0;0;0.002148
direitos_titular;redesurftank.com.br;390;0;0;0;0.003448
direitos_titular;redesurftank.com.br;391;0;0;0;0.011868
direitos_titular;redesurftank.com.br;392;0;0;0;0.026298
direitos_titular;redesurftank.com.br;393;0;0;0;0.002148
direitos_titular;redesurftank.com.br;394;0;0;0;0.007834
direitos_titular;redesurftank.com.br;395;0;0;0;0.003104
direitos_titular;redesurftank.com.br;396;0;0;0;0.002234
direitos_titular;redesurftank.com.br;397;0;0;0;0.005026
direitos_titular;redesurftank.com.br;398;0;0;0;0.006667
direitos_titular;redesurftank.com.br;399;0;0;0;0.002710
direitos_titular;redesurftank.com.br;400;0;0;0;0.010369
direitos_titular;redesurftank.com.br;401;0;0;0;0.003441
direitos_titular;redesurftank.com.br;402;0;0;0;0.007828
direitos_titular;redesurftank.com.br;403;0;0;0;0.003420
direitos_titular;redesurftank.com.br;405;0;0;0;0.010238
direitos_titular;redesurftank.com.br;406;0;0;0;0.006245
direitos_titular;redesurftank.com.br;407;0;0;0;0.001870
direitos_titular;redesurftank.com.br;408;0;0;0;0.004751
direitos_titular;redesurftank.com.br;409;0;0;0;0.003797
direitos_titular;redesurftank.com.br;410;0;0;0;0.003677
direitos_titular;redesurftank.com.br;411;0;0;0;0.004083
direitos_titular;redesurftank.com.br;412;0;0;0;0.004011
direitos_titular;redesurftank.com.br;413;0;0;0;0.010342
direitos_titular;redesurftank.com.br;414;0;0;0;0.002219
direitos_titular;redesurftank.com.br;415;0;0;0;0.011558
direitos_titular;redesurftank.com.br;417;0;0;0;0.003531
direitos_titular;redesurftank.com.br;418;0;0;0;0.004895
direitos_titular;redesurftank.com.br;419;0;0;0;0.002912
direitos_titular;redesurftank.com.br;422;0;0;0;0.004043
direitos_titular;redesurftank.com.br;423;0;0;0;0.002642
direitos_titular;redesurftank.com.br;426;0;0;0;0.003901
direitos_titular;redesurftank.com.br;428;0;0;0;0.002078
direitos_titular;redesurftank.com.br;429;0;0;0;0.002924
direitos_titular;redesurftank.com.br;430;0;0;0;0.003636
direitos_titular;redesurftank.com.br;431;0;0;0;0.004000
direitos_titular;redesurftank.com.br;433;0;0;0;0.004067
direitos_titular;redesurftank.com.br;434;0;0;0;0.004843
direitos_titular;redesurftank.com.br;435;0;0;0;0.003360
direitos_titular;redesurftank.com.br;436;0;0;0;0.005518
direitos_titular;redesurftank.com.br;438;0;0;0;0.005543
direitos_titular;redesurftank.com.br;439;0;0;1;0.134579
direitos_titular;redesurftank.com.br;440;0;0;0;0.002164
direitos_titular;redesurftank.com.br;441;0;0;0;0.002877
direitos_titular;redesurftank.com.br;443;0;0;0;0.003701
direitos_titular;redesurftank.com.br;444;0;0;0;0.002392
direitos_titular;redesurftank.com.br;445;0;0;0;0.010484
direitos_titular;redesurftank.com.br;448;0;0;0;0.003448
direitos_titular;redesurftank.com.br;449;0;0;0;0.003789
direitos_titular;redesurftank.com.br;451;0;0;0;0.047098
direitos_titular;redesurftank.com.br;452;0;0;0;0.003733
direitos_titular;redesurftank.com.br;453;0;0;0;0.004445
direitos_titular;redesurftank.com.br;454;0;0;0;0.004558
direitos_titular;redesurftank.com.br;455;0;0;0;0.003819
direitos_titular;redesurftank.com.br;456;0;0;0;0.004363
direitos_titular;redesurftank.com.br;457;0;0;0;0.004302
direitos_titular;redesurftank.com.br;460;0;0;0;0.002074
direitos_titular;cenprotnacional.org.br;0;0;0;0;0.001803
direitos_titular;cenprotnacional.org.br;1;0;0;0;0.007809
direitos_titular;cenprotnacional.org.br;4;0;0;0;0.003511
direitos_titular;cenprotnacional.org.br;6;0;0;0;0.010130
direitos_titular;cenprotnacional.org.br;8;0;0;0;0.013901
direitos_titular;cenprotnacional.org.br;10;0;0;0;0.002264
direitos_titular;cenprotnacional.org.br;12;0;0;0;0.006167
direitos_titular;cenprotnacional.org.br;13;0;0;0;0.005172
direitos_titular;cenprotnacional.org.br;14;0;0;0;0.004946
direitos_titular;cenprotnacional.org.br;17;0;0;1;0.106963
direitos_titular;cenprotnacional.org.br;19;0;0;0;0.002143
direitos_titular;cenprotnacional.org.br;20;0;0;0;0.018708
direitos_titular;cenprotnacional.org.br;21;0;0;0;0.035814
direitos_titular;cenprotnacional.org.br;23;0;0;0;0.003465
direitos_titular;cenprotnacional.org.br;24;0;0;0;0.011109
direitos_titular;cenprotnacional.org.br;26;0;0;0;0.002294
direitos_titular;cenprotnacional.org.br;28;0;0;0;0.001489
direitos_titular;cenprotnacional.org.br;29;0;0;0;0.003529
direitos_titular;cenprotnacional.org.br;30;0;0;0;0.002755
direitos_titular;cenprotnacional.org.br;31;0;0;0;0.005738
direitos_titular;cenprotnacional.org.br;32;0;0;0;0.003294
direitos_titular;cenprotnacional.org.br;33;0;0;0;0.003791
direitos_titular;cenprotnacional.org.br;34;0;0;0;0.001941
direitos_titular;cenprotnacional.org.br;35;0;0;0;0.005286
direitos_titular;cenprotnacional.org.br;36;0;1;0;0.004259
direitos_titular;cenprotnacional.org.br;37;0;0;0;0.001301
direitos_titular;cenprotnacional.org.br;38;0;0;0;0.003831
direitos_titular;cenprotnacional.org.br;39;0;0;0;0.001617
direitos_titular;cenprotnacional.org.br;40;0;0;0;0.013296
direitos_titular;cenprotnacional.org.br;41;0;0;0;0.010304
direitos_titular;cenprotnacional.org.br;43;0;0;0;0.039426
direitos_titular;cenprotnacional.org.br;45;0;0;0;0.007579
direitos_titular;cenprotnacional.org.br;47;0;0;0;0.001092
direitos_titular;cenprotnacional.org.br;48;0;0;0;0.008316
direitos_titular;cenprotnacional.org.br;49;0;0;0;0.005020
direitos_titular;cenprotnacional.org.br;50;0;0;0;0.002135
direitos_titular;cenprotnacional.org.br;51;0;0;0;0.002993
direitos_titular;cenprotnacional.org.br;52;0;1;0;0.002124
direitos_titular;cenprotnacional.org.br;53;0;0;0;0.003298
direitos_titular;cenprotnacional.org.br;55;0;0;0;0.024790
direitos_titular;cenprotnacional.org.br;56;0;0;0;0.002751
direitos_titular;cenprotnacional.org.br;57;0;1;0;0.007094
direitos_titular;cenprotnacional.org.br;59;0;0;0;0.010890
direitos_titular;cenprotnacional.org.br;60;0;0;0;0.005479
direitos_titular;cenprotnacional.org.br;62;0;0;0;0.008520
direitos_titular;cenprotnacional.org.br;64;0;0;0;0.018991
direitos_titular;cenprotnacional.org.br;65;0;0;0;0.002269
direitos_titular;cenprotnacional.org.br;66;0;0;0;0.001245
direitos_titular;cenprotnacional.org.br;67;0;0;0;0.011664
direitos_titular;cenprotnacional.org.br;71;0;0;0;0.006948
direitos_titular;cenprotnacional.org.br;72;0;0;0;0.002288
direitos_titular;cenprotnacional.org.br;73;0;0;0;0.001371
direitos_titular;cenprotnacional.org.br;75;0;0;0;0.002804
direitos_titular;cenprotnacional.org.br;76;0;0;0;0.011695
direitos_titular;cenprotnacional.org.br;77;0;0;0;0.007548
direitos_titular;cenprotnacional.org.br;79;0;0;0;0.005991
direitos_titular;cenprotnacional.org.br;84;0;0;0;0.002357
direitos_titular;cenprotnacional.org.br;86;0;0;0;0.001451
direitos_titular;cenprotnacional.org.br;88;0;0;0;0.001532
direitos_titular;cenprotnacional.org.br;89;0;0;0;0.001116
direitos_titular;cenprotnacional.org.br;90;0;0;0;0.001980
direitos_titular;cenprotnacional.org.br;91;0;0;0;0.007121
direitos_titular;cenprotnacional.org.br;92;0;0;0;0.001426
direitos_titular;cenprotnacional.org.br;93;0;0;0;0.001457
direitos_titular;cenprotnacional.org.br;94;0;0;0;0.002663
direitos_titular;cenprotnacional.org.br;95;0;0;0;0.001698
direitos_titular;cenprotnacional.org.br;96;0;0;0;0.009622
direitos_titular;cenprotnacional.org.br;97;0;0;0;0.001754
direitos_titular;cenprotnacional.org.br;98;0;0;0;0.002397
direitos_titular;cenprotnacional.org.br;99;0;0;0;0.005940
direitos_titular;cenprotnacional.org.br;100;0;0;0;0.006018
direitos_titular;cenprotnacional.org.br;102;0;0;0;0.019092
direitos_titular;cenprotnacional.org.br;104;0;0;0;0.053452
direitos_titular;cenprotnacional.org.br;106;0;1;0;0.012320
direitos_titular;cenprotnacional.org.br;108;0;0;0;0.009172
direitos_titular;cenprotnacional.org.br;109;1;0;1;0.166060
direitos_titular;cenprotnacional.org.br;110;1;0;0;0.012139
direitos_titular;cenprotnacional.org.br;111;1;0;0;0.004669
direitos_titular;cenprotnacional.org.br;112;1;1;0;0.099230
direitos_titular;cenprotnacional.org.br;113;1;0;0;0.001177
direitos_titular;cenprotnacional.org.br;114;1;1;1;0.876425
direitos_titular;cenprotnacional.org.br;115;1;1;0;0.098097
direitos_titular;cenprotnacional.org.br;116;1;1;1;0.825268
direitos_titular;cenprotnacional.org.br;117;0;1;0;0.012990
direitos_titular;cenprotnacional.org.br;118;0;0;0;0.015950
direitos_titular;cenprotnacional.org.br;119;1;1;0;0.055565
direitos_titular;cenprotnacional.org.br;120;1;0;1;0.430799
direitos_titular;cenprotnacional.org.br;123;1;1;1;0.217655
direitos_titular;cenprotnacional.org.br;124;1;0;1;0.141697
direitos_titular;cenprotnacional.org.br;125;0;0;0;0.013781
direitos_titular;cenprotnacional.org.br;126;0;0;1;0.130143
direitos_titular;cenprotnacional.org.br;127;0;0;0;0.011296
direitos_titular;cenprotnacional.org.br;128;0;1;0;0.021671
direitos_titular;cenprotnacional.org.br;129;0;0;0;0.017688
direitos_titular;cenprotnacional.org.br;130;1;1;1;0.819418
direitos_titular;cenprotnacional.org.br;131;1;0;1;0.133092
direitos_titular;cenprotnacional.org.br;132;1;1;1;0.361085
direitos_titular;cenprotnacional.org.br;133;0;0;0;0.054210
direitos_titular;cenprotnacional.org.br;134;1;1;1;0.688721
direitos_titular;cenprotnacional.org.br;136;0;0;0;0.002291
direitos_titular;cenprotnacional.org.br;137;0;0;0;0.016456
direitos_titular;cenprotnacional.org.br;138;0;0;0;0.003925
direitos_titular;cenprotnacional.org.br;140;0;0;0;0.006791
direitos_titular;cenprotnacional.org.br;142;0;0;0;0.001720
direitos_titular;cenprotnacional.org.br;144;0;0;0;0.011625
direitos_titular;cenprotnacional.org.br;146;0;0;0;0.001459
direitos_titular;cenprotnacional.org.br;147;0;0;0;0.002226
direitos_titular;cenprotnacional.org.br;148;0;0;0;0.005570
direitos_titular;cenprotnacional.org.br;150;0;0;0;0.001339
direitos_titular;cenprotnacional.org.br;151;0;0;0;0.004180
direitos_titular;cenprotnacional.org.br;152;0;0;0;0.003415
direitos_titular;atakarejo.com.br;2;0;0;0;0.000722
direitos_titular;atakarejo.com.br;8;0;0;0;0.004433
direitos_titular;atakarejo.com.br;12;0;0;0;0.003169
direitos_titular;atakarejo.com.br;34;0;0;0;0.000722
direitos_titular;atakarejo.com.br;36;0;0;0;0.003576
direitos_titular;atakarejo.com.br;37;0;0;0;0.007013
direitos_titular;atakarejo.com.br;38;0;0;0;0.012840
direitos_titular;atakarejo.com.br;39;0;0;0;0.003456
direitos_titular;atakarejo.com.br;40;0;0;0;0.014424
direitos_titular;atakarejo.com.br;41;0;0;0;0.002155
direitos_titular;atakarejo.com.br;42;0;0;0;0.106438
direitos_titular;atakarejo.com.br;43;0;0;0;0.011360
direitos_titular;atakarejo.com.br;44;0;0;0;0.000988
direitos_titular;atakarejo.com.br;45;0;0;0;0.002291
direitos_titular;atakarejo.com.br;46;0;0;0;0.006456
direitos_titular;atakarejo.com.br;47;0;0;0;0.037366
direitos_titular;atakarejo.com.br;48;0;0;0;0.002257
direitos_titular;atakarejo.com.br;49;0;0;0;0.004490
direitos_titular;atakarejo.com.br;51;0;0;0;0.006209
direitos_titular;atakarejo.com.br;52;0;0;0;0.011100
direitos_titular;atakarejo.com.br;53;0;0;0;0.003030
direitos_titular;atakarejo.com.br;54;0;0;0;0.017358
direitos_titular;atakarejo.com.br;55;0;0;0;0.003400
direitos_titular;atakarejo.com.br;56;0;0;0;0.014319
direitos_titular;atakarejo.com.br;57;0;0;0;0.017715
direitos_titular;atakarejo.com.br;58;0;0;0;0.011644
direitos_titular;atakarejo.com.br;59;0;0;0;0.004089
direitos_titular;atakarejo.com.br;60;0;0;0;0.084985
direitos_titular;atakarejo.com.br;61;0;0;0;0.007900
direitos_titular;atakarejo.com.br;62;0;0;0;0.001332
direitos_titular;atakarejo.com.br;63;0;0;0;0.002016
direitos_titular;atakarejo.com.br;64;0;0;0;0.009010
direitos_titular;atakarejo.com.br;65;0;0;0;0.001865
direitos_titular;atakarejo.com.br;66;0;0;0;0.011801
direitos_titular;atakarejo.com.br;67;0;0;0;0.002917
direitos_titular;atakarejo.com.br;68;0;0;0;0.026536
direitos_titular;atakarejo.com.br;69;0;0;0;0.007503
direitos_titular;atakarejo.com.br;70;0;0;0;0.008004
direitos_titular;atakarejo.com.br;71;0;0;0;0.005529
direitos_titular;atakarejo.com.br;72;0;0;0;0.005233
direitos_titular;atakarejo.com.br;73;0;0;0;0.012142
direitos_titular;atakarejo.com.br;74;0;0;0;0.083113
direitos_titular;atakarejo.com.br;75;0;0;0;0.041426
direitos_titular;atakarejo.com.br;76;0;0;0;0.019026
direitos_titular;atakarejo.com.br;77;0;0;0;0.008179
direitos_titular;atakarejo.com.br;78;0;0;0;0.002182
direitos_titular;atakarejo.com.br;79;0;0;0;0.004474
direitos_titular;atakarejo.com.br;80;0;0;0;0.051924
direitos_titular;atakarejo.com.br;81;0;1;0;0.151342
direitos_titular;atakarejo.com.br;83;0;1;1;0.438108
direitos_titular;atakarejo.com.br;84;0;0;0;0.017601
direitos_titular;atakarejo.com.br;85;0;0;0;0.002841
direitos_titular;atakarejo.com.br;86;0;0;0;0.004803
direitos_titular;atakarejo.com.br;87;0;0;0;0.005556
direitos_titular;atakarejo.com.br;88;0;0;0;0.002662
direitos_titular;atakarejo.com.br;89;0;0;0;0.002558
direitos_titular;atakarejo.com.br;90;0;0;0;0.003903
direitos_titular;atakarejo.com.br;91;0;0;0;0.014221
direitos_titular;atakarejo.com.br;92;0;0;0;0.002354
direitos_titular;atakarejo.com.br;93;0;0;0;0.007195
direitos_titular;atakarejo.com.br;94;0;0;0;0.006243
direitos_titular;atakarejo.com.br;96;0;0;0;0.002533
direitos_titular;atakarejo.com.br;98;0;1;0;0.007528
direitos_titular;atakarejo.com.br;99;0;0;0;0.005268
direitos_titular;atakarejo.com.br;101;0;0;0;0.079427
direitos_titular;atakarejo.com.br;102;0;0;0;0.013790
direitos_titular;atakarejo.com.br;103;0;0;0;0.008456
direitos_titular;atakarejo.com.br;104;0;0;0;0.004619
direitos_titular;atakarejo.com.br;105;0;0;0;0.002432
direitos_titular;atakarejo.com.br;106;0;0;0;0.002988
direitos_titular;atakarejo.com.br;108;0;0;0;0.004284
direitos_titular;atakarejo.com.br;110;0;0;0;0.006554
direitos_titular;atakarejo.com.br;111;0;0;0;0.004299
direitos_titular;atakarejo.com.br;112;0;0;0;0.003310
direitos_titular;atakarejo.com.br;113;0;0;0;0.001365
direitos_titular;atakarejo.com.br;114;0;0;0;0.003191
direitos_titular;atakarejo.com.br;115;0;0;0;0.002178
direitos_titular;atakarejo.com.br;116;0;0;0;0.003721
direitos_titular;atakarejo.com.br;117;0;0;0;0.002608
direitos_titular;atakarejo.com.br;118;0;0;0;0.003170
direitos_titular;atakarejo.com.br;119;0;0;0;0.006181
direitos_titular;atakarejo.com.br;120;0;1;0;0.065003
direitos_titular;atakarejo.com.br;122;0;0;0;0.003117
direitos_titular;atakarejo.com.br;123;0;0;0;0.003220
direitos_titular;atakarejo.com.br;124;0;0;0;0.004241
direitos_titular;atakarejo.com.br;126;0;0;0;0.001525
direitos_titular;atakarejo.com.br;128;0;0;0;0.005471
direitos_titular;atakarejo.com.br;129;0;0;0;0.006763
direitos_titular;atakarejo.com.br;130;0;0;0;0.003618
direitos_titular;atakarejo.com.br;131;0;0;0;0.002681
direitos_titular;atakarejo.com.br;132;0;0;0;0.003221
direitos_titular;atakarejo.com.br;133;0;0;0;0.003268
direitos_titular;atakarejo.com.br;134;0;0;0;0.005903
direitos_titular;atakarejo.com.br;135;0;0;0;0.004060
direitos_titular;atakarejo.com.br;136;0;0;0;0.003026
direitos_titular;atakarejo.com.br;137;0;0;0;0.005953
direitos_titular;atakarejo.com.br;138;0;1;0;0.007097
direitos_titular;atakarejo.com.br;139;0;0;0;0.004942
direitos_titular;atakarejo.com.br;140;0;0;0;0.002478
direitos_titular;atakarejo.com.br;141;0;0;0;0.006661
direitos_titular;atakarejo.com.br;142;0;0;0;0.007473
direitos_titular;atakarejo.com.br;143;0;0;0;0.066802
direitos_titular;atakarejo.com.br;144;0;0;0;0.015929
direitos_titular;atakarejo.com.br;145;0;0;0;0.003762
direitos_titular;atakarejo.com.br;146;0;0;0;0.014714
direitos_titular;atakarejo.com.br;148;0;0;0;0.002727
direitos_titular;atakarejo.com.br;149;0;0;0;0.029497
direitos_titular;atakarejo.com.br;150;0;0;0;0.002745
direitos_titular;atakarejo.com.br;152;0;0;0;0.011219
direitos_titular;atakarejo.com.br;153;0;0;0;0.003445
direitos_titular;atakarejo.com.br;154;0;0;0;0.016685
direitos_titular;atakarejo.com.br;155;0;0;0;0.001873
direitos_titular;atakarejo.com.br;157;0;0;0;0.004692
direitos_titular;atakarejo.com.br;158;0;0;0;0.002687
direitos_titular;atakarejo.com.br;160;0;0;0;0.011633
direitos_titular;atakarejo.com.br;161;0;0;0;0.010227
direitos_titular;atakarejo.com.br;162;0;0;0;0.003009
direitos_titular;atakarejo.com.br;163;0;0;0;0.034234
direitos_titular;atakarejo.com.br;165;0;0;0;0.001893
direitos_titular;atakarejo.com.br;167;0;0;0;0.006771
direitos_titular;atakarejo.com.br;169;0;0;0;0.003078
direitos_titular;atakarejo.com.br;170;0;0;0;0.013150
direitos_titular;atakarejo.com.br;172;0;0;0;0.011975
direitos_titular;atakarejo.com.br;173;0;0;0;0.004228
direitos_titular;atakarejo.com.br;174;0;0;0;0.004152
direitos_titular;atakarejo.com.br;175;0;0;0;0.001993
direitos_titular;atakarejo.com.br;176;0;0;0;0.002977
direitos_titular;atakarejo.com.br;177;0;0;0;0.008020
direitos_titular;atakarejo.com.br;178;0;0;0;0.002707
direitos_titular;atakarejo.com.br;179;0;0;0;0.004454
direitos_titular;atakarejo.com.br;180;0;0;0;0.007086
direitos_titular;atakarejo.com.br;181;0;0;0;0.053262
direitos_titular;atakarejo.com.br;182;0;0;0;0.023667
direitos_titular;atakarejo.com.br;184;0;0;0;0.004838
direitos_titular;atakarejo.com.br;187;0;0;0;0.002260
direitos_titular;atakarejo.com.br;188;0;0;0;0.009257
direitos_titular;atakarejo.com.br;189;0;0;0;0.002912
direitos_titular;atakarejo.com.br;190;0;0;0;0.003272
direitos_titular;atakarejo.com.br;191;0;0;0;0.001041
direitos_titular;atakarejo.com.br;192;0;0;0;0.001693
direitos_titular;atakarejo.com.br;193;0;0;0;0.003406
direitos_titular;atakarejo.com.br;194;0;0;0;0.003690
direitos_titular;atakarejo.com.br;195;0;0;0;0.007600
direitos_titular;atakarejo.com.br;196;0;0;0;0.034849
direitos_titular;atakarejo.com.br;197;0;0;0;0.009706
direitos_titular;atakarejo.com.br;198;0;0;0;0.004920
direitos_titular;atakarejo.com.br;199;0;0;0;0.006150
direitos_titular;atakarejo.com.br;200;0;0;0;0.001205
direitos_titular;atakarejo.com.br;201;0;0;0;0.144380
direitos_titular;atakarejo.com.br;202;0;0;0;0.004457
direitos_titular;atakarejo.com.br;203;0;0;0;0.002857
direitos_titular;atakarejo.com.br;204;0;0;0;0.002232
direitos_titular;atakarejo.com.br;205;0;0;0;0.007979
direitos_titular;atakarejo.com.br;206;0;0;0;0.005921
direitos_titular;atakarejo.com.br;207;0;0;0;0.002356
direitos_titular;atakarejo.com.br;208;0;0;0;0.013901
direitos_titular;atakarejo.com.br;209;0;0;0;0.003925
direitos_titular;atakarejo.com.br;210;0;0;0;0.006168
direitos_titular;atakarejo.com.br;211;0;0;0;0.005412
direitos_titular;atakarejo.com.br;212;0;0;0;0.015111
direitos_titular;atakarejo.com.br;213;0;0;0;0.010090
direitos_titular;atakarejo.com.br;214;0;0;0;0.003465
direitos_titular;atakarejo.com.br;215;0;0;0;0.002310
direitos_titular;atakarejo.com.br;216;0;0;0;0.001190
direitos_titular;atakarejo.com.br;217;0;0;0;0.056698
direitos_titular;atakarejo.com.br;218;0;0;0;0.029104
direitos_titular;atakarejo.com.br;219;0;0;0;0.003385
direitos_titular;atakarejo.com.br;220;0;0;0;0.006984
direitos_titular;atakarejo.com.br;221;0;0;0;0.044762
direitos_titular;atakarejo.com.br;222;0;0;0;0.001960
direitos_titular;atakarejo.com.br;223;0;0;0;0.007005
direitos_titular;atakarejo.com.br;224;0;0;0;0.004363
direitos_titular;atakarejo.com.br;225;0;0;0;0.003828
direitos_titular;atakarejo.com.br;226;0;0;0;0.021649
direitos_titular;atakarejo.com.br;227;0;0;0;0.007700
direitos_titular;atakarejo.com.br;228;0;0;0;0.015600
direitos_titular;atakarejo.com.br;229;1;1;1;0.685968
direitos_titular;atakarejo.com.br;230;0;0;0;0.006316
direitos_titular;atakarejo.com.br;231;0;0;0;0.005270
direitos_titular;atakarejo.com.br;232;0;0;0;0.006223
direitos_titular;atakarejo.com.br;233;0;0;0;0.010231
direitos_titular;atakarejo.com.br;234;1;1;1;0.700673
direitos_titular;atakarejo.com.br;235;1;1;0;0.289693
direitos_titular;atakarejo.com.br;236;1;1;1;0.892818
direitos_titular;atakarejo.com.br;237;1;1;1;0.829825
direitos_titular;atakarejo.com.br;238;1;0;0;0.006367
direitos_titular;atakarejo.com.br;239;1;0;0;0.140968
direitos_titular;atakarejo.com.br;240;1;0;0;0.136850
direitos_titular;atakarejo.com.br;241;1;1;0;0.294775
direitos_titular;atakarejo.com.br;242;1;0;0;0.035110
direitos_titular;atakarejo.com.br;243;1;1;1;0.569380
direitos_titular;atakarejo.com.br;244;1;1;1;0.375328
direitos_titular;atakarejo.com.br;245;0;0;0;0.011698
direitos_titular;atakarejo.com.br;246;0;0;0;0.049200
direitos_titular;atakarejo.com.br;247;1;1;1;0.547588
direitos_titular;atakarejo.com.br;248;0;0;0;0.019739
direitos_titular;atakarejo.com.br;249;0;0;0;0.010589
direitos_titular;atakarejo.com.br;250;1;0;1;0.609963
direitos_titular;atakarejo.com.br;251;1;1;1;0.930363
direitos_titular;atakarejo.com.br;252;0;1;0;0.052705
direitos_titular;atakarejo.com.br;253;0;0;0;0.008344
direitos_titular;atakarejo.com.br;254;1;0;0;0.073833
direitos_titular;atakarejo.com.br;255;1;0;0;0.185371
direitos_titular;atakarejo.com.br;256;0;0;0;0.011001
direitos_titular;atakarejo.com.br;257;0;0;0;0.013553
direitos_titular;atakarejo.com.br;258;0;0;0;0.003448
direitos_titular;atakarejo.com.br;259;0;1;0;0.061666
direitos_titular;atakarejo.com.br;260;0;0;0;0.061116
direitos_titular;atakarejo.com.br;261;0;0;0;0.040610
direitos_titular;atakarejo.com.br;262;0;0;0;0.188758
direitos_titular;atakarejo.com.br;263;0;0;0;0.006890
direitos_titular;atakarejo.com.br;264;0;0;0;0.005966
direitos_titular;atakarejo.com.br;265;1;0;1;0.845955
direitos_titular;atakarejo.com.br;266;0;0;0;0.011481
direitos_titular;atakarejo.com.br;268;0;0;0;0.002252
direitos_titular;atakarejo.com.br;269;0;0;0;0.005852
direitos_titular;atakarejo.com.br;270;0;0;0;0.002528
direitos_titular;atakarejo.com.br;271;0;0;0;0.002777
direitos_titular;atakarejo.com.br;272;0;0;0;0.004770
direitos_titular;atakarejo.com.br;273;0;0;0;0.002895
direitos_titular;atakarejo.com.br;274;0;0;0;0.006796
direitos_titular;atakarejo.com.br;275;0;0;0;0.003641
direitos_titular;atakarejo.com.br;276;0;0;0;0.000932
direitos_titular;atakarejo.com.br;277;0;0;0;0.001965
direitos_titular;atakarejo.com.br;278;0;0;0;0.003070
direitos_titular;atakarejo.com.br;279;0;0;0;0.003973
direitos_titular;atakarejo.com.br;280;0;0;0;0.003712
direitos_titular;atakarejo.com.br;281;0;0;0;0.007824
direitos_titular;atakarejo.com.br;282;0;0;0;0.011379
direitos_titular;atakarejo.com.br;283;0;0;0;0.004425
direitos_titular;atakarejo.com.br;284;0;0;0;0.006203
direitos_titular;atakarejo.com.br;285;0;0;0;0.012100
direitos_titular;atakarejo.com.br;286;0;0;0;0.003635
direitos_titular;atakarejo.com.br;287;0;0;0;0.007190
direitos_titular;atakarejo.com.br;288;0;0;0;0.001626
direitos_titular;atakarejo.com.br;289;0;0;0;0.004308
direitos_titular;atakarejo.com.br;290;0;0;0;0.002998
direitos_titular;atakarejo.com.br;291;0;0;0;0.004669
direitos_titular;atakarejo.com.br;292;0;0;0;0.001767
direitos_titular;atakarejo.com.br;296;0;0;0;0.005030
direitos_titular;atakarejo.com.br;302;0;0;0;0.005030
direitos_titular;atakarejo.com.br;305;0;0;0;0.005030
direitos_titular;atakarejo.com.br;308;0;0;0;0.005030
direitos_titular;atakarejo.com.br;311;0;0;0;0.002409
direitos_titular;atakarejo.com.br;312;0;0;0;0.003807
direitos_titular;atakarejo.com.br;320;0;0;0;0.002111
direitos_titular;atakarejo.com.br;321;0;1;0;0.002424
direitos_titular;atakarejo.com.br;322;0;0;0;0.005488
direitos_titular;atakarejo.com.br;327;0;0;0;0.005030
direitos_titular;atakarejo.com.br;336;0;0;0;0.006418
direitos_titular;atakarejo.com.br;337;0;0;0;0.005176
direitos_titular;atakarejo.com.br;338;0;0;0;0.001976
direitos_titular;atakarejo.com.br;339;0;0;0;0.004371
direitos_titular;atakarejo.com.br;340;0;0;0;0.001679
direitos_titular;atakarejo.com.br;341;0;0;0;0.002486
direitos_titular;atakarejo.com.br;342;0;0;0;0.002923
direitos_titular;atakarejo.com.br;343;0;0;0;0.004842
direitos_titular;atakarejo.com.br;344;0;0;0;0.004704
direitos_titular;atakarejo.com.br;345;0;0;0;0.004316
direitos_titular;atakarejo.com.br;346;0;0;0;0.001744
direitos_titular;atakarejo.com.br;347;0;0;0;0.001413
direitos_titular;atakarejo.com.br;348;0;0;0;0.009406
direitos_titular;atakarejo.com.br;349;0;0;0;0.004973
direitos_titular;atakarejo.com.br;350;0;0;0;0.008550
direitos_titular;atakarejo.com.br;351;0;0;0;0.004200
direitos_titular;atakarejo.com.br;352;0;0;0;0.030257
direitos_titular;atakarejo.com.br;353;0;0;0;0.004428
direitos_titular;atakarejo.com.br;354;0;0;0;0.113593
direitos_titular;atakarejo.com.br;355;0;0;0;0.024327
direitos_titular;atakarejo.com.br;356;0;0;0;0.018703
direitos_titular;atakarejo.com.br;357;0;0;0;0.067775
direitos_titular;atakarejo.com.br;358;0;0;0;0.008416
direitos_titular;atakarejo.com.br;359;0;0;0;0.006261
direitos_titular;atakarejo.com.br;360;0;0;0;0.012621
direitos_titular;atakarejo.com.br;361;0;0;0;0.003352
direitos_titular;atakarejo.com.br;362;0;0;0;0.005069
direitos_titular;atakarejo.com.br;363;0;0;0;0.014093
direitos_titular;atakarejo.com.br;364;0;0;0;0.005484
direitos_titular;atakarejo.com.br;365;0;0;0;0.036516
direitos_titular;atakarejo.com.br;366;0;0;0;0.005333
direitos_titular;atakarejo.com.br;367;0;0;0;0.010090
direitos_titular;atakarejo.com.br;368;0;0;0;0.042614
direitos_titular;atakarejo.com.br;369;0;0;0;0.008897
direitos_titular;atakarejo.com.br;370;0;0;0;0.030200
direitos_titular;atakarejo.com.br;371;0;0;0;0.014559
direitos_titular;atakarejo.com.br;372;0;0;0;0.008550
direitos_titular;atakarejo.com.br;373;0;0;0;0.010716
direitos_titular;atakarejo.com.br;374;0;0;0;0.044195
direitos_titular;atakarejo.com.br;375;0;0;0;0.018846
direitos_titular;atakarejo.com.br;376;0;0;0;0.001251
direitos_titular;atakarejo.com.br;377;0;0;0;0.007884
direitos_titular;atakarejo.com.br;378;0;0;0;0.005816
direitos_titular;atakarejo.com.br;379;0;0;0;0.003916
direitos_titular;atakarejo.com.br;380;0;0;0;0.001661
direitos_titular;atakarejo.com.br;381;0;0;0;0.012067
direitos_titular;atakarejo.com.br;382;0;0;0;0.052873
direitos_titular;atakarejo.com.br;383;0;0;0;0.052873
direitos_titular;atakarejo.com.br;384;0;0;0;0.026649
direitos_titular;atakarejo.com.br;385;0;0;0;0.015335
direitos_titular;atakarejo.com.br;386;0;0;0;0.005955
direitos_titular;atakarejo.com.br;387;0;0;0;0.008598
direitos_titular;atakarejo.com.br;388;0;0;0;0.005030
direitos_titular;atakarejo.com.br;389;0;0;0;0.002289
direitos_titular;atakarejo.com.br;390;0;0;0;0.003351
direitos_titular;atakarejo.com.br;391;0;0;0;0.109120
direitos_titular;atakarejo.com.br;392;0;0;0;0.001855
direitos_titular;atakarejo.com.br;393;0;0;0;0.046736
direitos_titular;atakarejo.com.br;394;0;0;0;0.002595
direitos_titular;atakarejo.com.br;395;0;0;0;0.013597
direitos_titular;atakarejo.com.br;396;0;0;0;0.006008
direitos_titular;atakarejo.com.br;397;0;0;0;0.002703
direitos_titular;atakarejo.com.br;398;0;0;0;0.004939
direitos_titular;atakarejo.com.br;399;0;0;0;0.004143
direitos_titular;atakarejo.com.br;417;0;0;0;0.004351
direitos_titular;atakarejo.com.br;419;0;0;0;0.003299
direitos_titular;atakarejo.com.br;420;0;0;0;0.003299
direitos_titular;atakarejo.com.br;423;0;0;0;0.009616
direitos_titular;atakarejo.com.br;426;0;0;0;0.002264
direitos_titular;atakarejo.com.br;429;0;0;0;0.009335
direitos_titular;atakarejo.com.br;436;0;0;0;0.004064
direitos_titular;atakarejo.com.br;437;0;0;0;0.004355
direitos_titular;atakarejo.com.br;439;0;0;0;0.005030
direitos_titular;atakarejo.com.br;507;0;0;0;0.000975
direitos_titular;atakarejo.com.br;509;0;0;0;0.002373
direitos_titular;atakarejo.com.br;511;0;0;0;0.004972
direitos_titular;atakarejo.com.br;515;0;0;0;0.004287
direitos_titular;atakarejo.com.br;516;0;0;0;0.001415
direitos_titular;atakarejo.com.br;517;0;0;0;0.002253
direitos_titular;atakarejo.com.br;518;0;0;0;0.003097
direitos_titular;atakarejo.com.br;519;0;0;0;0.003841
direitos_titular;atakarejo.com.br;520;0;0;0;0.002035
direitos_titular;atakarejo.com.br;522;0;0;0;0.002670
direitos_titular;atakarejo.com.br;523;0;0;0;0.001495
direitos_titular;atakarejo.com.br;524;0;0;0;0.001417
direitos_titular;atakarejo.com.br;528;0;0;0;0.001760
direitos_titular;atakarejo.com.br;529;0;0;0;0.002182
direitos_titular;atakarejo.com.br;530;0;0;0;0.004220
direitos_titular;atakarejo.com.br;531;0;0;0;0.006701
direitos_titular;atakarejo.com.br;533;0;0;0;0.008381
direitos_titular;atakarejo.com.br;534;0;0;0;0.005343
direitos_titular;atakarejo.com.br;538;0;0;0;0.002422
direitos_titular;atakarejo.com.br;540;0;0;0;0.001376
direitos_titular;atakarejo.com.br;541;0;0;0;0.017528
direitos_titular;atakarejo.com.br;1123;0;0;0;0.004693
direitos_titular;atakarejo.com.br;1125;0;1;1;0.870456
direitos_titular;atakarejo.com.br;1126;0;0;0;0.005113
direitos_titular;atakarejo.com.br;1127;0;0;0;0.084995
direitos_titular;atakarejo.com.br;1128;0;0;0;0.015985
direitos_titular;atakarejo.com.br;1129;0;0;0;0.020144
direitos_titular;atakarejo.com.br;1134;0;0;0;0.006737
direitos_titular;atakarejo.com.br;1135;0;1;1;0.754647
direitos_titular;atakarejo.com.br;1138;0;1;1;0.358118
direitos_titular;atakarejo.com.br;1140;1;1;1;0.800689
direitos_titular;atakarejo.com.br;1141;0;1;0;0.046070
direitos_titular;atakarejo.com.br;1142;0;0;0;0.315577
direitos_titular;atakarejo.com.br;1143;1;1;1;0.585630
direitos_titular;atakarejo.com.br;1144;0;0;0;0.177089
direitos_titular;atakarejo.com.br;1145;0;0;0;0.007454
direitos_titular;denatran.gov.br;0;0;0;0;0.001030
direitos_titular;denatran.gov.br;1;0;0;0;0.003580
direitos_titular;denatran.gov.br;2;0;0;0;0.018742
direitos_titular;denatran.gov.br;3;0;0;0;0.009807
direitos_titular;denatran.gov.br;19;0;0;0;0.004686
direitos_titular;denatran.gov.br;20;0;0;0;0.005613
direitos_titular;denatran.gov.br;23;0;0;0;0.002945
direitos_titular;denatran.gov.br;24;0;0;0;0.002697
direitos_titular;denatran.gov.br;26;0;0;0;0.002697
direitos_titular;denatran.gov.br;27;0;0;0;0.007093
direitos_titular;denatran.gov.br;29;0;0;0;0.005613
direitos_titular;denatran.gov.br;36;0;0;0;0.004550
direitos_titular;denatran.gov.br;39;0;0;0;0.003905
direitos_titular;denatran.gov.br;43;0;0;0;0.005106
direitos_titular;denatran.gov.br;44;0;0;0;0.005227
direitos_titular;denatran.gov.br;45;0;0;0;0.005427
direitos_titular;denatran.gov.br;46;0;0;0;0.003250
direitos_titular;denatran.gov.br;47;0;0;0;0.004076
direitos_titular;denatran.gov.br;48;0;0;0;0.004326
direitos_titular;denatran.gov.br;49;0;0;0;0.005214
direitos_titular;denatran.gov.br;51;0;0;0;0.008101
direitos_titular;denatran.gov.br;52;0;0;0;0.002697
direitos_titular;denatran.gov.br;53;0;0;0;0.004319
direitos_titular;denatran.gov.br;54;0;0;0;0.005613
direitos_titular;denatran.gov.br;62;0;0;0;0.005363
direitos_titular;denatran.gov.br;64;0;0;0;0.004925
direitos_titular;denatran.gov.br;65;0;0;0;0.003336
direitos_titular;denatran.gov.br;66;0;0;0;0.014993
direitos_titular;denatran.gov.br;67;0;0;0;0.004075
direitos_titular;denatran.gov.br;68;0;0;0;0.004101
direitos_titular;denatran.gov.br;69;0;0;0;0.004712
direitos_titular;denatran.gov.br;70;0;0;0;0.004038
direitos_titular;denatran.gov.br;72;0;0;0;0.004544
direitos_titular;denatran.gov.br;73;0;0;0;0.005549
direitos_titular;denatran.gov.br;74;0;0;0;0.005613
direitos_titular;denatran.gov.br;75;0;0;0;0.005613
direitos_titular;denatran.gov.br;76;0;0;0;0.003896
direitos_titular;denatran.gov.br;77;0;0;0;0.005613
direitos_titular;denatran.gov.br;78;0;0;0;0.008090
direitos_titular;denatran.gov.br;79;0;0;0;0.002697
direitos_titular;denatran.gov.br;80;0;0;0;0.004801
direitos_titular;denatran.gov.br;81;0;0;0;0.005156
direitos_titular;denatran.gov.br;82;0;0;0;0.004975
direitos_titular;denatran.gov.br;83;0;0;0;0.011517
direitos_titular;denatran.gov.br;84;0;0;0;0.005613
direitos_titular;denatran.gov.br;87;0;0;0;0.008938
direitos_titular;denatran.gov.br;91;0;0;0;0.005383
direitos_titular;denatran.gov.br;93;0;0;0;0.017348
direitos_titular;denatran.gov.br;94;0;0;0;0.006536
direitos_titular;denatran.gov.br;96;0;0;0;0.004770
direitos_titular;denatran.gov.br;99;0;0;0;0.005791
direitos_titular;denatran.gov.br;101;0;0;0;0.004634
direitos_titular;denatran.gov.br;106;0;0;0;0.013240
direitos_titular;denatran.gov.br;107;0;0;0;0.004995
direitos_titular;denatran.gov.br;109;0;0;0;0.003940
direitos_titular;denatran.gov.br;115;0;0;0;0.004583
direitos_titular;denatran.gov.br;116;0;0;0;0.004606
direitos_titular;denatran.gov.br;117;0;0;0;0.004920
direitos_titular;denatran.gov.br;118;0;0;0;0.007027
direitos_titular;denatran.gov.br;119;0;0;0;0.005021
direitos_titular;denatran.gov.br;122;0;0;0;0.001904
direitos_titular;denatran.gov.br;123;0;0;0;0.003340
direitos_titular;denatran.gov.br;124;0;0;0;0.006958
direitos_titular;denatran.gov.br;125;0;0;0;0.004874
direitos_titular;denatran.gov.br;126;0;0;0;0.003768
direitos_titular;denatran.gov.br;127;0;0;0;0.004350
direitos_titular;denatran.gov.br;132;0;0;0;0.005613
direitos_titular;denatran.gov.br;134;0;0;0;0.003407
direitos_titular;denatran.gov.br;135;0;0;0;0.016434
direitos_titular;denatran.gov.br;136;0;0;0;0.004727
direitos_titular;denatran.gov.br;137;0;0;0;0.014274
direitos_titular;denatran.gov.br;138;0;0;0;0.002611
direitos_titular;denatran.gov.br;139;0;0;0;0.012110
direitos_titular;denatran.gov.br;140;0;0;0;0.041912
direitos_titular;denatran.gov.br;141;0;0;0;0.013086
direitos_titular;denatran.gov.br;142;0;1;0;0.006959
direitos_titular;denatran.gov.br;143;0;0;0;0.005826
direitos_titular;denatran.gov.br;144;0;0;0;0.004795
direitos_titular;denatran.gov.br;146;0;0;0;0.007333
direitos_titular;denatran.gov.br;147;0;0;0;0.008296
direitos_titular;denatran.gov.br;148;0;0;0;0.004907
direitos_titular;denatran.gov.br;149;0;0;0;0.004953
direitos_titular;denatran.gov.br;150;0;0;0;0.003412
direitos_titular;denatran.gov.br;151;0;0;0;0.002697
direitos_titular;denatran.gov.br;155;0;0;0;0.006144
direitos_titular;denatran.gov.br;161;0;0;0;0.015957
direitos_titular;denatran.gov.br;162;0;0;0;0.003713
direitos_titular;denatran.gov.br;169;0;0;0;0.004850
direitos_titular;denatran.gov.br;171;0;0;0;0.006466
direitos_titular;denatran.gov.br;173;0;0;0;0.003738
direitos_titular;denatran.gov.br;180;0;0;0;0.004792
direitos_titular;denatran.gov.br;183;0;0;0;0.061367
direitos_titular;denatran.gov.br;184;0;0;0;0.005922
direitos_titular;denatran.gov.br;188;0;0;0;0.005083
direitos_titular;denatran.gov.br;189;0;0;0;0.018114
direitos_titular;denatran.gov.br;190;0;0;0;0.001955
direitos_titular;denatran.gov.br;191;0;0;0;0.003141
direitos_titular;denatran.gov.br;192;0;0;0;0.004597
direitos_titular;denatran.gov.br;193;0;0;0;0.002126
direitos_titular;denatran.gov.br;195;0;0;0;0.002112
direitos_titular;denatran.gov.br;196;0;0;0;0.004958
direitos_titular;denatran.gov.br;197;0;0;0;0.002178
direitos_titular;denatran.gov.br;198;0;0;0;0.001014
direitos_titular;denatran.gov.br;199;0;0;0;0.003366
direitos_titular;denatran.gov.br;200;0;0;0;0.004033
direitos_titular;denatran.gov.br;202;0;0;0;0.003822
direitos_titular;denatran.gov.br;204;0;0;0;0.001955
direitos_titular;denatran.gov.br;206;0;0;0;0.005613
direitos_titular;denatran.gov.br;207;0;0;0;0.004468
direitos_titular;denatran.gov.br;208;0;0;0;0.004482
direitos_titular;denatran.gov.br;211;0;0;0;0.003956
direitos_titular;denatran.gov.br;214;0;0;0;0.006681
direitos_titular;denatran.gov.br;218;0;0;0;0.004945
direitos_titular;denatran.gov.br;220;0;0;0;0.004559
direitos_titular;denatran.gov.br;221;0;0;0;0.005288
direitos_titular;denatran.gov.br;225;0;0;0;0.001825
direitos_titular;denatran.gov.br;226;0;0;0;0.003403
direitos_titular;denatran.gov.br;228;0;0;0;0.004402
direitos_titular;denatran.gov.br;229;0;0;0;0.002055
direitos_titular;denatran.gov.br;230;0;0;0;0.003090
direitos_titular;denatran.gov.br;231;0;0;0;0.002565
direitos_titular;denatran.gov.br;232;0;0;0;0.003334
direitos_titular;denatran.gov.br;233;0;0;0;0.002781
direitos_titular;denatran.gov.br;236;0;0;0;0.003672
direitos_titular;denatran.gov.br;237;0;0;0;0.005752
direitos_titular;denatran.gov.br;238;0;0;0;0.016993
direitos_titular;denatran.gov.br;240;0;0;0;0.003430
direitos_titular;denatran.gov.br;241;0;0;0;0.004777
direitos_titular;denatran.gov.br;257;0;0;0;0.005330
direitos_titular;denatran.gov.br;258;0;0;0;0.005539
direitos_titular;denatran.gov.br;260;0;0;0;0.014312
direitos_titular;denatran.gov.br;261;0;0;0;0.008868
direitos_titular;denatran.gov.br;262;0;0;0;0.008207
direitos_titular;denatran.gov.br;263;0;0;0;0.003285
direitos_titular;denatran.gov.br;264;0;0;0;0.004432
direitos_titular;denatran.gov.br;265;0;0;0;0.004680
direitos_titular;denatran.gov.br;266;0;0;0;0.014609
direitos_titular;denatran.gov.br;267;0;0;0;0.009313
direitos_titular;denatran.gov.br;268;0;0;0;0.003731
direitos_titular;denatran.gov.br;270;0;0;0;0.005613
direitos_titular;denatran.gov.br;272;0;0;0;0.007272
direitos_titular;denatran.gov.br;273;0;0;0;0.047352
direitos_titular;denatran.gov.br;275;0;0;0;0.006817
direitos_titular;denatran.gov.br;277;0;0;0;0.004926
direitos_titular;denatran.gov.br;449;0;0;0;0.003897
direitos_titular;denatran.gov.br;450;0;0;0;0.004913
direitos_titular;denatran.gov.br;452;0;0;0;0.004136
direitos_titular;denatran.gov.br;455;0;0;0;0.005107
direitos_titular;denatran.gov.br;549;0;0;0;0.014138
direitos_titular;denatran.gov.br;550;0;0;0;0.018114
direitos_titular;denatran.gov.br;553;0;0;0;0.011550
direitos_titular;denatran.gov.br;554;0;0;0;0.005589
direitos_titular;denatran.gov.br;555;0;0;0;0.046745
direitos_titular;denatran.gov.br;556;0;0;0;0.067081
direitos_titular;denatran.gov.br;557;0;0;0;0.004956
direitos_titular;denatran.gov.br;558;0;0;0;0.019579
direitos_titular;denatran.gov.br;559;0;0;0;0.025863
direitos_titular;denatran.gov.br;560;0;0;0;0.025863
direitos_titular;denatran.gov.br;561;0;0;0;0.025863
direitos_titular;denatran.gov.br;562;0;0;0;0.014635
direitos_titular;denatran.gov.br;563;0;0;0;0.025863
direitos_titular;denatran.gov.br;564;0;0;0;0.030223
direitos_titular;denatran.gov.br;565;0;0;0;0.019943
direitos_titular;denatran.gov.br;566;0;0;0;0.004956
direitos_titular;denatran.gov.br;567;0;0;0;0.004472
direitos_titular;denatran.gov.br;568;0;0;0;0.002375
direitos_titular;denatran.gov.br;569;0;0;0;0.007798
direitos_titular;denatran.gov.br;570;0;0;0;0.004449
direitos_titular;denatran.gov.br;571;0;0;0;0.005021
direitos_titular;denatran.gov.br;572;0;0;0;0.009478
direitos_titular;denatran.gov.br;573;0;0;0;0.009489
direitos_titular;denatran.gov.br;574;0;0;0;0.007084
direitos_titular;denatran.gov.br;575;0;0;0;0.013339
direitos_titular;denatran.gov.br;576;0;0;0;0.009066
direitos_titular;denatran.gov.br;577;0;0;0;0.004878
direitos_titular;denatran.gov.br;578;0;0;0;0.004350
direitos_titular;denatran.gov.br;579;0;0;0;0.004878
direitos_titular;denatran.gov.br;580;0;0;0;0.004878
direitos_titular;denatran.gov.br;581;0;0;0;0.004878
direitos_titular;denatran.gov.br;582;0;0;0;0.002229
direitos_titular;denatran.gov.br;583;0;0;0;0.009554
direitos_titular;denatran.gov.br;584;0;0;0;0.004632
direitos_titular;denatran.gov.br;585;0;0;0;0.006174
direitos_titular;denatran.gov.br;586;0;0;0;0.007954
direitos_titular;denatran.gov.br;587;0;0;0;0.004914
direitos_titular;denatran.gov.br;588;0;0;0;0.005363
direitos_titular;denatran.gov.br;589;0;0;0;0.005160
direitos_titular;denatran.gov.br;590;0;0;0;0.011065
direitos_titular;denatran.gov.br;591;0;0;0;0.015855
direitos_titular;denatran.gov.br;592;0;0;0;0.002302
direitos_titular;denatran.gov.br;594;0;0;0;0.003820
direitos_titular;denatran.gov.br;595;0;0;0;0.004886
direitos_titular;denatran.gov.br;596;0;0;0;0.002961
direitos_titular;denatran.gov.br;597;0;0;0;0.120952
direitos_titular;denatran.gov.br;598;0;0;1;0.181093
direitos_titular;denatran.gov.br;938;0;0;0;0.004596
direitos_titular;denatran.gov.br;941;0;0;0;0.017771
direitos_titular;denatran.gov.br;950;0;0;0;0.017590
direitos_titular;denatran.gov.br;951;0;0;0;0.007459
direitos_titular;denatran.gov.br;952;0;0;0;0.007935
direitos_titular;denatran.gov.br;953;0;0;0;0.005614
direitos_titular;denatran.gov.br;954;0;0;0;0.041984
direitos_titular;denatran.gov.br;956;0;0;0;0.003933
direitos_titular;denatran.gov.br;961;0;0;0;0.005719
direitos_titular;denatran.gov.br;963;0;0;0;0.005654
direitos_titular;denatran.gov.br;964;0;0;0;0.005012
direitos_titular;denatran.gov.br;965;0;0;0;0.005613
direitos_titular;denatran.gov.br;966;0;0;0;0.005613
direitos_titular;denatran.gov.br;967;0;0;0;0.005613
direitos_titular;denatran.gov.br;968;0;0;0;0.004795
direitos_titular;denatran.gov.br;969;0;0;0;0.011161
direitos_titular;denatran.gov.br;970;0;0;0;0.004149
direitos_titular;denatran.gov.br;971;0;0;0;0.005714
direitos_titular;denatran.gov.br;972;0;0;0;0.003746
direitos_titular;denatran.gov.br;983;0;1;0;0.004700
direitos_titular;denatran.gov.br;984;0;0;0;0.004878
direitos_titular;denatran.gov.br;986;0;0;0;0.003540
direitos_titular;denatran.gov.br;988;0;0;0;0.003195
direitos_titular;denatran.gov.br;989;0;0;0;0.004036
direitos_titular;denatran.gov.br;990;0;0;0;0.004360
direitos_titular;denatran.gov.br;991;0;0;0;0.014209
direitos_titular;denatran.gov.br;993;0;0;0;0.002912
direitos_titular;denatran.gov.br;994;0;0;0;0.014153
direitos_titular;denatran.gov.br;995;0;0;0;0.004412
direitos_titular;denatran.gov.br;1266;0;0;0;0.001855
direitos_titular;denatran.gov.br;1270;0;0;0;0.002711
direitos_titular;denatran.gov.br;1271;0;0;0;0.004052
direitos_titular;denatran.gov.br;1274;0;0;0;0.006293
direitos_titular;denatran.gov.br;1275;0;0;0;0.007765
direitos_titular;denatran.gov.br;1276;0;0;0;0.004923
direitos_titular;denatran.gov.br;1277;0;0;0;0.003888
direitos_titular;denatran.gov.br;1278;0;0;0;0.005065
direitos_titular;denatran.gov.br;1279;0;0;0;0.007236
direitos_titular;denatran.gov.br;1280;0;0;0;0.008760
direitos_titular;denatran.gov.br;1281;0;0;0;0.003332
direitos_titular;denatran.gov.br;1282;0;0;0;0.004988
direitos_titular;denatran.gov.br;1283;0;0;0;0.119912
direitos_titular;denatran.gov.br;1284;0;0;0;0.007782
direitos_titular;denatran.gov.br;1285;0;0;0;0.031257
direitos_titular;denatran.gov.br;1286;0;0;0;0.012135
direitos_titular;denatran.gov.br;1287;0;0;0;0.002255
direitos_titular;denatran.gov.br;1288;0;1;0;0.044272
direitos_titular;denatran.gov.br;1291;0;0;0;0.015646
direitos_titular;denatran.gov.br;1292;0;0;0;0.002247
direitos_titular;denatran.gov.br;1293;0;0;0;0.002360
direitos_titular;denatran.gov.br;1294;0;0;0;0.008060
direitos_titular;denatran.gov.br;1295;0;0;0;0.006816
direitos_titular;denatran.gov.br;1296;0;0;0;0.008440
direitos_titular;denatran.gov.br;1297;0;0;0;0.013647
direitos_titular;denatran.gov.br;1298;0;0;0;0.008656
direitos_titular;denatran.gov.br;1299;0;0;0;0.008534
direitos_titular;denatran.gov.br;1301;0;0;0;0.006057
direitos_titular;denatran.gov.br;1302;0;0;0;0.005499
direitos_titular;denatran.gov.br;1303;0;0;0;0.003350
direitos_titular;denatran.gov.br;1304;0;0;0;0.003181
direitos_titular;denatran.gov.br;1305;0;0;0;0.002858
direitos_titular;denatran.gov.br;1306;0;0;0;0.005901
direitos_titular;denatran.gov.br;1307;0;0;0;0.003777
direitos_titular;denatran.gov.br;1308;0;0;0;0.003178
direitos_titular;denatran.gov.br;1309;0;0;0;0.004552
direitos_titular;denatran.gov.br;1310;0;0;0;0.002643
direitos_titular;denatran.gov.br;1312;0;0;0;0.003776
direitos_titular;denatran.gov.br;1313;0;0;0;0.015966
direitos_titular;denatran.gov.br;1314;0;0;0;0.010489
direitos_titular;denatran.gov.br;1315;0;0;0;0.003534
direitos_titular;denatran.gov.br;1316;0;0;0;0.003985
direitos_titular;denatran.gov.br;1317;0;0;0;0.010829
direitos_titular;denatran.gov.br;1318;0;0;0;0.006051
direitos_titular;denatran.gov.br;1319;0;0;0;0.010917
direitos_titular;denatran.gov.br;1320;0;0;0;0.005116
direitos_titular;denatran.gov.br;1321;0;0;0;0.005782
direitos_titular;denatran.gov.br;1322;0;0;0;0.004608
direitos_titular;denatran.gov.br;1323;0;0;0;0.007754
direitos_titular;denatran.gov.br;1324;0;0;0;0.003146
direitos_titular;denatran.gov.br;1325;0;0;0;0.005165
direitos_titular;denatran.gov.br;1326;0;0;0;0.007705
direitos_titular;denatran.gov.br;1327;0;0;0;0.005613
direitos_titular;denatran.gov.br;1328;0;0;0;0.002682
direitos_titular;denatran.gov.br;1330;0;0;0;0.008961
direitos_titular;denatran.gov.br;1331;0;0;0;0.005142
direitos_titular;denatran.gov.br;1332;0;0;0;0.016793
direitos_titular;denatran.gov.br;1333;0;0;0;0.003795
direitos_titular;denatran.gov.br;1334;0;1;0;0.003500
direitos_titular;denatran.gov.br;1335;0;0;0;0.005938
direitos_titular;denatran.gov.br;1336;0;0;0;0.001756
direitos_titular;denatran.gov.br;1337;0;0;0;0.025984
direitos_titular;denatran.gov.br;1338;0;0;0;0.005721
direitos_titular;denatran.gov.br;1339;0;0;0;0.017996
direitos_titular;denatran.gov.br;1340;0;0;0;0.003073
direitos_titular;denatran.gov.br;1348;0;0;0;0.020942
direitos_titular;denatran.gov.br;1349;0;0;0;0.006016
direitos_titular;denatran.gov.br;1350;0;0;0;0.015933
direitos_titular;denatran.gov.br;1352;0;0;0;0.007366
direitos_titular;denatran.gov.br;1353;0;0;0;0.005332
direitos_titular;denatran.gov.br;1354;0;0;0;0.002748
direitos_titular;denatran.gov.br;1355;0;0;0;0.013732
direitos_titular;denatran.gov.br;1356;0;0;0;0.003736
direitos_titular;denatran.gov.br;1357;0;0;0;0.004554
direitos_titular;denatran.gov.br;1358;0;0;0;0.004361
direitos_titular;denatran.gov.br;1359;0;0;0;0.003697
direitos_titular;denatran.gov.br;1361;0;0;0;0.081411
direitos_titular;denatran.gov.br;1362;0;0;0;0.008778
direitos_titular;denatran.gov.br;1363;0;0;0;0.031410
direitos_titular;denatran.gov.br;1364;0;0;0;0.023778
direitos_titular;denatran.gov.br;1366;0;0;0;0.023718
direitos_titular;denatran.gov.br;1368;0;0;0;0.018740
direitos_titular;denatran.gov.br;1369;0;0;0;0.023940
direitos_titular;denatran.gov.br;1370;0;0;0;0.003037
direitos_titular;denatran.gov.br;1371;0;0;0;0.004250
direitos_titular;denatran.gov.br;1374;0;0;0;0.007442
direitos_titular;denatran.gov.br;1376;0;0;0;0.003005
direitos_titular;denatran.gov.br;1377;0;0;0;0.003032
direitos_titular;denatran.gov.br;1378;0;0;0;0.002809
direitos_titular;denatran.gov.br;1383;0;0;0;0.003303
direitos_titular;denatran.gov.br;1386;0;0;0;0.003016
direitos_titular;denatran.gov.br;1389;0;0;0;0.003469
direitos_titular;denatran.gov.br;1390;0;0;0;0.003818
direitos_titular;denatran.gov.br;1392;0;0;0;0.002387
direitos_titular;denatran.gov.br;1395;0;0;0;0.002967
direitos_titular;denatran.gov.br;1398;0;0;0;0.004283
direitos_titular;denatran.gov.br;1399;0;0;0;0.006104
direitos_titular;denatran.gov.br;1401;0;0;0;0.006476
direitos_titular;denatran.gov.br;1403;0;0;0;0.005450
direitos_titular;denatran.gov.br;1404;0;0;0;0.002540
direitos_titular;denatran.gov.br;1407;0;0;0;0.004370
direitos_titular;denatran.gov.br;1410;0;0;0;0.004029
direitos_titular;denatran.gov.br;1413;0;0;0;0.002664
direitos_titular;denatran.gov.br;1416;0;0;0;0.003420
direitos_titular;denatran.gov.br;1419;0;0;0;0.014837
direitos_titular;denatran.gov.br;1422;0;0;0;0.006349
direitos_titular;denatran.gov.br;1425;0;0;0;0.007437
direitos_titular;denatran.gov.br;1427;0;0;0;0.005613
direitos_titular;denatran.gov.br;1428;0;0;0;0.003420
direitos_titular;denatran.gov.br;1430;0;0;0;0.005613
direitos_titular;denatran.gov.br;1433;0;0;0;0.005613
direitos_titular;denatran.gov.br;1434;0;0;0;0.012511
direitos_titular;denatran.gov.br;1440;0;0;0;0.010737
direitos_titular;denatran.gov.br;1445;0;0;0;0.005613
direitos_titular;denatran.gov.br;1446;0;0;0;0.002166
direitos_titular;denatran.gov.br;1448;0;0;0;0.002925
direitos_titular;denatran.gov.br;1453;0;0;0;0.005191
direitos_titular;denatran.gov.br;1455;0;0;0;0.006870
direitos_titular;denatran.gov.br;1456;0;0;0;0.008680
direitos_titular;denatran.gov.br;1457;0;0;0;0.006595
direitos_titular;denatran.gov.br;1458;0;0;0;0.003075
direitos_titular;denatran.gov.br;1460;0;0;0;0.005613
direitos_titular;denatran.gov.br;1461;0;0;0;0.003384
direitos_titular;denatran.gov.br;1464;0;0;0;0.002844
direitos_titular;denatran.gov.br;1467;0;0;0;0.003353
direitos_titular;denatran.gov.br;1470;0;0;0;0.005668
direitos_titular;denatran.gov.br;1472;0;0;0;0.005613
direitos_titular;denatran.gov.br;1473;0;0;0;0.003481
direitos_titular;denatran.gov.br;1475;0;0;0;0.005613
direitos_titular;denatran.gov.br;1479;0;0;0;0.005861
direitos_titular;denatran.gov.br;1493;0;0;0;0.005613
direitos_titular;denatran.gov.br;1502;0;0;0;0.005613
direitos_titular;denatran.gov.br;1505;0;0;0;0.005613
direitos_titular;denatran.gov.br;1511;0;0;0;0.005613
direitos_titular;denatran.gov.br;1514;0;0;0;0.005613
direitos_titular;denatran.gov.br;1523;0;0;0;0.005613
direitos_titular;denatran.gov.br;1526;0;0;0;0.005613
direitos_titular;denatran.gov.br;1530;0;0;0;0.003058
direitos_titular;denatran.gov.br;1533;0;0;0;0.003359
direitos_titular;denatran.gov.br;1545;0;0;0;0.005598
direitos_titular;denatran.gov.br;1565;0;0;0;0.042690
direitos_titular;denatran.gov.br;1566;0;0;0;0.001271
direitos_titular;denatran.gov.br;1567;0;0;0;0.003048
direitos_titular;denatran.gov.br;1568;0;0;0;0.013049
direitos_titular;denatran.gov.br;1569;0;0;0;0.003268
direitos_titular;denatran.gov.br;1570;0;0;0;0.003402
direitos_titular;denatran.gov.br;1571;0;0;0;0.003035
direitos_titular;denatran.gov.br;1572;0;0;0;0.000942
direitos_titular;denatran.gov.br;1573;0;0;0;0.004679
direitos_titular;denatran.gov.br;1574;0;0;0;0.003751
direitos_titular;denatran.gov.br;1575;0;0;0;0.002349
direitos_titular;denatran.gov.br;1576;0;0;0;0.003198
direitos_titular;denatran.gov.br;1577;0;0;0;0.003155
direitos_titular;denatran.gov.br;1578;0;0;0;0.005093
direitos_titular;denatran.gov.br;1579;0;0;0;0.002218
direitos_titular;denatran.gov.br;1581;0;0;0;0.004901
direitos_titular;denatran.gov.br;1586;0;0;0;0.005310
direitos_titular;denatran.gov.br;1588;0;0;0;0.005613
direitos_titular;denatran.gov.br;1589;0;0;0;0.006432
direitos_titular;denatran.gov.br;1592;0;0;0;0.009505
direitos_titular;denatran.gov.br;1595;0;0;0;0.002916
direitos_titular;denatran.gov.br;1598;0;0;0;0.005169
direitos_titular;denatran.gov.br;1601;0;0;0;0.002873
direitos_titular;denatran.gov.br;1604;0;0;0;0.011731
direitos_titular;denatran.gov.br;1607;0;0;0;0.006783
direitos_titular;denatran.gov.br;1610;0;0;0;0.005658
direitos_titular;denatran.gov.br;1613;0;0;0;0.006109
direitos_titular;denatran.gov.br;1616;0;0;0;0.003605
direitos_titular;denatran.gov.br;1619;0;0;0;0.006551
direitos_titular;denatran.gov.br;1622;0;0;0;0.006945
direitos_titular;denatran.gov.br;1625;0;0;0;0.005099
direitos_titular;denatran.gov.br;1628;0;0;0;0.004657
direitos_titular;denatran.gov.br;1634;0;0;0;0.002745
direitos_titular;denatran.gov.br;1637;0;0;0;0.005685
direitos_titular;denatran.gov.br;1640;0;0;0;0.012553
direitos_titular;denatran.gov.br;1643;0;0;0;0.003948
direitos_titular;denatran.gov.br;1646;0;0;0;0.003469
direitos_titular;denatran.gov.br;1649;0;0;0;0.003763
direitos_titular;denatran.gov.br;1652;0;0;0;0.004937
direitos_titular;denatran.gov.br;1658;0;0;0;0.004906
direitos_titular;denatran.gov.br;1661;0;0;0;0.004126
direitos_titular;denatran.gov.br;1667;0;0;0;0.004937
direitos_titular;denatran.gov.br;1676;0;0;0;0.002451
direitos_titular;denatran.gov.br;1679;0;0;0;0.002100
direitos_titular;denatran.gov.br;1682;0;0;0;0.003277
direitos_titular;denatran.gov.br;1685;0;0;0;0.003405
direitos_titular;denatran.gov.br;1688;0;0;0;0.003405
direitos_titular;denatran.gov.br;1691;0;0;0;0.002878
direitos_titular;denatran.gov.br;1694;0;0;0;0.004927
direitos_titular;denatran.gov.br;1703;0;0;0;0.003981
direitos_titular;denatran.gov.br;1705;0;0;0;0.005613
direitos_titular;denatran.gov.br;1706;0;0;0;0.002525
direitos_titular;denatran.gov.br;1709;0;0;0;0.003715
direitos_titular;denatran.gov.br;1715;0;0;0;0.004580
direitos_titular;denatran.gov.br;1718;0;0;0;0.002979
direitos_titular;denatran.gov.br;1721;0;0;0;0.003635
direitos_titular;denatran.gov.br;1724;0;0;0;0.002496
direitos_titular;denatran.gov.br;1730;0;0;0;0.004600
direitos_titular;denatran.gov.br;1733;0;0;0;0.007836
direitos_titular;denatran.gov.br;1734;0;0;0;0.004590
direitos_titular;denatran.gov.br;1736;0;0;0;0.005613
direitos_titular;denatran.gov.br;1737;0;0;0;0.014212
direitos_titular;denatran.gov.br;1743;0;0;0;0.002848
direitos_titular;denatran.gov.br;1746;0;0;0;0.003267
direitos_titular;denatran.gov.br;1749;0;0;0;0.002691
direitos_titular;denatran.gov.br;1758;0;0;0;0.003267
direitos_titular;denatran.gov.br;1759;0;0;0;0.002860
direitos_titular;denatran.gov.br;1761;0;0;0;0.002228
direitos_titular;denatran.gov.br;1762;0;0;0;0.004884
direitos_titular;denatran.gov.br;1763;0;0;0;0.011576
direitos_titular;denatran.gov.br;1764;0;0;0;0.002470
direitos_titular;denatran.gov.br;1765;0;0;0;0.003065
direitos_titular;denatran.gov.br;1766;0;0;0;0.004557
direitos_titular;denatran.gov.br;1767;0;0;0;0.003053
direitos_titular;denatran.gov.br;1768;0;0;0;0.002482
direitos_titular;denatran.gov.br;1769;0;0;0;0.005824
direitos_titular;denatran.gov.br;1770;0;0;0;0.001959
direitos_titular;denatran.gov.br;1771;0;0;0;0.002646
direitos_titular;denatran.gov.br;1772;0;0;0;0.014049
direitos_titular;denatran.gov.br;1773;0;0;0;0.004189
direitos_titular;denatran.gov.br;1774;0;0;0;0.004332
direitos_titular;denatran.gov.br;1775;0;0;0;0.006897
direitos_titular;denatran.gov.br;1776;0;0;0;0.005614
direitos_titular;denatran.gov.br;1777;0;0;0;0.004891
direitos_titular;denatran.gov.br;1778;0;0;0;0.004956
direitos_titular;denatran.gov.br;1779;0;0;0;0.021711
direitos_titular;denatran.gov.br;1780;0;1;0;0.097510
direitos_titular;denatran.gov.br;1782;0;0;0;0.002405
direitos_titular;denatran.gov.br;1783;0;0;0;0.013496
direitos_titular;denatran.gov.br;1784;0;0;0;0.006954
direitos_titular;denatran.gov.br;1785;0;0;0;0.006186
direitos_titular;denatran.gov.br;1786;0;1;0;0.022230
direitos_titular;denatran.gov.br;1787;0;1;0;0.057085
direitos_titular;denatran.gov.br;1789;0;0;0;0.073275
direitos_titular;denatran.gov.br;1790;0;0;0;0.005471
direitos_titular;denatran.gov.br;1791;0;0;0;0.004948
direitos_titular;denatran.gov.br;1792;0;0;0;0.001657
direitos_titular;denatran.gov.br;1793;0;0;0;0.041675
direitos_titular;denatran.gov.br;1794;0;0;0;0.002882
direitos_titular;denatran.gov.br;1795;0;0;0;0.005928
direitos_titular;denatran.gov.br;1796;0;0;0;0.001431
direitos_titular;denatran.gov.br;1797;0;0;0;0.005303
direitos_titular;denatran.gov.br;1799;0;0;0;0.005355
direitos_titular;denatran.gov.br;1800;0;0;0;0.002516
direitos_titular;denatran.gov.br;1801;0;0;0;0.012570
direitos_titular;denatran.gov.br;1803;0;0;0;0.053139
direitos_titular;denatran.gov.br;1804;0;0;0;0.011978
direitos_titular;denatran.gov.br;1805;0;0;0;0.011150
direitos_titular;denatran.gov.br;1806;0;0;0;0.013312
direitos_titular;denatran.gov.br;1807;0;0;0;0.003013
direitos_titular;denatran.gov.br;1808;0;0;0;0.009019
direitos_titular;denatran.gov.br;1809;0;0;0;0.017234
direitos_titular;denatran.gov.br;1810;0;0;0;0.005143
direitos_titular;denatran.gov.br;1811;0;0;0;0.005940
direitos_titular;denatran.gov.br;1813;0;0;0;0.052946
direitos_titular;denatran.gov.br;1814;0;0;1;0.246396
direitos_titular;denatran.gov.br;1815;0;0;0;0.021378
direitos_titular;denatran.gov.br;1816;1;0;1;0.302885
direitos_titular;denatran.gov.br;1817;0;0;0;0.007526
direitos_titular;denatran.gov.br;1818;1;1;1;0.425710
direitos_titular;denatran.gov.br;1819;1;1;0;0.082693
direitos_titular;denatran.gov.br;1820;1;1;1;0.728755
direitos_titular;denatran.gov.br;1821;1;0;1;0.862595
direitos_titular;denatran.gov.br;1822;1;1;1;0.594266
direitos_titular;denatran.gov.br;1824;0;0;0;0.013861
direitos_titular;denatran.gov.br;1825;0;0;0;0.014430
direitos_titular;denatran.gov.br;1826;0;0;0;0.014400
direitos_titular;denatran.gov.br;1827;0;0;0;0.002544
direitos_titular;denatran.gov.br;1828;0;0;0;0.004878
direitos_titular;denatran.gov.br;1829;0;0;0;0.007319
direitos_titular;denatran.gov.br;1834;0;0;0;0.002867
direitos_titular;denatran.gov.br;1835;0;0;0;0.002219
direitos_titular;denatran.gov.br;1836;0;0;0;0.027423
direitos_titular;denatran.gov.br;1837;0;0;0;0.002140
direitos_titular;denatran.gov.br;1838;0;1;1;0.538541
direitos_titular;denatran.gov.br;1841;0;0;0;0.042814
direitos_titular;denatran.gov.br;1842;0;0;0;0.002218
direitos_titular;denatran.gov.br;1843;0;0;0;0.027276
direitos_titular;denatran.gov.br;1845;0;0;0;0.002594
direitos_titular;denatran.gov.br;1846;0;0;0;0.005312
direitos_titular;denatran.gov.br;1847;0;0;0;0.004842
direitos_titular;denatran.gov.br;1848;0;0;0;0.057071
direitos_titular;denatran.gov.br;1849;0;0;0;0.019042
direitos_titular;denatran.gov.br;1850;0;0;0;0.010071
direitos_titular;denatran.gov.br;1851;0;0;0;0.005507
direitos_titular;denatran.gov.br;1852;0;0;0;0.010622
direitos_titular;denatran.gov.br;2390;0;0;0;0.003095
direitos_titular;denatran.gov.br;2391;0;0;0;0.008285
direitos_titular;denatran.gov.br;2392;0;0;0;0.008540
direitos_titular;denatran.gov.br;2393;0;0;0;0.007795
direitos_titular;denatran.gov.br;2394;0;0;0;0.006036
direitos_titular;denatran.gov.br;2395;0;0;0;0.025070
direitos_titular;denatran.gov.br;2396;0;0;0;0.030307
direitos_titular;denatran.gov.br;2397;0;0;0;0.018092
direitos_titular;denatran.gov.br;2398;0;0;0;0.014034
direitos_titular;denatran.gov.br;2399;0;0;0;0.007224
direitos_titular;denatran.gov.br;2400;0;0;0;0.010173
direitos_titular;denatran.gov.br;2401;0;0;0;0.010220
direitos_titular;denatran.gov.br;2402;0;0;0;0.009419
direitos_titular;denatran.gov.br;2403;0;0;0;0.013875
direitos_titular;denatran.gov.br;2404;0;0;0;0.008441
direitos_titular;denatran.gov.br;2405;0;0;0;0.006914
direitos_titular;denatran.gov.br;2406;0;0;0;0.004811
direitos_titular;denatran.gov.br;2407;0;0;0;0.117603
direitos_titular;denatran.gov.br;2408;0;0;0;0.006741
direitos_titular;denatran.gov.br;2409;0;0;0;0.010528
direitos_titular;denatran.gov.br;2410;0;0;0;0.015173
direitos_titular;denatran.gov.br;2411;0;0;0;0.001959
direitos_titular;denatran.gov.br;2412;0;0;1;0.264449
direitos_titular;denatran.gov.br;2413;0;0;0;0.006023
direitos_titular;denatran.gov.br;2414;0;0;0;0.006600
direitos_titular;denatran.gov.br;2415;0;0;0;0.030432
direitos_titular;denatran.gov.br;2416;0;0;0;0.115975
direitos_titular;denatran.gov.br;2417;0;0;0;0.015298
direitos_titular;denatran.gov.br;2418;0;0;0;0.019265
direitos_titular;denatran.gov.br;2419;0;0;0;0.061922
direitos_titular;denatran.gov.br;2420;0;0;0;0.003793
direitos_titular;denatran.gov.br;2421;0;0;0;0.141376
direitos_titular;denatran.gov.br;2422;0;0;1;0.171984
direitos_titular;denatran.gov.br;2423;0;0;0;0.016804
direitos_titular;denatran.gov.br;2424;0;0;0;0.001140
direitos_titular;denatran.gov.br;2426;0;0;0;0.008525
direitos_titular;denatran.gov.br;2427;0;0;0;0.005478
direitos_titular;denatran.gov.br;2428;0;0;0;0.005315
direitos_titular;denatran.gov.br;2429;0;0;0;0.003075
direitos_titular;denatran.gov.br;2430;0;0;0;0.005785
direitos_titular;denatran.gov.br;2432;0;0;0;0.004828
direitos_titular;denatran.gov.br;2434;0;0;0;0.010046
direitos_titular;denatran.gov.br;2435;0;0;0;0.018695
direitos_titular;denatran.gov.br;2436;0;0;0;0.021634
direitos_titular;denatran.gov.br;2437;0;0;0;0.004499
direitos_titular;denatran.gov.br;2438;0;0;0;0.005874
direitos_titular;denatran.gov.br;2440;0;0;0;0.003661
direitos_titular;denatran.gov.br;2441;0;0;0;0.003026
direitos_titular;denatran.gov.br;2442;0;0;0;0.013416
direitos_titular;denatran.gov.br;2443;0;0;0;0.002884
direitos_titular;denatran.gov.br;2444;0;0;0;0.002111
direitos_titular;denatran.gov.br;2445;0;0;0;0.003163
direitos_titular;denatran.gov.br;2446;0;0;0;0.005313
direitos_titular;denatran.gov.br;2447;0;0;0;0.003587
direitos_titular;denatran.gov.br;2448;0;0;0;0.004759
direitos_titular;denatran.gov.br;2449;0;0;0;0.011462
direitos_titular;denatran.gov.br;2450;0;0;0;0.003882
direitos_titular;denatran.gov.br;2451;0;0;0;0.003347
direitos_titular;denatran.gov.br;2452;0;0;0;0.005354
direitos_titular;denatran.gov.br;2453;0;0;0;0.005114
direitos_titular;denatran.gov.br;2455;0;0;0;0.001678
direitos_titular;denatran.gov.br;2456;0;0;0;0.003078
direitos_titular;denatran.gov.br;2457;0;0;0;0.003776
direitos_titular;denatran.gov.br;2458;0;0;0;0.004221
direitos_titular;denatran.gov.br;2459;0;0;0;0.009107
direitos_titular;denatran.gov.br;2460;0;0;0;0.021778
direitos_titular;denatran.gov.br;2461;0;1;0;0.003231
direitos_titular;denatran.gov.br;2462;0;0;0;0.004258
direitos_titular;denatran.gov.br;2463;0;0;0;0.006612
direitos_titular;denatran.gov.br;2464;0;0;0;0.005290
direitos_titular;denatran.gov.br;2465;0;0;0;0.007191
direitos_titular;denatran.gov.br;2466;0;0;0;0.003454
direitos_titular;denatran.gov.br;2467;0;0;0;0.006480
direitos_titular;denatran.gov.br;2468;0;0;0;0.003149
direitos_titular;denatran.gov.br;2469;0;0;0;0.003756
direitos_titular;denatran.gov.br;2470;0;0;0;0.003798
direitos_titular;denatran.gov.br;2471;0;0;0;0.004000
direitos_titular;denatran.gov.br;2472;0;0;0;0.013508
direitos_titular;denatran.gov.br;2473;0;0;0;0.004038
direitos_titular;denatran.gov.br;2474;0;0;0;0.012267
direitos_titular;denatran.gov.br;2476;0;0;0;0.006467
direitos_titular;denatran.gov.br;2477;0;0;0;0.002388
direitos_titular;denatran.gov.br;2478;0;0;0;0.001976
direitos_titular;denatran.gov.br;2479;0;0;0;0.024711
direitos_titular;denatran.gov.br;2480;0;0;0;0.003981
direitos_titular;denatran.gov.br;2481;0;0;0;0.009837
direitos_titular;denatran.gov.br;2482;0;0;0;0.003232
direitos_titular;denatran.gov.br;2483;0;0;0;0.011033
direitos_titular;denatran.gov.br;2487;0;0;0;0.007495
direitos_titular;denatran.gov.br;2489;0;0;0;0.014905
direitos_titular;denatran.gov.br;2491;0;0;0;0.005613
direitos_titular;denatran.gov.br;2493;0;0;0;0.003526
direitos_titular;denatran.gov.br;2495;0;0;0;0.004085
direitos_titular;denatran.gov.br;2497;0;0;0;0.016425
direitos_titular;denatran.gov.br;2498;0;0;0;0.008356
direitos_titular;denatran.gov.br;2499;0;0;0;0.096056
direitos_titular;denatran.gov.br;2501;0;0;0;0.032281
direitos_titular;denatran.gov.br;2502;0;0;0;0.006941
direitos_titular;denatran.gov.br;2503;0;0;0;0.008124
direitos_titular;denatran.gov.br;2505;0;0;0;0.097081
direitos_titular;denatran.gov.br;2506;0;0;0;0.009345
direitos_titular;denatran.gov.br;2507;0;0;0;0.020327
direitos_titular;denatran.gov.br;2508;0;0;0;0.018188
direitos_titular;denatran.gov.br;2509;0;0;0;0.005884
direitos_titular;denatran.gov.br;2510;0;0;0;0.009188
direitos_titular;denatran.gov.br;2511;0;0;0;0.003439
direitos_titular;denatran.gov.br;2512;0;0;0;0.017524
direitos_titular;denatran.gov.br;2514;0;0;0;0.006093
direitos_titular;denatran.gov.br;2515;0;0;0;0.005920
direitos_titular;denatran.gov.br;2516;0;0;0;0.006119
direitos_titular;denatran.gov.br;2517;0;0;0;0.002821
direitos_titular;denatran.gov.br;2518;0;0;0;0.051191
direitos_titular;denatran.gov.br;2519;0;0;0;0.037807
direitos_titular;denatran.gov.br;2521;0;0;0;0.008164
direitos_titular;denatran.gov.br;2525;0;0;0;0.004964
direitos_titular;denatran.gov.br;2529;0;0;0;0.033670
direitos_titular;denatran.gov.br;2533;0;0;0;0.016662
direitos_titular;denatran.gov.br;2534;0;0;0;0.046235
direitos_titular;denatran.gov.br;2535;0;0;0;0.016004
direitos_titular;denatran.gov.br;2537;0;0;0;0.028750
direitos_titular;denatran.gov.br;2541;0;0;0;0.019910
direitos_titular;denatran.gov.br;2545;0;0;0;0.083224
direitos_titular;denatran.gov.br;2547;0;0;0;0.048237
direitos_titular;denatran.gov.br;2549;0;0;0;0.030114
direitos_titular;denatran.gov.br;2553;0;0;0;0.075908
direitos_titular;denatran.gov.br;2554;0;0;0;0.059522
direitos_titular;denatran.gov.br;2558;0;0;0;0.016552
direitos_titular;denatran.gov.br;2559;0;0;0;0.010014
direitos_titular;denatran.gov.br;2563;0;0;0;0.014433
direitos_titular;denatran.gov.br;2564;0;0;0;0.004029
direitos_titular;denatran.gov.br;2565;0;0;0;0.005183
direitos_titular;denatran.gov.br;2569;0;0;0;0.017095
direitos_titular;denatran.gov.br;2570;0;0;0;0.021159
direitos_titular;denatran.gov.br;2571;0;0;0;0.034627
direitos_titular;denatran.gov.br;2575;0;0;0;0.007465
direitos_titular;denatran.gov.br;2579;0;0;0;0.010619
direitos_titular;denatran.gov.br;2583;0;0;0;0.005387
direitos_titular;denatran.gov.br;2587;0;0;0;0.008373
direitos_titular;denatran.gov.br;2591;0;0;0;0.009442
direitos_titular;denatran.gov.br;2593;0;0;0;0.018222
direitos_titular;denatran.gov.br;2595;0;0;0;0.005791
direitos_titular;denatran.gov.br;2597;0;0;0;0.010532
direitos_titular;denatran.gov.br;2602;0;0;0;0.011592
direitos_titular;denatran.gov.br;2603;0;0;0;0.014618
direitos_titular;denatran.gov.br;2604;0;1;0;0.032231
direitos_titular;denatran.gov.br;2605;0;0;0;0.004373
direitos_titular;denatran.gov.br;2607;0;0;0;0.010380
direitos_titular;denatran.gov.br;2608;0;0;0;0.003214
direitos_titular;denatran.gov.br;2609;0;0;0;0.005931
direitos_titular;denatran.gov.br;2610;0;0;0;0.004802
direitos_titular;denatran.gov.br;2611;0;0;0;0.005733
direitos_titular;denatran.gov.br;2612;0;0;0;0.003942
direitos_titular;denatran.gov.br;2613;0;0;0;0.002553
direitos_titular;denatran.gov.br;2614;0;0;0;0.002592
direitos_titular;denatran.gov.br;2615;0;0;0;0.004178
direitos_titular;denatran.gov.br;2616;0;0;0;0.003853
direitos_titular;denatran.gov.br;2617;0;0;0;0.054942
direitos_titular;denatran.gov.br;2618;1;1;1;0.482567
direitos_titular;denatran.gov.br;2619;1;1;1;0.435576
direitos_titular;denatran.gov.br;2620;1;0;1;0.897278
direitos_titular;denatran.gov.br;2621;0;1;1;0.914462
direitos_titular;denatran.gov.br;2622;0;1;1;0.468089
direitos_titular;denatran.gov.br;2623;0;1;1;0.378794
direitos_titular;denatran.gov.br;2624;0;1;1;0.290949
direitos_titular;denatran.gov.br;2625;0;1;1;0.440093
direitos_titular;denatran.gov.br;2626;0;1;1;0.847352
direitos_titular;denatran.gov.br;2627;0;1;1;0.378135
direitos_titular;denatran.gov.br;2628;0;0;0;0.002866
direitos_titular;denatran.gov.br;2629;0;0;0;0.002574
direitos_titular;denatran.gov.br;2630;0;0;0;0.003927
direitos_titular;denatran.gov.br;2631;0;1;0;0.024306
direitos_titular;denatran.gov.br;2632;0;1;0;0.006275
direitos_titular;denatran.gov.br;2633;0;0;0;0.003237
direitos_titular;cplug.com.br;0;0;0;0;0.001292
direitos_titular;cplug.com.br;6;0;0;0;0.003050
direitos_titular;cplug.com.br;9;0;0;0;0.004610
direitos_titular;cplug.com.br;13;0;0;0;0.003855
direitos_titular;cplug.com.br;14;0;0;0;0.003269
direitos_titular;cplug.com.br;29;0;0;0;0.001381
direitos_titular;cplug.com.br;30;0;0;0;0.002463
direitos_titular;cplug.com.br;32;0;0;0;0.001446
direitos_titular;cplug.com.br;33;0;0;0;0.000844
direitos_titular;cplug.com.br;34;0;0;0;0.004896
direitos_titular;cplug.com.br;35;0;0;0;0.003909
direitos_titular;cplug.com.br;36;0;0;0;0.018847
direitos_titular;cplug.com.br;37;0;0;0;0.003682
direitos_titular;cplug.com.br;38;0;0;0;0.002531
direitos_titular;cplug.com.br;39;0;0;0;0.002465
direitos_titular;cplug.com.br;40;0;0;0;0.004848
direitos_titular;cplug.com.br;43;0;0;0;0.002729
direitos_titular;cplug.com.br;44;0;0;0;0.002687
direitos_titular;cplug.com.br;45;0;0;0;0.005756
direitos_titular;cplug.com.br;46;0;0;0;0.003301
direitos_titular;cplug.com.br;47;0;0;0;0.009961
direitos_titular;cplug.com.br;48;0;0;0;0.121861
direitos_titular;cplug.com.br;50;0;0;0;0.004314
direitos_titular;cplug.com.br;51;0;0;0;0.007396
direitos_titular;cplug.com.br;52;0;0;0;0.006697
direitos_titular;cplug.com.br;53;0;0;0;0.020843
direitos_titular;cplug.com.br;54;0;0;0;0.019582
direitos_titular;cplug.com.br;55;0;0;0;0.009972
direitos_titular;cplug.com.br;56;0;0;0;0.005047
direitos_titular;cplug.com.br;57;0;0;0;0.014069
direitos_titular;cplug.com.br;60;0;0;0;0.013926
direitos_titular;cplug.com.br;61;0;0;0;0.023895
direitos_titular;cplug.com.br;62;0;0;0;0.070730
direitos_titular;cplug.com.br;63;0;0;0;0.007443
direitos_titular;cplug.com.br;64;0;0;0;0.003916
direitos_titular;cplug.com.br;65;0;0;0;0.002918
direitos_titular;cplug.com.br;66;0;0;0;0.003040
direitos_titular;cplug.com.br;67;0;0;0;0.005813
direitos_titular;cplug.com.br;68;0;0;0;0.006405
direitos_titular;cplug.com.br;69;0;0;0;0.007682
direitos_titular;cplug.com.br;70;0;0;0;0.006124
direitos_titular;cplug.com.br;71;0;0;0;0.001698
direitos_titular;cplug.com.br;72;0;0;0;0.016104
direitos_titular;cplug.com.br;73;0;0;0;0.004282
direitos_titular;cplug.com.br;74;0;0;0;0.009075
direitos_titular;cplug.com.br;75;0;0;0;0.007935
direitos_titular;cplug.com.br;76;0;0;0;0.008156
direitos_titular;cplug.com.br;77;0;0;0;0.015241
direitos_titular;cplug.com.br;78;0;0;0;0.004264
direitos_titular;cplug.com.br;79;0;0;0;0.004145
direitos_titular;cplug.com.br;80;0;0;0;0.005560
direitos_titular;cplug.com.br;81;0;0;0;0.004530
direitos_titular;cplug.com.br;82;0;0;0;0.007971
direitos_titular;cplug.com.br;83;0;0;0;0.003755
direitos_titular;cplug.com.br;84;0;0;0;0.004379
direitos_titular;cplug.com.br;85;0;0;0;0.041545
direitos_titular;cplug.com.br;86;0;0;0;0.010043
direitos_titular;cplug.com.br;87;0;0;0;0.010233
direitos_titular;cplug.com.br;88;0;0;0;0.002742
direitos_titular;cplug.com.br;89;0;0;0;0.005210
direitos_titular;cplug.com.br;90;0;0;0;0.004070
direitos_titular;cplug.com.br;91;0;0;0;0.007519
direitos_titular;cplug.com.br;94;0;0;0;0.011433
direitos_titular;cplug.com.br;95;0;0;0;0.009135
direitos_titular;cplug.com.br;96;0;0;0;0.002112
direitos_titular;cplug.com.br;97;0;0;0;0.006960
direitos_titular;cplug.com.br;98;0;0;0;0.013926
direitos_titular;cplug.com.br;99;0;0;0;0.016334
direitos_titular;cplug.com.br;100;0;0;0;0.090833
direitos_titular;cplug.com.br;101;0;0;0;0.015026
direitos_titular;cplug.com.br;102;0;0;0;0.013396
direitos_titular;cplug.com.br;103;0;0;0;0.003739
direitos_titular;cplug.com.br;104;0;0;0;0.004494
direitos_titular;cplug.com.br;105;0;0;0;0.013228
direitos_titular;cplug.com.br;106;0;0;0;0.006045
direitos_titular;cplug.com.br;107;0;0;0;0.015382
direitos_titular;cplug.com.br;108;0;0;0;0.004264
direitos_titular;cplug.com.br;109;0;0;0;0.003466
direitos_titular;cplug.com.br;110;0;0;0;0.004747
direitos_titular;cplug.com.br;111;0;0;0;0.004635
direitos_titular;cplug.com.br;112;0;0;0;0.002770
direitos_titular;cplug.com.br;113;0;0;0;0.002837
direitos_titular;cplug.com.br;114;0;0;0;0.002896
direitos_titular;cplug.com.br;115;0;0;0;0.007681
direitos_titular;cplug.com.br;117;0;0;0;0.007167
direitos_titular;cplug.com.br;121;0;0;0;0.017308
direitos_titular;cplug.com.br;122;0;0;0;0.013926
direitos_titular;cplug.com.br;123;0;0;0;0.026404
direitos_titular;cplug.com.br;124;0;0;0;0.070531
direitos_titular;cplug.com.br;127;0;0;0;0.005311
direitos_titular;cplug.com.br;128;0;0;0;0.008808
direitos_titular;cplug.com.br;130;0;0;0;0.029671
direitos_titular;cplug.com.br;131;0;0;0;0.014277
direitos_titular;cplug.com.br;133;0;0;0;0.005043
direitos_titular;cplug.com.br;134;0;0;0;0.007036
direitos_titular;cplug.com.br;135;0;0;0;0.008051
direitos_titular;cplug.com.br;136;0;0;0;0.004264
direitos_titular;cplug.com.br;137;0;0;0;0.004041
direitos_titular;cplug.com.br;138;0;0;0;0.005498
direitos_titular;cplug.com.br;140;0;0;0;0.005168
direitos_titular;cplug.com.br;141;0;0;0;0.006081
direitos_titular;cplug.com.br;142;0;0;0;0.004392
direitos_titular;cplug.com.br;149;0;0;0;0.010275
direitos_titular;cplug.com.br;150;0;0;0;0.003850
direitos_titular;cplug.com.br;151;0;0;0;0.015975
direitos_titular;cplug.com.br;152;0;0;0;0.003060
direitos_titular;cplug.com.br;153;0;0;0;0.003257
direitos_titular;cplug.com.br;154;0;0;0;0.003342
direitos_titular;cplug.com.br;155;0;0;0;0.003194
direitos_titular;cplug.com.br;156;0;0;0;0.054918
direitos_titular;cplug.com.br;157;0;0;0;0.011595
direitos_titular;cplug.com.br;158;0;0;0;0.004827
direitos_titular;cplug.com.br;159;0;0;0;0.015492
direitos_titular;cplug.com.br;160;0;0;0;0.012139
direitos_titular;cplug.com.br;161;0;0;0;0.008395
direitos_titular;cplug.com.br;162;0;0;0;0.021627
direitos_titular;cplug.com.br;163;0;0;0;0.004565
direitos_titular;cplug.com.br;164;0;0;0;0.018105
direitos_titular;cplug.com.br;165;0;0;0;0.005037
direitos_titular;cplug.com.br;166;0;0;0;0.013756
direitos_titular;cplug.com.br;167;0;0;0;0.007373
direitos_titular;cplug.com.br;168;0;1;0;0.068759
direitos_titular;cplug.com.br;169;0;0;0;0.005234
direitos_titular;cplug.com.br;170;0;0;0;0.004778
direitos_titular;cplug.com.br;171;0;0;0;0.004009
direitos_titular;cplug.com.br;173;0;0;0;0.002498
direitos_titular;cplug.com.br;174;0;0;0;0.003656
direitos_titular;cplug.com.br;175;0;0;0;0.002460
direitos_titular;cplug.com.br;176;0;0;0;0.004172
direitos_titular;cplug.com.br;177;0;0;0;0.001680
direitos_titular;cplug.com.br;179;0;0;0;0.004812
direitos_titular;cplug.com.br;180;0;0;0;0.007009
direitos_titular;cplug.com.br;181;0;0;0;0.026090
direitos_titular;cplug.com.br;183;0;0;0;0.002676
direitos_titular;cplug.com.br;184;0;0;0;0.003212
direitos_titular;cplug.com.br;185;0;0;0;0.005560
direitos_titular;cplug.com.br;186;0;0;0;0.010642
direitos_titular;cplug.com.br;187;0;0;0;0.008581
direitos_titular;cplug.com.br;188;0;0;0;0.007918
direitos_titular;cplug.com.br;191;0;1;0;0.007032
direitos_titular;cplug.com.br;194;0;0;0;0.026242
direitos_titular;cplug.com.br;195;1;1;1;0.544149
direitos_titular;cplug.com.br;196;1;1;1;0.324140
direitos_titular;cplug.com.br;197;1;0;1;0.861957
direitos_titular;cplug.com.br;198;1;1;1;0.781415
direitos_titular;cplug.com.br;199;1;1;1;0.466672
direitos_titular;cplug.com.br;200;1;1;0;0.004979
direitos_titular;cplug.com.br;201;0;0;0;0.004359
direitos_titular;cplug.com.br;202;1;1;1;0.574288
direitos_titular;cplug.com.br;203;0;0;0;0.008235
direitos_titular;cplug.com.br;204;0;0;0;0.055499
direitos_titular;cplug.com.br;205;0;0;0;0.005546
direitos_titular;cplug.com.br;206;0;0;0;0.010397
direitos_titular;cplug.com.br;207;0;0;0;0.032856
direitos_titular;cplug.com.br;209;0;0;0;0.033172
direitos_titular;cplug.com.br;210;0;0;0;0.005488
direitos_titular;cplug.com.br;211;0;0;0;0.017846
direitos_titular;cplug.com.br;212;0;0;0;0.002697
direitos_titular;cplug.com.br;213;0;0;0;0.060666
direitos_titular;cplug.com.br;214;0;0;0;0.004544
direitos_titular;cplug.com.br;215;0;0;0;0.017305
direitos_titular;cplug.com.br;216;0;0;0;0.041373
direitos_titular;cplug.com.br;217;0;0;0;0.007501
direitos_titular;cplug.com.br;218;0;1;1;0.490896
direitos_titular;cplug.com.br;219;0;0;0;0.027085
direitos_titular;cplug.com.br;220;0;0;0;0.052066
direitos_titular;cplug.com.br;222;0;0;0;0.001591
direitos_titular;cplug.com.br;223;0;0;0;0.036105
direitos_titular;cplug.com.br;224;0;0;0;0.022606
direitos_titular;cplug.com.br;226;0;0;1;0.129843
direitos_titular;cplug.com.br;229;0;0;0;0.002729
direitos_titular;cplug.com.br;230;0;0;0;0.002585
direitos_titular;cplug.com.br;233;0;0;0;0.001604
direitos_titular;cplug.com.br;234;0;0;0;0.004681
direitos_titular;cplug.com.br;235;0;0;0;0.003675
direitos_titular;cplug.com.br;236;0;0;0;0.001883
direitos_titular;cplug.com.br;237;0;0;0;0.008193
direitos_titular;cplug.com.br;238;0;0;0;0.004213
direitos_titular;cplug.com.br;239;0;0;0;0.005673
direitos_titular;cplug.com.br;240;0;0;0;0.007633
direitos_titular;cplug.com.br;242;0;0;0;0.002226
direitos_titular;cplug.com.br;243;0;0;0;0.002051
direitos_titular;cplug.com.br;244;0;0;0;0.002400
direitos_titular;cplug.com.br;245;0;0;0;0.003157
direitos_titular;cplug.com.br;246;0;0;0;0.001982
direitos_titular;cplug.com.br;249;0;0;0;0.001235
direitos_titular;cplug.com.br;250;0;0;0;0.001509
direitos_titular;cplug.com.br;251;0;0;0;0.000942
direitos_titular;cplug.com.br;252;0;0;0;0.005181
direitos_titular;cplug.com.br;253;0;0;0;0.001890
direitos_titular;cplug.com.br;255;0;0;0;0.000737
direitos_titular;cplug.com.br;256;0;0;0;0.001710
direitos_titular;cplug.com.br;257;0;0;0;0.010505
direitos_titular;cplug.com.br;260;0;0;0;0.001285
direitos_titular;cplug.com.br;262;0;0;0;0.001982
direitos_titular;cplug.com.br;264;0;0;0;0.004460
direitos_titular;cplug.com.br;266;0;0;0;0.002387
direitos_titular;cplug.com.br;267;0;0;0;0.004608
direitos_titular;cplug.com.br;268;0;0;0;0.007875
direitos_titular;cplug.com.br;269;0;0;0;0.004537
direitos_titular;cplug.com.br;270;0;0;0;0.003414
direitos_titular;cplug.com.br;272;0;0;0;0.002030
direitos_titular;cplug.com.br;273;0;0;0;0.003237
direitos_titular;cplug.com.br;274;0;0;0;0.001192
direitos_titular;cplug.com.br;275;0;0;0;0.004806
direitos_titular;cplug.com.br;278;0;0;0;0.002803
direitos_titular;cplug.com.br;279;0;0;0;0.008301
direitos_titular;cplug.com.br;280;0;0;0;0.009654
direitos_titular;cplug.com.br;281;0;0;0;0.003757
direitos_titular;cplug.com.br;284;0;0;0;0.001681
direitos_titular;cplug.com.br;285;0;0;0;0.006486
direitos_titular;cplug.com.br;286;0;0;0;0.002352
direitos_titular;cplug.com.br;287;0;0;0;0.007872
direitos_titular;cplug.com.br;288;0;0;0;0.006482
direitos_titular;cplug.com.br;289;0;0;0;0.004663
direitos_titular;cplug.com.br;290;0;1;0;0.006111
direitos_titular;cplug.com.br;293;0;0;0;0.003807
direitos_titular;cplug.com.br;295;0;0;0;0.002941
direitos_titular;cplug.com.br;296;0;0;0;0.003679
direitos_titular;cplug.com.br;297;0;0;0;0.003637
direitos_titular;cplug.com.br;299;0;0;0;0.004886
direitos_titular;cplug.com.br;301;0;0;0;0.003327
direitos_titular;cplug.com.br;302;0;0;0;0.008359
direitos_titular;cplug.com.br;303;0;0;0;0.008087
direitos_titular;cplug.com.br;304;0;0;0;0.002471
direitos_titular;cplug.com.br;307;0;0;0;0.005322
direitos_titular;cplug.com.br;308;0;0;0;0.005222
direitos_titular;cplug.com.br;309;0;0;0;0.004681
direitos_titular;cplug.com.br;310;0;0;0;0.024240
direitos_titular;cplug.com.br;311;0;0;0;0.004590
direitos_titular;cplug.com.br;314;0;0;0;0.008433
direitos_titular;cplug.com.br;316;0;0;0;0.002290
direitos_titular;cplug.com.br;317;0;0;0;0.002645
direitos_titular;cplug.com.br;318;0;0;0;0.006676
direitos_titular;cplug.com.br;319;0;0;0;0.006041
direitos_titular;cplug.com.br;320;0;0;0;0.006853
direitos_titular;cplug.com.br;321;0;0;0;0.003900
direitos_titular;cplug.com.br;322;0;0;0;0.006472
direitos_titular;cplug.com.br;323;0;0;0;0.004932
direitos_titular;cplug.com.br;324;0;0;0;0.009385
direitos_titular;cplug.com.br;325;0;0;0;0.006339
direitos_titular;cplug.com.br;326;0;0;0;0.005126
direitos_titular;cplug.com.br;327;0;0;0;0.011439
direitos_titular;cplug.com.br;328;0;0;0;0.009664
direitos_titular;cplug.com.br;329;0;0;0;0.008428
direitos_titular;cplug.com.br;330;0;0;0;0.002491
direitos_titular;cplug.com.br;331;0;0;0;0.004249
direitos_titular;cplug.com.br;332;0;0;0;0.007010
direitos_titular;cplug.com.br;333;0;0;0;0.006430
direitos_titular;cplug.com.br;335;0;0;0;0.005591
direitos_titular;cplug.com.br;336;0;0;0;0.009842
direitos_titular;cplug.com.br;337;0;0;0;0.002755
direitos_titular;cplug.com.br;338;0;0;0;0.004596
direitos_titular;cplug.com.br;339;0;0;0;0.006003
direitos_titular;cplug.com.br;340;0;0;0;0.004132
direitos_titular;cplug.com.br;341;0;0;0;0.002884
direitos_titular;cplug.com.br;342;0;0;0;0.003990
direitos_titular;cplug.com.br;344;0;0;0;0.002633
direitos_titular;cplug.com.br;345;0;0;0;0.004714
direitos_titular;cplug.com.br;346;0;0;0;0.008897
direitos_titular;cplug.com.br;347;0;0;0;0.002452
direitos_titular;cplug.com.br;349;0;0;0;0.005503
direitos_titular;cplug.com.br;350;0;0;0;0.009850
direitos_titular;cplug.com.br;351;0;0;0;0.005971
direitos_titular;cplug.com.br;352;0;0;0;0.001926
direitos_titular;cplug.com.br;353;0;0;0;0.009495
direitos_titular;cplug.com.br;355;0;0;0;0.007025
direitos_titular;cplug.com.br;356;0;0;0;0.007717
direitos_titular;cplug.com.br;357;0;0;0;0.005241
direitos_titular;cplug.com.br;358;0;0;0;0.007239
direitos_titular;cplug.com.br;359;0;0;0;0.003030
direitos_titular;cplug.com.br;360;0;0;0;0.009379
direitos_titular;cplug.com.br;361;0;0;0;0.004597
direitos_titular;cplug.com.br;362;0;0;0;0.005464
direitos_titular;cplug.com.br;363;0;0;0;0.005295
direitos_titular;cplug.com.br;364;0;0;0;0.007069
direitos_titular;cplug.com.br;365;0;0;0;0.010455
direitos_titular;cplug.com.br;366;0;0;0;0.005486
direitos_titular;cplug.com.br;367;0;0;0;0.004152
direitos_titular;cplug.com.br;368;0;0;0;0.004935
direitos_titular;cplug.com.br;369;0;0;0;0.006593
direitos_titular;cplug.com.br;370;0;0;0;0.012932
direitos_titular;cplug.com.br;372;0;0;0;0.003493
direitos_titular;cplug.com.br;374;0;0;0;0.011656
direitos_titular;cplug.com.br;375;0;0;0;0.004036
direitos_titular;cplug.com.br;376;0;0;0;0.000913
direitos_titular;cplug.com.br;377;0;0;0;0.019241
direitos_titular;cplug.com.br;378;0;0;0;0.008587
direitos_titular;cplug.com.br;379;0;0;1;0.194557
direitos_titular;cplug.com.br;380;0;0;0;0.010030
direitos_titular;cplug.com.br;381;0;0;1;0.143136
direitos_titular;cplug.com.br;382;0;0;0;0.003364
direitos_titular;cplug.com.br;384;0;0;0;0.004742
direitos_titular;cplug.com.br;385;0;0;0;0.055682
direitos_titular;cplug.com.br;386;0;0;0;0.004641
direitos_titular;cplug.com.br;387;0;0;0;0.006149
direitos_titular;cplug.com.br;388;0;0;0;0.010885
direitos_titular;cplug.com.br;389;0;0;0;0.003288
direitos_titular;cplug.com.br;390;0;0;0;0.005073
direitos_titular;cplug.com.br;391;0;0;0;0.009537
direitos_titular;cplug.com.br;392;0;0;0;0.010497
direitos_titular;cplug.com.br;393;0;0;0;0.014587
direitos_titular;cplug.com.br;394;0;0;0;0.005324
direitos_titular;cplug.com.br;395;0;0;0;0.005786
direitos_titular;cplug.com.br;396;0;0;0;0.003782
direitos_titular;cplug.com.br;397;0;0;0;0.005232
direitos_titular;cplug.com.br;398;0;0;0;0.029659
direitos_titular;cplug.com.br;399;0;0;0;0.004779
direitos_titular;cplug.com.br;400;0;0;0;0.006346
direitos_titular;cplug.com.br;401;0;0;0;0.009188
direitos_titular;cplug.com.br;402;0;0;0;0.010119
direitos_titular;cplug.com.br;403;0;0;0;0.070700
direitos_titular;cplug.com.br;404;0;0;0;0.009957
direitos_titular;cplug.com.br;405;0;0;0;0.016645
direitos_titular;cplug.com.br;406;0;0;0;0.003342
direitos_titular;cplug.com.br;407;0;0;0;0.003592
direitos_titular;cplug.com.br;408;0;0;0;0.003171
direitos_titular;cplug.com.br;409;0;0;0;0.008854
direitos_titular;cplug.com.br;411;0;0;0;0.032066
direitos_titular;cplug.com.br;412;0;0;0;0.019505
direitos_titular;cplug.com.br;413;0;0;0;0.046480
direitos_titular;cplug.com.br;414;0;0;0;0.009817
direitos_titular;cplug.com.br;415;0;0;0;0.013477
direitos_titular;cplug.com.br;416;0;0;0;0.027551
direitos_titular;cplug.com.br;417;0;0;0;0.028352
direitos_titular;cplug.com.br;419;0;0;1;0.139741
direitos_titular;cplug.com.br;420;0;0;0;0.009115
direitos_titular;cplug.com.br;421;0;0;0;0.046424
direitos_titular;cplug.com.br;422;0;0;0;0.009860
direitos_titular;cplug.com.br;423;0;0;0;0.006948
direitos_titular;cplug.com.br;424;0;0;0;0.078730
direitos_titular;cplug.com.br;425;0;0;0;0.008545
direitos_titular;cplug.com.br;426;0;0;0;0.050273
direitos_titular;cplug.com.br;427;0;0;0;0.052868
direitos_titular;cplug.com.br;428;0;0;0;0.017544
direitos_titular;cplug.com.br;429;0;0;0;0.093637
direitos_titular;cplug.com.br;430;0;0;0;0.059435
direitos_titular;cplug.com.br;431;1;0;0;0.124269
direitos_titular;cplug.com.br;432;1;1;1;0.964071
direitos_titular;cplug.com.br;433;1;0;1;0.711062
direitos_titular;cplug.com.br;434;1;1;1;0.617928
direitos_titular;cplug.com.br;435;1;1;1;0.863158
direitos_titular;cplug.com.br;436;1;1;1;0.689682
direitos_titular;cplug.com.br;437;1;1;1;0.214336
direitos_titular;cplug.com.br;438;0;0;0;0.021473
direitos_titular;cplug.com.br;439;0;0;0;0.010357
direitos_titular;cplug.com.br;440;0;0;0;0.010249
direitos_titular;cplug.com.br;441;0;1;0;0.076793
direitos_titular;cplug.com.br;442;0;0;0;0.000879
direitos_titular;cplug.com.br;443;0;0;0;0.101501
direitos_titular;cplug.com.br;444;0;0;0;0.005047
direitos_titular;cplug.com.br;445;0;0;0;0.003675
direitos_titular;cplug.com.br;446;0;0;0;0.014381
direitos_titular;cplug.com.br;447;0;0;0;0.009027
direitos_titular;cplug.com.br;448;0;0;0;0.014323
direitos_titular;cplug.com.br;475;0;0;0;0.002767
direitos_titular;cplug.com.br;476;0;0;0;0.003813
direitos_titular;cplug.com.br;477;0;0;0;0.001509
direitos_titular;cplug.com.br;479;0;0;0;0.004171
direitos_titular;cplug.com.br;480;0;0;0;0.001284
direitos_titular;cplug.com.br;481;0;0;0;0.002985
direitos_titular;cplug.com.br;483;0;0;0;0.001682
direitos_titular;cplug.com.br;484;0;0;0;0.003135
direitos_titular;cplug.com.br;486;0;0;0;0.003073
direitos_titular;cplug.com.br;488;0;0;0;0.002016
direitos_titular;cplug.com.br;489;0;0;0;0.010367
direitos_titular;cplug.com.br;490;0;0;0;0.001086
direitos_titular;cplug.com.br;491;0;0;0;0.001881
direitos_titular;cplug.com.br;492;0;0;0;0.005682
direitos_titular;cplug.com.br;494;0;0;0;0.001861
direitos_titular;cplug.com.br;495;0;0;0;0.005115
direitos_titular;cplug.com.br;496;0;0;0;0.003544
direitos_titular;cplug.com.br;497;0;0;0;0.012097
direitos_titular;cplug.com.br;498;0;0;0;0.021133
direitos_titular;cplug.com.br;499;0;0;0;0.002672
direitos_titular;cplug.com.br;500;0;0;0;0.011317
direitos_titular;cplug.com.br;501;0;0;0;0.019439
direitos_titular;cplug.com.br;502;0;0;0;0.004474
direitos_titular;cplug.com.br;503;0;0;0;0.002475
direitos_titular;cplug.com.br;504;0;0;0;0.009451
direitos_titular;cplug.com.br;506;0;0;0;0.003517
direitos_titular;cplug.com.br;507;0;0;0;0.002375
direitos_titular;cplug.com.br;508;0;0;0;0.003155
direitos_titular;cplug.com.br;509;0;0;0;0.005434
direitos_titular;cplug.com.br;510;0;0;0;0.002049
direitos_titular;cplug.com.br;511;0;0;0;0.005920
direitos_titular;cplug.com.br;512;0;0;0;0.006046
direitos_titular;cplug.com.br;513;0;0;0;0.002583
direitos_titular;cplug.com.br;514;0;0;0;0.004347
direitos_titular;cplug.com.br;515;0;0;0;0.014678
direitos_titular;cplug.com.br;516;0;0;0;0.002153
direitos_titular;cplug.com.br;517;0;0;0;0.002708
direitos_titular;cplug.com.br;518;0;0;0;0.002714
direitos_titular;cplug.com.br;519;0;0;0;0.004093
direitos_titular;cplug.com.br;520;0;0;0;0.002598
direitos_titular;cplug.com.br;521;0;0;0;0.017906
direitos_titular;cplug.com.br;522;0;0;0;0.022905
direitos_titular;cplug.com.br;523;0;0;0;0.009289
direitos_titular;cplug.com.br;524;0;0;0;0.067192
direitos_titular;cplug.com.br;525;0;0;0;0.011234
direitos_titular;cplug.com.br;526;0;0;0;0.006623
direitos_titular;cplug.com.br;527;0;0;0;0.003323
direitos_titular;cplug.com.br;528;0;0;0;0.003890
direitos_titular;cplug.com.br;529;0;0;0;0.004108
direitos_titular;cplug.com.br;530;0;0;0;0.003280
direitos_titular;cplug.com.br;532;0;0;0;0.003821
direitos_titular;cplug.com.br;533;0;0;0;0.010337
direitos_titular;cplug.com.br;534;0;0;0;0.005124
direitos_titular;cplug.com.br;535;0;0;0;0.013170
direitos_titular;cplug.com.br;536;0;0;0;0.015483
direitos_titular;cplug.com.br;537;0;0;0;0.007105
direitos_titular;cplug.com.br;539;0;0;0;0.007443
direitos_titular;cplug.com.br;540;0;0;0;0.004512
direitos_titular;cplug.com.br;541;0;0;0;0.009413
direitos_titular;cplug.com.br;542;0;0;0;0.004077
direitos_titular;cplug.com.br;544;0;0;0;0.006979
direitos_titular;cplug.com.br;545;0;0;0;0.050071
direitos_titular;cplug.com.br;547;0;0;0;0.014787
direitos_titular;cplug.com.br;548;0;0;0;0.022646
direitos_titular;cplug.com.br;549;0;0;0;0.012071
direitos_titular;cplug.com.br;550;0;0;0;0.003781
direitos_titular;cplug.com.br;551;0;0;0;0.018287
direitos_titular;cplug.com.br;552;0;0;0;0.009534
direitos_titular;cplug.com.br;553;0;0;0;0.003932
direitos_titular;cplug.com.br;554;0;0;0;0.009772
direitos_titular;cplug.com.br;555;0;0;0;0.032404
direitos_titular;cplug.com.br;557;0;0;0;0.004199
direitos_titular;cplug.com.br;558;0;0;0;0.004547
direitos_titular;cplug.com.br;559;0;0;0;0.007168
direitos_titular;cplug.com.br;560;0;0;0;0.004789
direitos_titular;cplug.com.br;561;0;0;0;0.007251
direitos_titular;cplug.com.br;562;0;0;0;0.007183
direitos_titular;cplug.com.br;563;0;0;0;0.006666
direitos_titular;cplug.com.br;564;0;0;0;0.006795
direitos_titular;cplug.com.br;565;0;0;0;0.001951
direitos_titular;cplug.com.br;566;0;0;0;0.003661
direitos_titular;cplug.com.br;567;0;0;0;0.005011
direitos_titular;cplug.com.br;568;0;0;0;0.006221
direitos_titular;cplug.com.br;570;0;0;0;0.004701
direitos_titular;cplug.com.br;571;0;0;0;0.002788
direitos_titular;pcd.com.br;12;0;0;0;0.003628
direitos_titular;pcd.com.br;14;0;0;0;0.002571
direitos_titular;pcd.com.br;15;0;0;0;0.002902
direitos_titular;pcd.com.br;16;0;0;0;0.002357
direitos_titular;pcd.com.br;17;0;0;0;0.000315
direitos_titular;pcd.com.br;19;0;0;0;0.003825
direitos_titular;pcd.com.br;20;0;0;0;0.003825
direitos_titular;pcd.com.br;21;0;0;0;0.004949
direitos_titular;pcd.com.br;22;0;0;0;0.002892
direitos_titular;pcd.com.br;42;0;0;0;0.000694
direitos_titular;pcd.com.br;43;0;0;0;0.000900
direitos_titular;pcd.com.br;44;0;0;0;0.001582
direitos_titular;pcd.com.br;45;0;0;0;0.003370
direitos_titular;pcd.com.br;46;0;0;0;0.003900
direitos_titular;pcd.com.br;47;0;0;0;0.012797
direitos_titular;pcd.com.br;49;0;0;0;0.002590
direitos_titular;pcd.com.br;50;0;0;0;0.002235
direitos_titular;pcd.com.br;51;0;0;0;0.024272
direitos_titular;pcd.com.br;52;0;0;0;0.003720
direitos_titular;pcd.com.br;53;0;0;0;0.012817
direitos_titular;pcd.com.br;54;0;0;0;0.011411
direitos_titular;pcd.com.br;55;0;0;0;0.006694
direitos_titular;pcd.com.br;56;0;0;1;0.168135
direitos_titular;pcd.com.br;57;0;0;0;0.018237
direitos_titular;pcd.com.br;60;0;0;0;0.002649
direitos_titular;pcd.com.br;61;0;0;0;0.003147
direitos_titular;pcd.com.br;62;0;1;0;0.056626
direitos_titular;pcd.com.br;64;0;0;0;0.001707
direitos_titular;pcd.com.br;65;0;0;0;0.003566
direitos_titular;pcd.com.br;66;0;0;0;0.003987
direitos_titular;pcd.com.br;67;0;0;0;0.004943
direitos_titular;pcd.com.br;68;0;0;0;0.004431
direitos_titular;pcd.com.br;69;0;0;0;0.002608
direitos_titular;pcd.com.br;70;0;0;0;0.002175
direitos_titular;pcd.com.br;71;0;0;0;0.004943
direitos_titular;pcd.com.br;72;0;0;0;0.002424
direitos_titular;pcd.com.br;73;0;0;0;0.004404
direitos_titular;pcd.com.br;74;0;0;0;0.004234
direitos_titular;pcd.com.br;75;0;0;0;0.005336
direitos_titular;pcd.com.br;76;0;0;0;0.001396
direitos_titular;pcd.com.br;77;0;0;0;0.005339
direitos_titular;pcd.com.br;78;0;0;0;0.005812
direitos_titular;pcd.com.br;79;0;0;0;0.004563
direitos_titular;pcd.com.br;80;0;0;0;0.003794
direitos_titular;pcd.com.br;82;0;0;0;0.005776
direitos_titular;pcd.com.br;83;0;0;0;0.022366
direitos_titular;pcd.com.br;85;0;0;0;0.009420
direitos_titular;pcd.com.br;86;0;0;0;0.059773
direitos_titular;pcd.com.br;87;0;0;0;0.011449
direitos_titular;pcd.com.br;88;0;0;0;0.020596
direitos_titular;pcd.com.br;89;0;0;1;0.468613
direitos_titular;pcd.com.br;90;0;1;0;0.011143
direitos_titular;pcd.com.br;91;0;0;0;0.038746
direitos_titular;pcd.com.br;92;0;0;0;0.003887
direitos_titular;pcd.com.br;93;0;0;0;0.015495
direitos_titular;pcd.com.br;94;0;0;0;0.005641
direitos_titular;pcd.com.br;95;0;0;0;0.003749
direitos_titular;pcd.com.br;97;0;0;0;0.012831
direitos_titular;pcd.com.br;98;0;0;0;0.032718
direitos_titular;pcd.com.br;99;0;0;0;0.021456
direitos_titular;pcd.com.br;100;0;0;0;0.018540
direitos_titular;pcd.com.br;101;0;0;0;0.053645
direitos_titular;pcd.com.br;102;0;0;0;0.033612
direitos_titular;pcd.com.br;103;0;0;0;0.003811
direitos_titular;pcd.com.br;104;0;0;0;0.004999
direitos_titular;pcd.com.br;107;0;0;0;0.022369
direitos_titular;pcd.com.br;108;0;0;0;0.081518
direitos_titular;pcd.com.br;110;0;0;0;0.002449
direitos_titular;pcd.com.br;111;0;0;0;0.029454
direitos_titular;pcd.com.br;112;0;0;0;0.007720
direitos_titular;pcd.com.br;113;0;0;0;0.012603
direitos_titular;pcd.com.br;114;0;0;0;0.017872
direitos_titular;pcd.com.br;115;0;0;0;0.012073
direitos_titular;pcd.com.br;116;0;0;0;0.006826
direitos_titular;pcd.com.br;117;0;0;0;0.002431
direitos_titular;pcd.com.br;118;0;0;0;0.004923
direitos_titular;pcd.com.br;119;0;0;0;0.012845
direitos_titular;pcd.com.br;120;0;0;0;0.003316
direitos_titular;pcd.com.br;122;0;0;0;0.011664
direitos_titular;pcd.com.br;123;0;0;0;0.004961
direitos_titular;pcd.com.br;124;0;0;0;0.006998
direitos_titular;pcd.com.br;125;0;0;0;0.003934
direitos_titular;pcd.com.br;126;0;0;0;0.009533
direitos_titular;pcd.com.br;127;0;0;0;0.006800
direitos_titular;pcd.com.br;128;0;0;0;0.003502
direitos_titular;pcd.com.br;129;0;0;0;0.010461
direitos_titular;pcd.com.br;130;0;0;0;0.009111
direitos_titular;pcd.com.br;131;0;0;0;0.005792
direitos_titular;pcd.com.br;132;0;0;0;0.003455
direitos_titular;pcd.com.br;133;0;0;0;0.004557
direitos_titular;pcd.com.br;136;0;0;0;0.006298
direitos_titular;pcd.com.br;137;0;0;0;0.003123
direitos_titular;pcd.com.br;138;0;0;0;0.003631
direitos_titular;pcd.com.br;139;0;0;0;0.004588
direitos_titular;pcd.com.br;140;0;0;0;0.003174
direitos_titular;pcd.com.br;141;0;0;0;0.002318
direitos_titular;pcd.com.br;142;0;0;0;0.001243
direitos_titular;pcd.com.br;143;0;0;0;0.003234
direitos_titular;pcd.com.br;144;0;0;0;0.004998
direitos_titular;pcd.com.br;145;0;0;0;0.003968
direitos_titular;pcd.com.br;146;0;0;0;0.002265
direitos_titular;pcd.com.br;147;0;0;0;0.003785
direitos_titular;pcd.com.br;148;0;0;0;0.003185
direitos_titular;pcd.com.br;149;0;0;0;0.002928
direitos_titular;pcd.com.br;150;0;0;0;0.004496
direitos_titular;pcd.com.br;151;0;0;0;0.013310
direitos_titular;pcd.com.br;153;0;0;0;0.005586
direitos_titular;pcd.com.br;154;0;0;0;0.004980
direitos_titular;pcd.com.br;155;0;0;0;0.004610
direitos_titular;pcd.com.br;156;0;0;0;0.002518
direitos_titular;pcd.com.br;157;0;0;0;0.004273
direitos_titular;pcd.com.br;158;0;0;0;0.003937
direitos_titular;pcd.com.br;159;0;0;0;0.001494
direitos_titular;pcd.com.br;160;0;0;0;0.002906
direitos_titular;pcd.com.br;161;0;0;0;0.003638
direitos_titular;pcd.com.br;163;0;0;0;0.002045
direitos_titular;pcd.com.br;164;0;0;0;0.001431
direitos_titular;pcd.com.br;165;0;0;0;0.004613
direitos_titular;pcd.com.br;166;0;0;0;0.001095
direitos_titular;pcd.com.br;167;0;0;0;0.002524
direitos_titular;pcd.com.br;168;0;0;0;0.005650
direitos_titular;pcd.com.br;169;0;0;0;0.001321
direitos_titular;pcd.com.br;170;0;0;0;0.003907
direitos_titular;pcd.com.br;171;0;0;0;0.003396
direitos_titular;pcd.com.br;172;0;0;0;0.001966
direitos_titular;pcd.com.br;173;0;0;0;0.002338
direitos_titular;pcd.com.br;176;0;0;0;0.001317
direitos_titular;pcd.com.br;178;0;0;0;0.004033
direitos_titular;pcd.com.br;180;0;0;0;0.006121
direitos_titular;pcd.com.br;181;0;0;0;0.035045
direitos_titular;pcd.com.br;182;0;0;0;0.009511
direitos_titular;pcd.com.br;183;0;0;0;0.017323
direitos_titular;pcd.com.br;185;0;0;0;0.051536
direitos_titular;pcd.com.br;186;0;0;0;0.033326
direitos_titular;pcd.com.br;187;0;0;0;0.003515
direitos_titular;pcd.com.br;188;0;0;0;0.019497
direitos_titular;pcd.com.br;189;0;0;0;0.033609
direitos_titular;pcd.com.br;191;0;0;0;0.039235
direitos_titular;pcd.com.br;192;0;1;0;0.004571
direitos_titular;pcd.com.br;194;0;0;0;0.022796
direitos_titular;pcd.com.br;195;0;0;0;0.003232
direitos_titular;pcd.com.br;197;0;0;0;0.005149
direitos_titular;pcd.com.br;198;0;0;0;0.013878
direitos_titular;pcd.com.br;200;0;0;0;0.024717
direitos_titular;pcd.com.br;201;0;0;0;0.009098
direitos_titular;pcd.com.br;202;0;0;0;0.046220
direitos_titular;pcd.com.br;204;0;0;0;0.002483
direitos_titular;pcd.com.br;205;0;0;0;0.004338
direitos_titular;pcd.com.br;206;0;0;0;0.004127
direitos_titular;pcd.com.br;207;0;0;0;0.004433
direitos_titular;pcd.com.br;208;0;0;0;0.003615
direitos_titular;pcd.com.br;210;0;0;0;0.007257
direitos_titular;pcd.com.br;212;0;0;0;0.003873
direitos_titular;pcd.com.br;214;0;0;0;0.002696
direitos_titular;pcd.com.br;215;0;0;0;0.002634
direitos_titular;pcd.com.br;216;0;0;0;0.002599
direitos_titular;pcd.com.br;217;0;0;0;0.004312
direitos_titular;pcd.com.br;218;0;0;0;0.002266
direitos_titular;pcd.com.br;219;0;0;0;0.004255
direitos_titular;pcd.com.br;220;0;0;0;0.002575
direitos_titular;pcd.com.br;221;0;0;0;0.004336
direitos_titular;pcd.com.br;222;0;0;0;0.003749
direitos_titular;pcd.com.br;224;0;0;0;0.006704
direitos_titular;pcd.com.br;226;0;0;0;0.004336
direitos_titular;pcd.com.br;227;0;0;0;0.005000
direitos_titular;pcd.com.br;228;0;0;0;0.012317
direitos_titular;pcd.com.br;229;0;0;0;0.004808
direitos_titular;pcd.com.br;230;0;0;0;0.005389
direitos_titular;pcd.com.br;231;0;0;0;0.004849
direitos_titular;pcd.com.br;232;0;0;0;0.006664
direitos_titular;pcd.com.br;233;0;0;0;0.003667
direitos_titular;pcd.com.br;234;0;0;0;0.005633
direitos_titular;pcd.com.br;235;0;0;0;0.004997
direitos_titular;pcd.com.br;236;0;0;0;0.005917
direitos_titular;pcd.com.br;237;0;1;0;0.018550
direitos_titular;pcd.com.br;239;0;0;0;0.005028
direitos_titular;pcd.com.br;240;0;0;0;0.003739
direitos_titular;pcd.com.br;241;0;0;0;0.002290
direitos_titular;pcd.com.br;242;0;0;0;0.002325
direitos_titular;pcd.com.br;243;0;0;0;0.005389
direitos_titular;pcd.com.br;244;0;0;0;0.003368
direitos_titular;pcd.com.br;245;0;0;0;0.003149
direitos_titular;pcd.com.br;246;0;0;0;0.003100
direitos_titular;pcd.com.br;248;0;0;0;0.004349
direitos_titular;pcd.com.br;250;0;0;0;0.003180
direitos_titular;pcd.com.br;252;0;0;0;0.003975
direitos_titular;pcd.com.br;254;0;0;0;0.003603
direitos_titular;pcd.com.br;256;0;0;0;0.001183
direitos_titular;pcd.com.br;258;0;0;0;0.003552
direitos_titular;pcd.com.br;259;0;0;0;0.005792
direitos_titular;pcd.com.br;260;0;0;0;0.002221
direitos_titular;pcd.com.br;262;0;0;0;0.005424
direitos_titular;pcd.com.br;263;0;0;0;0.005633
direitos_titular;pcd.com.br;264;0;0;0;0.005944
direitos_titular;pcd.com.br;265;0;0;0;0.007974
direitos_titular;pcd.com.br;266;0;0;0;0.007071
direitos_titular;pcd.com.br;269;0;0;0;0.004949
direitos_titular;pcd.com.br;270;0;0;0;0.005792
direitos_titular;pcd.com.br;271;0;0;0;0.002517
direitos_titular;pcd.com.br;273;0;0;0;0.004823
direitos_titular;pcd.com.br;274;0;0;0;0.005633
direitos_titular;pcd.com.br;275;0;0;0;0.007735
direitos_titular;pcd.com.br;276;0;0;0;0.003587
direitos_titular;pcd.com.br;277;0;0;0;0.004836
direitos_titular;pcd.com.br;280;0;0;0;0.006222
direitos_titular;pcd.com.br;282;0;0;0;0.005816
direitos_titular;pcd.com.br;284;0;0;0;0.006027
direitos_titular;pcd.com.br;286;0;0;0;0.002500
direitos_titular;pcd.com.br;288;0;0;0;0.004896
direitos_titular;pcd.com.br;289;0;0;0;0.005190
direitos_titular;pcd.com.br;290;0;0;0;0.002763
direitos_titular;pcd.com.br;291;0;0;0;0.010468
direitos_titular;pcd.com.br;292;0;0;0;0.001930
direitos_titular;pcd.com.br;295;0;0;0;0.002810
direitos_titular;pcd.com.br;297;0;0;0;0.002810
direitos_titular;pcd.com.br;299;0;0;0;0.005590
direitos_titular;pcd.com.br;300;0;0;0;0.005633
direitos_titular;pcd.com.br;301;0;0;0;0.002792
direitos_titular;pcd.com.br;302;0;0;0;0.004978
direitos_titular;pcd.com.br;303;0;0;0;0.003793
direitos_titular;pcd.com.br;304;0;0;0;0.004367
direitos_titular;pcd.com.br;305;0;0;0;0.003654
direitos_titular;pcd.com.br;306;0;0;0;0.003747
direitos_titular;pcd.com.br;307;0;0;0;0.009448
direitos_titular;pcd.com.br;308;0;0;0;0.005792
direitos_titular;pcd.com.br;309;0;0;0;0.012374
direitos_titular;pcd.com.br;311;0;0;0;0.005279
direitos_titular;pcd.com.br;312;0;0;0;0.030281
direitos_titular;pcd.com.br;313;0;0;0;0.003812
direitos_titular;pcd.com.br;314;0;0;0;0.005792
direitos_titular;pcd.com.br;315;0;0;0;0.012307
direitos_titular;pcd.com.br;316;0;0;0;0.002781
direitos_titular;pcd.com.br;317;0;0;0;0.003995
direitos_titular;pcd.com.br;319;0;0;0;0.012428
direitos_titular;pcd.com.br;320;0;0;0;0.004190
direitos_titular;pcd.com.br;321;0;0;0;0.008454
direitos_titular;pcd.com.br;329;0;0;0;0.003838
direitos_titular;pcd.com.br;331;0;0;0;0.004750
direitos_titular;pcd.com.br;334;0;0;0;0.004653
direitos_titular;pcd.com.br;335;0;0;0;0.004786
direitos_titular;pcd.com.br;338;0;0;0;0.004271
direitos_titular;pcd.com.br;339;0;0;0;0.003920
direitos_titular;pcd.com.br;340;0;0;0;0.003586
direitos_titular;pcd.com.br;341;0;0;0;0.003972
direitos_titular;pcd.com.br;342;0;0;0;0.002802
direitos_titular;pcd.com.br;343;0;0;0;0.002924
direitos_titular;pcd.com.br;344;1;1;0;0.067119
direitos_titular;pcd.com.br;345;0;0;0;0.010050
direitos_titular;pcd.com.br;346;0;0;0;0.005919
direitos_titular;pcd.com.br;347;0;0;0;0.003627
direitos_titular;pcd.com.br;348;0;0;0;0.003790
direitos_titular;pcd.com.br;349;0;0;0;0.005226
direitos_titular;pcd.com.br;350;0;0;0;0.002629
direitos_titular;pcd.com.br;353;0;0;0;0.003371
direitos_titular;pcd.com.br;354;0;0;0;0.003133
direitos_titular;pcd.com.br;356;0;0;0;0.004628
direitos_titular;pcd.com.br;357;0;0;0;0.012518
direitos_titular;pcd.com.br;361;0;0;0;0.001604
direitos_titular;pcd.com.br;362;0;0;0;0.006183
direitos_titular;pcd.com.br;365;0;0;0;0.010789
direitos_titular;pcd.com.br;366;0;0;0;0.006692
direitos_titular;pcd.com.br;368;0;0;0;0.005174
direitos_titular;pcd.com.br;369;0;0;0;0.004181
direitos_titular;pcd.com.br;370;0;0;0;0.002663
direitos_titular;pcd.com.br;371;0;0;0;0.007835
direitos_titular;pcd.com.br;372;0;0;0;0.002592
direitos_titular;pcd.com.br;373;0;0;0;0.010887
direitos_titular;pcd.com.br;374;0;0;0;0.018101
direitos_titular;pcd.com.br;375;0;0;0;0.061315
direitos_titular;pcd.com.br;377;0;0;0;0.009751
direitos_titular;pcd.com.br;378;0;0;0;0.003598
direitos_titular;pcd.com.br;380;0;0;0;0.009179
direitos_titular;pcd.com.br;381;0;0;0;0.003774
direitos_titular;pcd.com.br;382;0;0;0;0.005873
direitos_titular;pcd.com.br;383;0;0;0;0.006904
direitos_titular;pcd.com.br;384;0;0;0;0.008884
direitos_titular;pcd.com.br;385;0;0;0;0.002876
direitos_titular;pcd.com.br;387;0;0;0;0.004743
direitos_titular;pcd.com.br;388;0;0;0;0.004056
direitos_titular;pcd.com.br;389;0;0;0;0.005916
direitos_titular;pcd.com.br;390;0;0;0;0.006174
direitos_titular;pcd.com.br;391;0;0;0;0.005626
direitos_titular;pcd.com.br;392;0;0;0;0.004540
direitos_titular;pcd.com.br;393;0;0;0;0.051254
direitos_titular;pcd.com.br;394;0;0;0;0.003968
direitos_titular;pcd.com.br;396;0;0;0;0.007402
direitos_titular;pcd.com.br;397;0;0;0;0.012131
direitos_titular;pcd.com.br;399;0;0;0;0.011304
direitos_titular;pcd.com.br;400;0;0;0;0.006413
direitos_titular;pcd.com.br;401;0;0;0;0.007054
direitos_titular;pcd.com.br;403;0;0;0;0.001750
direitos_titular;pcd.com.br;404;0;0;0;0.001986
direitos_titular;pcd.com.br;405;0;0;0;0.002489
direitos_titular;pcd.com.br;406;0;0;0;0.002839
direitos_titular;pcd.com.br;408;0;0;0;0.086077
direitos_titular;pcd.com.br;409;0;0;0;0.004877
direitos_titular;pcd.com.br;410;0;0;0;0.001829
direitos_titular;pcd.com.br;411;0;0;0;0.008028
direitos_titular;pcd.com.br;413;0;0;0;0.047741
direitos_titular;pcd.com.br;414;0;0;0;0.005713
direitos_titular;pcd.com.br;415;0;0;0;0.011882
direitos_titular;pcd.com.br;417;0;0;0;0.005434
direitos_titular;pcd.com.br;419;0;0;0;0.006723
direitos_titular;pcd.com.br;420;0;0;0;0.014361
direitos_titular;pcd.com.br;421;0;0;0;0.006663
direitos_titular;pcd.com.br;423;0;0;0;0.004836
direitos_titular;pcd.com.br;424;0;0;0;0.006642
direitos_titular;pcd.com.br;426;0;0;0;0.002155
direitos_titular;pcd.com.br;427;0;0;0;0.001045
direitos_titular;pcd.com.br;428;0;0;0;0.003371
direitos_titular;pcd.com.br;430;0;0;0;0.002805
direitos_titular;pcd.com.br;431;0;0;0;0.002919
direitos_titular;pcd.com.br;432;0;0;0;0.002802
direitos_titular;pcd.com.br;433;0;0;0;0.003208
direitos_titular;pcd.com.br;434;0;0;0;0.004656
direitos_titular;pcd.com.br;435;0;0;0;0.004713
direitos_titular;pcd.com.br;436;0;0;0;0.003657
direitos_titular;pcd.com.br;437;0;0;0;0.004944
direitos_titular;pcd.com.br;438;0;0;0;0.004063
direitos_titular;pcd.com.br;439;0;0;0;0.006169
direitos_titular;pcd.com.br;440;0;0;0;0.004874
direitos_titular;pcd.com.br;441;0;0;0;0.008490
direitos_titular;pcd.com.br;442;0;0;0;0.004047
direitos_titular;pcd.com.br;443;0;0;0;0.004180
direitos_titular;pcd.com.br;444;0;0;0;0.009925
direitos_titular;pcd.com.br;445;0;0;0;0.003730
direitos_titular;pcd.com.br;446;0;0;0;0.004030
direitos_titular;pcd.com.br;447;0;0;0;0.004641
direitos_titular;pcd.com.br;449;0;0;0;0.006618
direitos_titular;pcd.com.br;450;0;0;0;0.005547
direitos_titular;pcd.com.br;451;0;0;0;0.002740
direitos_titular;pcd.com.br;452;0;0;0;0.003197
direitos_titular;pcd.com.br;453;0;0;0;0.004597
direitos_titular;pcd.com.br;455;0;0;0;0.003520
direitos_titular;pcd.com.br;456;0;0;0;0.005187
direitos_titular;pcd.com.br;457;0;0;0;0.003015
direitos_titular;pcd.com.br;458;0;0;0;0.003227
direitos_titular;pcd.com.br;459;0;1;0;0.080305
direitos_titular;pcd.com.br;460;0;0;0;0.001906
direitos_titular;pcd.com.br;462;0;0;0;0.007995
direitos_titular;pcd.com.br;463;0;0;0;0.011726
direitos_titular;pcd.com.br;464;0;0;0;0.001919
direitos_titular;pcd.com.br;465;0;0;0;0.005318
direitos_titular;pcd.com.br;467;0;0;0;0.004476
direitos_titular;pcd.com.br;468;0;0;0;0.002339
direitos_titular;pcd.com.br;469;0;0;0;0.004441
direitos_titular;pcd.com.br;470;0;0;0;0.002002
direitos_titular;pcd.com.br;471;0;0;0;0.004887
direitos_titular;pcd.com.br;472;0;0;0;0.004661
direitos_titular;pcd.com.br;473;0;0;0;0.003308
direitos_titular;pcd.com.br;474;0;0;0;0.006112
direitos_titular;pcd.com.br;475;0;0;0;0.003399
direitos_titular;pcd.com.br;476;0;0;0;0.003187
direitos_titular;pcd.com.br;477;0;0;0;0.008230
direitos_titular;pcd.com.br;478;0;0;0;0.002779
direitos_titular;pcd.com.br;479;0;0;0;0.003101
direitos_titular;pcd.com.br;481;0;0;0;0.003037
direitos_titular;pcd.com.br;482;0;0;0;0.002772
direitos_titular;pcd.com.br;484;0;0;0;0.005812
direitos_titular;pcd.com.br;485;0;0;0;0.005812
direitos_titular;pcd.com.br;487;0;0;0;0.004463
direitos_titular;pcd.com.br;488;0;0;0;0.009215
direitos_titular;pcd.com.br;489;0;0;0;0.002435
direitos_titular;pcd.com.br;490;0;0;0;0.004217
direitos_titular;pcd.com.br;492;0;0;1;0.221433
direitos_titular;pcd.com.br;494;0;0;0;0.058387
direitos_titular;pcd.com.br;495;0;0;1;0.120338
direitos_titular;pcd.com.br;496;0;0;0;0.004904
direitos_titular;pcd.com.br;497;0;0;0;0.011712
direitos_titular;pcd.com.br;498;0;0;0;0.009577
direitos_titular;pcd.com.br;500;0;0;0;0.012071
direitos_titular;pcd.com.br;501;0;0;0;0.038400
direitos_titular;pcd.com.br;502;0;0;0;0.006912
direitos_titular;pcd.com.br;504;0;0;0;0.026789
direitos_titular;pcd.com.br;505;0;0;0;0.002222
direitos_titular;pcd.com.br;506;0;0;0;0.003598
direitos_titular;pcd.com.br;507;0;0;0;0.002766
direitos_titular;pcd.com.br;508;0;0;0;0.009428
direitos_titular;pcd.com.br;509;0;0;0;0.002802
direitos_titular;pcd.com.br;510;0;0;0;0.003948
direitos_titular;pcd.com.br;511;0;0;0;0.002492
direitos_titular;pcd.com.br;512;0;0;0;0.004530
direitos_titular;pcd.com.br;513;0;0;0;0.007825
direitos_titular;pcd.com.br;514;0;0;0;0.004748
direitos_titular;pcd.com.br;515;0;0;0;0.002222
direitos_titular;pcd.com.br;516;0;0;0;0.058155
direitos_titular;pcd.com.br;519;1;0;0;0.013511
direitos_titular;pcd.com.br;522;0;0;0;0.006260
direitos_titular;pcd.com.br;525;0;0;0;0.019340
direitos_titular;pcd.com.br;528;0;0;0;0.002714
direitos_titular;pcd.com.br;530;0;0;1;0.221886
direitos_titular;pcd.com.br;531;0;0;0;0.004907
direitos_titular;pcd.com.br;534;0;0;0;0.042333
direitos_titular;pcd.com.br;535;0;0;1;0.166728
direitos_titular;pcd.com.br;536;0;1;0;0.035755
direitos_titular;pcd.com.br;537;0;1;0;0.071860
direitos_titular;pcd.com.br;539;0;0;0;0.005190
direitos_titular;pcd.com.br;540;0;0;0;0.010745
direitos_titular;pcd.com.br;541;0;0;0;0.006265
direitos_titular;pcd.com.br;542;0;0;0;0.004838
direitos_titular;pcd.com.br;543;0;0;0;0.006308
direitos_titular;pcd.com.br;544;0;0;0;0.007014
direitos_titular;pcd.com.br;546;0;0;0;0.006747
direitos_titular;pcd.com.br;547;1;0;0;0.034796
direitos_titular;pcd.com.br;548;1;1;1;0.690246
direitos_titular;pcd.com.br;549;0;0;0;0.045842
direitos_titular;pcd.com.br;550;0;0;0;0.002977
direitos_titular;pcd.com.br;551;0;0;0;0.003676
direitos_titular;pcd.com.br;552;0;0;0;0.005971
direitos_titular;pcd.com.br;553;0;0;0;0.006954
direitos_titular;pcd.com.br;554;0;0;0;0.007880
direitos_titular;pcd.com.br;555;1;0;0;0.014032
direitos_titular;pcd.com.br;556;0;0;0;0.007401
direitos_titular;pcd.com.br;557;0;0;0;0.040523
direitos_titular;pcd.com.br;558;0;0;0;0.043239
direitos_titular;pcd.com.br;559;0;0;0;0.009287
direitos_titular;pcd.com.br;560;0;0;0;0.008643
direitos_titular;pcd.com.br;561;0;0;0;0.005932
direitos_titular;pcd.com.br;563;1;1;1;0.516180
direitos_titular;pcd.com.br;565;1;0;1;0.568636
direitos_titular;pcd.com.br;566;1;0;1;0.183900
direitos_titular;pcd.com.br;567;1;1;1;0.209039
direitos_titular;pcd.com.br;568;1;0;1;0.554964
direitos_titular;pcd.com.br;569;1;1;1;0.651808
direitos_titular;pcd.com.br;570;1;0;1;0.584019
direitos_titular;pcd.com.br;571;1;0;1;0.798907
direitos_titular;pcd.com.br;572;0;1;0;0.059824
direitos_titular;pcd.com.br;573;1;0;1;0.225651
direitos_titular;pcd.com.br;574;1;0;1;0.876889
direitos_titular;pcd.com.br;576;1;0;1;0.266168
direitos_titular;pcd.com.br;577;0;1;0;0.037109
direitos_titular;pcd.com.br;578;1;0;0;0.057913
direitos_titular;pcd.com.br;580;1;0;1;0.247107
direitos_titular;pcd.com.br;581;1;0;0;0.020182
direitos_titular;pcd.com.br;582;1;0;0;0.013920
direitos_titular;pcd.com.br;583;1;0;0;0.008807
direitos_titular;pcd.com.br;584;1;0;0;0.015398
direitos_titular;pcd.com.br;586;1;0;1;0.870129
direitos_titular;pcd.com.br;587;0;0;0;0.012599
direitos_titular;pcd.com.br;588;0;0;0;0.002951
direitos_titular;pcd.com.br;589;0;0;0;0.022202
direitos_titular;pcd.com.br;591;0;1;1;0.776095
direitos_titular;pcd.com.br;592;1;1;1;0.958240
direitos_titular;pcd.com.br;593;0;0;0;0.003880
direitos_titular;pcd.com.br;594;0;1;0;0.108234
direitos_titular;pcd.com.br;595;0;0;0;0.023652
direitos_titular;pcd.com.br;596;0;0;1;0.182216
direitos_titular;pcd.com.br;597;0;0;0;0.008917
direitos_titular;pcd.com.br;599;0;0;0;0.079715
direitos_titular;pcd.com.br;600;0;0;0;0.008637
direitos_titular;pcd.com.br;601;0;0;0;0.047970
direitos_titular;pcd.com.br;602;0;0;0;0.005535
direitos_titular;pcd.com.br;603;0;0;0;0.004614
direitos_titular;pcd.com.br;605;0;0;0;0.045699
direitos_titular;pcd.com.br;606;0;0;0;0.006722
direitos_titular;pcd.com.br;608;0;0;0;0.006471
direitos_titular;pcd.com.br;609;0;0;0;0.020594
direitos_titular;pcd.com.br;610;0;0;0;0.004586
direitos_titular;pcd.com.br;612;0;0;0;0.003487
direitos_titular;pcd.com.br;613;0;0;0;0.040119
direitos_titular;pcd.com.br;614;0;0;0;0.015244
direitos_titular;pcd.com.br;616;0;0;0;0.002207
direitos_titular;pcd.com.br;617;0;0;0;0.021961
direitos_titular;pcd.com.br;618;0;0;0;0.003325
direitos_titular;pcd.com.br;619;0;0;0;0.005320
direitos_titular;pcd.com.br;620;0;0;0;0.012748
direitos_titular;pcd.com.br;621;0;0;0;0.002811
direitos_titular;pcd.com.br;622;0;0;0;0.004738
direitos_titular;pcd.com.br;623;0;1;0;0.046394
direitos_titular;pcd.com.br;624;0;0;0;0.007980
direitos_titular;pcd.com.br;625;0;0;0;0.013239
direitos_titular;pcd.com.br;627;0;0;0;0.004447
direitos_titular;pcd.com.br;628;0;0;0;0.007465
direitos_titular;pcd.com.br;629;0;0;0;0.002210
direitos_titular;pcd.com.br;630;0;0;0;0.017127
direitos_titular;pcd.com.br;631;0;0;0;0.001417
direitos_titular;pcd.com.br;632;0;0;0;0.006496
direitos_titular;pcd.com.br;635;0;0;0;0.014796
direitos_titular;pcd.com.br;636;0;0;0;0.002927
direitos_titular;pcd.com.br;637;0;0;0;0.005027
direitos_titular;pcd.com.br;638;0;0;0;0.003236
direitos_titular;pcd.com.br;640;0;0;0;0.026823
direitos_titular;pcd.com.br;641;0;0;0;0.003867
direitos_titular;pcd.com.br;642;0;0;0;0.005537
direitos_titular;pcd.com.br;644;0;0;0;0.008006
direitos_titular;pcd.com.br;645;0;0;0;0.014489
direitos_titular;pcd.com.br;646;0;0;0;0.018716
direitos_titular;pcd.com.br;647;0;0;0;0.004565
direitos_titular;pcd.com.br;649;0;0;0;0.003049
direitos_titular;pcd.com.br;650;0;0;0;0.008578
direitos_titular;pcd.com.br;652;0;0;0;0.004905
direitos_titular;pcd.com.br;653;0;0;0;0.010417
direitos_titular;pcd.com.br;655;0;0;0;0.004849
direitos_titular;pcd.com.br;656;0;0;0;0.046316
direitos_titular;pcd.com.br;658;0;0;0;0.014238
direitos_titular;pcd.com.br;659;0;0;0;0.001833
direitos_titular;pcd.com.br;661;0;0;0;0.002066
direitos_titular;pcd.com.br;662;0;0;0;0.004489
direitos_titular;pcd.com.br;663;0;0;0;0.008438
direitos_titular;pcd.com.br;664;0;0;0;0.006430
direitos_titular;pcd.com.br;665;0;0;0;0.002790
direitos_titular;pcd.com.br;668;0;0;0;0.001520
direitos_titular;pcd.com.br;669;0;0;0;0.002540
direitos_titular;pcd.com.br;670;0;0;0;0.002672
direitos_titular;pcd.com.br;671;0;0;0;0.001699
direitos_titular;pcd.com.br;672;0;0;0;0.003405
direitos_titular;pcd.com.br;673;0;0;0;0.003537
direitos_titular;pcd.com.br;674;0;0;0;0.003305
direitos_titular;pcd.com.br;675;0;0;0;0.003188
direitos_titular;pcd.com.br;676;0;0;0;0.004192
direitos_titular;pcd.com.br;677;0;0;0;0.002075
direitos_titular;pcd.com.br;678;0;0;0;0.003185
direitos_titular;pcd.com.br;679;0;0;0;0.003627
direitos_titular;pcd.com.br;680;0;0;0;0.003342
direitos_titular;pcd.com.br;681;0;0;0;0.001351
direitos_titular;pcd.com.br;682;0;0;0;0.002101
direitos_titular;pcd.com.br;683;0;0;0;0.003617
direitos_titular;pcd.com.br;685;0;0;0;0.005488
direitos_titular;pcd.com.br;686;0;0;0;0.001602
direitos_titular;pcd.com.br;687;0;0;0;0.002047
direitos_titular;pcd.com.br;688;0;0;0;0.001892
direitos_titular;pcd.com.br;689;0;0;0;0.002119
direitos_titular;pcd.com.br;690;0;0;0;0.002046
direitos_titular;pcd.com.br;691;0;0;0;0.003551
direitos_titular;pcd.com.br;692;0;0;0;0.002637
direitos_titular;pcd.com.br;693;0;1;0;0.008304
direitos_titular;pcd.com.br;694;0;0;0;0.005161
direitos_titular;pcd.com.br;695;0;0;0;0.004209
direitos_titular;pcd.com.br;696;0;0;0;0.019971
direitos_titular;pcd.com.br;697;0;0;0;0.004214
direitos_titular;pcd.com.br;698;0;0;0;0.001506
direitos_titular;pcd.com.br;700;0;0;0;0.005638
direitos_titular;pcd.com.br;701;0;0;0;0.001396
direitos_titular;pcd.com.br;702;0;0;0;0.009987
direitos_titular;pcd.com.br;703;0;0;0;0.001502
direitos_titular;pcd.com.br;704;0;0;0;0.003953
direitos_titular;pcd.com.br;705;0;0;0;0.003380
direitos_titular;pcd.com.br;706;0;0;0;0.003697
direitos_titular;pcd.com.br;707;0;0;0;0.003941
direitos_titular;pcd.com.br;708;0;0;0;0.003941
direitos_titular;pcd.com.br;709;0;0;0;0.003968
direitos_titular;pcd.com.br;710;0;0;0;0.005211
direitos_titular;pcd.com.br;711;0;0;0;0.001819
direitos_titular;pcd.com.br;712;0;0;0;0.002968
direitos_titular;pcd.com.br;714;0;0;0;0.018983
direitos_titular;pcd.com.br;715;0;0;0;0.005938
direitos_titular;pcd.com.br;716;0;0;0;0.003319
direitos_titular;pcd.com.br;717;0;1;0;0.013851
direitos_titular;pcd.com.br;718;0;0;0;0.006358
direitos_titular;pcd.com.br;719;0;0;0;0.008455
direitos_titular;pcd.com.br;720;0;0;0;0.010838
direitos_titular;pcd.com.br;721;0;0;0;0.009769
direitos_titular;pcd.com.br;722;0;0;0;0.002347
direitos_titular;pcd.com.br;723;0;0;0;0.005365
direitos_titular;pcd.com.br;725;0;0;0;0.001396
direitos_titular;pcd.com.br;726;0;0;0;0.011809
direitos_titular;pcd.com.br;727;0;0;0;0.003859
direitos_titular;pcd.com.br;728;0;0;0;0.002268
direitos_titular;pcd.com.br;729;0;0;0;0.006042
direitos_titular;pcd.com.br;732;0;0;0;0.020453
direitos_titular;pcd.com.br;733;0;0;0;0.001594
direitos_titular;pcd.com.br;734;0;0;0;0.003048
direitos_titular;pcd.com.br;735;0;0;0;0.003611
direitos_titular;pcd.com.br;738;0;0;0;0.005429
direitos_titular;pcd.com.br;739;0;0;0;0.003863
direitos_titular;pcd.com.br;740;0;0;0;0.004713
direitos_titular;pcd.com.br;742;0;0;0;0.001308
direitos_titular;pcd.com.br;744;0;0;0;0.000959
direitos_titular;pcd.com.br;745;0;0;0;0.021665
direitos_titular;pcd.com.br;746;0;0;0;0.004763
direitos_titular;pcd.com.br;755;0;0;0;0.023411
direitos_titular;pcd.com.br;757;0;0;0;0.004077
direitos_titular;pcd.com.br;762;0;0;0;0.003904
direitos_titular;pcd.com.br;764;0;0;0;0.005384
direitos_titular;pcd.com.br;768;0;0;0;0.004651
direitos_titular;pcd.com.br;774;0;0;0;0.002058
direitos_titular;pcd.com.br;775;0;0;0;0.005680
direitos_titular;pcd.com.br;780;0;0;0;0.005270
direitos_titular;pcd.com.br;783;0;0;0;0.000315
direitos_titular;pcd.com.br;786;0;0;0;0.004411
direitos_titular;pcd.com.br;793;0;0;0;0.000694
direitos_titular;pcd.com.br;794;0;0;0;0.001542
direitos_titular;pcd.com.br;799;0;0;0;0.004173
direitos_titular;pcd.com.br;800;0;0;0;0.005066
direitos_titular;pcd.com.br;801;0;0;0;0.004421
direitos_titular;pcd.com.br;802;0;0;0;0.000945
direitos_titular;pcd.com.br;845;0;0;0;0.001159
direitos_titular;pcd.com.br;848;0;0;0;0.004649
direitos_titular;pcd.com.br;849;0;0;0;0.002958
direitos_titular;pcd.com.br;850;0;0;0;0.002839
direitos_titular;pcd.com.br;854;0;0;0;0.061194
direitos_titular;pcd.com.br;856;0;0;0;0.012193
direitos_titular;pcd.com.br;857;0;0;0;0.038890
direitos_titular;pcd.com.br;858;0;0;0;0.003631
direitos_titular;pcd.com.br;859;0;0;0;0.011122
direitos_titular;pcd.com.br;860;0;0;0;0.009004
direitos_titular;pcd.com.br;861;0;0;0;0.002235
direitos_titular;pcd.com.br;862;0;0;0;0.003821
direitos_titular;pcd.com.br;864;0;0;0;0.005547
direitos_titular;pcd.com.br;867;0;0;0;0.009140
direitos_titular;pcd.com.br;868;0;0;0;0.002916
direitos_titular;pcd.com.br;870;0;0;0;0.006295
direitos_titular;pcd.com.br;871;0;0;0;0.016482
direitos_titular;pcd.com.br;872;0;0;0;0.004557
direitos_titular;pcd.com.br;875;0;0;0;0.004933
direitos_titular;pcd.com.br;876;0;0;0;0.015233
direitos_titular;pcd.com.br;880;0;0;0;0.005065
direitos_titular;pcd.com.br;881;0;0;0;0.004956
direitos_titular;pcd.com.br;882;0;0;0;0.005980
direitos_titular;pcd.com.br;883;0;0;0;0.004967
direitos_titular;pcd.com.br;884;0;0;0;0.004449
direitos_titular;pcd.com.br;885;0;0;0;0.009239
direitos_titular;pcd.com.br;886;0;0;0;0.015233
direitos_titular;pcd.com.br;887;0;0;0;0.005298
direitos_titular;pcd.com.br;893;0;0;0;0.003206
direitos_titular;pcd.com.br;894;0;0;0;0.007904
direitos_titular;pcd.com.br;895;0;0;0;0.002919
direitos_titular;pcd.com.br;897;0;0;0;0.007167
direitos_titular;pcd.com.br;899;0;0;0;0.005430
direitos_titular;pcd.com.br;901;0;0;0;0.022863
direitos_titular;pcd.com.br;903;0;0;0;0.033174
direitos_titular;pcd.com.br;905;0;0;0;0.008016
direitos_titular;pcd.com.br;906;0;0;0;0.003739
direitos_titular;pcd.com.br;907;0;0;0;0.006411
direitos_titular;pcd.com.br;909;0;0;0;0.007133
direitos_titular;pcd.com.br;911;0;0;0;0.001867
direitos_titular;pcd.com.br;913;0;0;0;0.006059
direitos_titular;pcd.com.br;915;0;0;0;0.003183
direitos_titular;pcd.com.br;916;0;0;0;0.003137
direitos_titular;pcd.com.br;917;0;0;0;0.020238
direitos_titular;pcd.com.br;918;0;0;0;0.005143
direitos_titular;pcd.com.br;919;0;0;0;0.004239
direitos_titular;pcd.com.br;920;0;0;0;0.007532
direitos_titular;pcd.com.br;921;0;0;0;0.013106
direitos_titular;pcd.com.br;922;0;0;0;0.003930
direitos_titular;pcd.com.br;923;0;0;0;0.003781
direitos_titular;pcd.com.br;924;0;0;0;0.002133
direitos_titular;pcd.com.br;925;0;0;0;0.002510
direitos_titular;pcd.com.br;926;0;0;0;0.009142
direitos_titular;pcd.com.br;927;0;0;0;0.010286
direitos_titular;pcd.com.br;928;0;0;0;0.060728
direitos_titular;pcd.com.br;929;0;0;0;0.003716
direitos_titular;pcd.com.br;931;0;0;0;0.008037
direitos_titular;pcd.com.br;933;0;0;0;0.002796
direitos_titular;pcd.com.br;934;0;0;0;0.006021
direitos_titular;pcd.com.br;939;0;0;0;0.084198
direitos_titular;pcd.com.br;946;0;0;0;0.007700
direitos_titular;pcd.com.br;947;0;0;0;0.003549
direitos_titular;pcd.com.br;948;0;0;0;0.005956
direitos_titular;pcd.com.br;949;0;0;0;0.003492
direitos_titular;pcd.com.br;951;0;0;0;0.007010
direitos_titular;pcd.com.br;952;0;0;0;0.019225
direitos_titular;pcd.com.br;953;0;0;0;0.005375
direitos_titular;pcd.com.br;954;0;0;0;0.004667
direitos_titular;pcd.com.br;955;0;0;0;0.010359
direitos_titular;pcd.com.br;956;0;0;0;0.014884
direitos_titular;pcd.com.br;957;0;0;0;0.004246
direitos_titular;pcd.com.br;959;0;0;0;0.016906
direitos_titular;pcd.com.br;960;0;0;0;0.020109
direitos_titular;pcd.com.br;962;0;0;0;0.005454
direitos_titular;pcd.com.br;963;0;0;0;0.007878
direitos_titular;pcd.com.br;964;0;0;0;0.005815
direitos_titular;pcd.com.br;965;0;0;0;0.008349
direitos_titular;pcd.com.br;968;0;0;0;0.023438
direitos_titular;pcd.com.br;971;0;0;1;0.118769
direitos_titular;pcd.com.br;983;0;0;0;0.002832
direitos_titular;pcd.com.br;988;0;0;0;0.015086
direitos_titular;pcd.com.br;989;0;0;0;0.002468
direitos_titular;pcd.com.br;991;0;0;0;0.003514
direitos_titular;pcd.com.br;992;0;0;0;0.005626
direitos_titular;pcd.com.br;993;0;0;0;0.075719
direitos_titular;pcd.com.br;998;0;0;0;0.007878
direitos_titular;pcd.com.br;1001;0;0;0;0.004138
direitos_titular;pcd.com.br;1005;0;0;0;0.021533
direitos_titular;pcd.com.br;1006;0;0;0;0.003861
direitos_titular;pcd.com.br;1007;0;0;0;0.002093
direitos_titular;pcd.com.br;1009;0;0;0;0.003801
direitos_titular;pcd.com.br;1010;0;0;0;0.003208
direitos_titular;pcd.com.br;1011;0;0;0;0.005472
direitos_titular;pcd.com.br;1015;0;0;0;0.015642
direitos_titular;pcd.com.br;1016;0;0;0;0.011166
direitos_titular;pcd.com.br;1019;0;0;0;0.004411
direitos_titular;pcd.com.br;1020;0;0;0;0.002779
direitos_titular;pcd.com.br;1022;0;0;0;0.043325
direitos_titular;pcd.com.br;1023;0;0;0;0.005731
direitos_titular;pcd.com.br;1024;0;0;0;0.002924
direitos_titular;pcd.com.br;1025;0;0;0;0.003479
direitos_titular;pcd.com.br;1027;0;0;0;0.003282
direitos_titular;pcd.com.br;1028;0;0;0;0.026831
direitos_titular;pcd.com.br;1029;1;1;1;0.938326
direitos_titular;pcd.com.br;1030;1;1;1;0.765729
direitos_titular;pcd.com.br;1031;1;1;0;0.053875
direitos_titular;pcd.com.br;1033;1;1;1;0.377007
direitos_titular;pcd.com.br;1035;0;0;0;0.004255
direitos_titular;pcd.com.br;1036;0;0;0;0.003519
direitos_titular;pcd.com.br;1038;0;0;0;0.012521
direitos_titular;pcd.com.br;1039;0;0;0;0.005943
direitos_titular;pcd.com.br;1040;0;0;0;0.002544
direitos_titular;pcd.com.br;1042;0;0;0;0.000711
direitos_titular;pcd.com.br;1043;0;0;0;0.006866
direitos_titular;pcd.com.br;1044;0;0;0;0.003827
direitos_titular;pcd.com.br;1045;0;0;0;0.009543
direitos_titular;pcd.com.br;1047;0;0;0;0.001944
direitos_titular;pcd.com.br;1148;0;0;0;0.002213
direitos_titular;pcd.com.br;1151;0;0;0;0.002193
direitos_titular;pcd.com.br;1154;0;0;0;0.001580
direitos_titular;pcd.com.br;1155;0;0;0;0.003348
direitos_titular;pcd.com.br;1156;0;0;0;0.003702
direitos_titular;pcd.com.br;1159;0;0;0;0.000899
direitos_titular;pcd.com.br;1161;0;0;0;0.003464
direitos_titular;pcd.com.br;1163;0;0;0;0.002245
direitos_titular;pcd.com.br;1165;0;0;0;0.001946
direitos_titular;pcd.com.br;1166;0;0;0;0.006933
direitos_titular;pcd.com.br;1167;0;0;0;0.005679
direitos_titular;pcd.com.br;1168;0;0;0;0.005848
direitos_titular;pcd.com.br;1169;0;0;0;0.003429
direitos_titular;pcd.com.br;1171;0;0;0;0.062378
direitos_titular;pcd.com.br;1172;0;0;0;0.003699
direitos_titular;pcd.com.br;1173;0;0;0;0.002951
direitos_titular;pcd.com.br;1174;0;0;0;0.029159
direitos_titular;pcd.com.br;1175;0;0;0;0.002066
direitos_titular;pcd.com.br;1176;0;0;0;0.003054
direitos_titular;pcd.com.br;1178;0;0;0;0.103761
direitos_titular;pcd.com.br;1179;0;0;0;0.050911
direitos_titular;pcd.com.br;1180;0;0;0;0.008466
direitos_titular;pcd.com.br;1181;0;0;0;0.016672
direitos_titular;pcd.com.br;1182;0;0;0;0.005122
direitos_titular;pcd.com.br;1183;0;1;1;0.801872
direitos_titular;pcd.com.br;1184;0;1;0;0.096742
direitos_titular;pcd.com.br;1186;0;0;0;0.002708
direitos_titular;pcd.com.br;1187;0;0;0;0.002744
direitos_titular;pcd.com.br;1188;0;0;0;0.006729
direitos_titular;pcd.com.br;1190;0;1;0;0.050114
direitos_titular;pcd.com.br;1191;0;1;1;0.637741
direitos_titular;pcd.com.br;1192;0;0;0;0.001910
direitos_titular;pcd.com.br;1194;0;0;0;0.003236
direitos_titular;pcd.com.br;1195;0;0;0;0.012552
direitos_titular;pcd.com.br;1196;0;0;0;0.003732
direitos_titular;pcd.com.br;1197;0;0;0;0.010770
direitos_titular;pcd.com.br;1200;0;0;0;0.001527
direitos_titular;pcd.com.br;1204;0;0;0;0.002866
direitos_titular;pcd.com.br;1205;0;0;0;0.003759
direitos_titular;pcd.com.br;1206;0;0;0;0.004167
direitos_titular;pcd.com.br;1210;0;0;0;0.002328
direitos_titular;pcd.com.br;1211;0;0;0;0.002958
direitos_titular;pcd.com.br;1212;0;0;0;0.005041
direitos_titular;pcd.com.br;1214;0;0;0;0.002710
direitos_titular;pcd.com.br;1216;0;0;0;0.003018
direitos_titular;pcd.com.br;1217;0;0;0;0.002235
direitos_titular;pcd.com.br;1218;0;0;0;0.027070
direitos_titular;pcd.com.br;1220;0;0;0;0.003737
direitos_titular;pcd.com.br;1221;0;0;0;0.002378
direitos_titular;pcd.com.br;1222;0;0;0;0.035521
direitos_titular;pcd.com.br;1223;0;0;0;0.002745
direitos_titular;pcd.com.br;1224;0;0;0;0.001362
direitos_titular;pcd.com.br;1225;0;0;0;0.003699
direitos_titular;pcd.com.br;1227;0;0;0;0.007052
direitos_titular;pcd.com.br;1230;0;0;0;0.003682
direitos_titular;pcd.com.br;1232;0;0;0;0.006245
direitos_titular;pcd.com.br;1234;0;0;0;0.005046
direitos_titular;pcd.com.br;1235;0;0;0;0.006443
direitos_titular;pcd.com.br;1236;0;0;0;0.004242
direitos_titular;pcd.com.br;1239;0;0;0;0.006545
direitos_titular;pcd.com.br;1240;0;0;0;0.008567
direitos_titular;pcd.com.br;1242;0;0;0;0.003412
direitos_titular;pcd.com.br;1243;0;0;0;0.004387
direitos_titular;pcd.com.br;1244;0;0;0;0.001748
direitos_titular;pcd.com.br;1246;0;0;0;0.041097
direitos_titular;pcd.com.br;1247;0;0;0;0.006733
direitos_titular;pcd.com.br;1248;0;0;0;0.043882
direitos_titular;pcd.com.br;1249;0;0;0;0.009012
direitos_titular;pcd.com.br;1250;0;0;0;0.002799
direitos_titular;pcd.com.br;1251;0;0;0;0.004396
direitos_titular;pcd.com.br;1252;0;0;0;0.002470
direitos_titular;pcd.com.br;1253;0;0;0;0.009109
direitos_titular;pcd.com.br;1255;0;0;1;0.190269
direitos_titular;pcd.com.br;1257;0;0;0;0.011853
direitos_titular;pcd.com.br;1258;0;0;0;0.008159
direitos_titular;pcd.com.br;1260;0;0;0;0.018045
direitos_titular;pcd.com.br;1261;0;0;0;0.004579
direitos_titular;pcd.com.br;1262;0;0;0;0.038492
direitos_titular;pcd.com.br;1264;0;0;0;0.002266
direitos_titular;pcd.com.br;1265;0;0;0;0.004421
direitos_titular;pcd.com.br;1266;0;1;1;0.369224
direitos_titular;pcd.com.br;1268;0;0;0;0.005369
direitos_titular;pcd.com.br;1269;0;0;0;0.005510
direitos_titular;pcd.com.br;1270;0;0;0;0.002126
direitos_titular;pcd.com.br;1271;0;0;0;0.021257
direitos_titular;pcd.com.br;1272;0;0;0;0.028044
direitos_titular;pcd.com.br;1274;0;1;1;0.154067
direitos_titular;pcd.com.br;1275;0;1;0;0.081176
direitos_titular;pcd.com.br;1276;0;0;0;0.010485
direitos_titular;pcd.com.br;1277;0;0;0;0.025071
direitos_titular;pcd.com.br;1279;0;0;0;0.004184
direitos_titular;pcd.com.br;1280;0;0;0;0.003284
direitos_titular;pcd.com.br;1281;0;0;0;0.001494
direitos_titular;pcd.com.br;1282;0;0;0;0.004244
direitos_titular;pcd.com.br;1284;0;0;0;0.002133
direitos_titular;pcd.com.br;1285;0;0;0;0.004212
direitos_titular;pcd.com.br;1286;0;0;0;0.012562
direitos_titular;pcd.com.br;1288;0;0;0;0.004520
direitos_titular;pcd.com.br;1289;0;0;0;0.002368
direitos_titular;pcd.com.br;1290;0;0;0;0.002958
direitos_titular;pcd.com.br;1293;0;0;0;0.006305
direitos_titular;pcd.com.br;1294;0;0;0;0.009508
direitos_titular;pcd.com.br;1295;0;0;0;0.014277
direitos_titular;pcd.com.br;1296;0;0;0;0.002503
direitos_titular;pcd.com.br;1297;0;0;0;0.005125
direitos_titular;pcd.com.br;1298;0;0;0;0.003618
direitos_titular;pcd.com.br;1299;0;0;0;0.006023
direitos_titular;pcd.com.br;1300;0;0;0;0.010978
direitos_titular;pcd.com.br;1301;0;0;0;0.013045
direitos_titular;pcd.com.br;1303;0;0;0;0.004729
direitos_titular;pcd.com.br;1304;0;0;0;0.006880
direitos_titular;pcd.com.br;1305;0;0;0;0.002430
direitos_titular;pcd.com.br;1306;0;0;0;0.004112
direitos_titular;pcd.com.br;1307;0;0;0;0.012784
direitos_titular;pcd.com.br;1308;0;0;0;0.002260
direitos_titular;pcd.com.br;1309;0;0;0;0.023497
direitos_titular;pcd.com.br;1310;0;0;0;0.004636
direitos_titular;pcd.com.br;1312;0;0;0;0.007431
direitos_titular;pcd.com.br;1314;0;0;0;0.004535
direitos_titular;pcd.com.br;1316;0;0;0;0.003523
direitos_titular;pcd.com.br;1318;0;0;0;0.005265
direitos_titular;pcd.com.br;1320;0;0;0;0.002608
direitos_titular;pcd.com.br;1322;0;0;0;0.003581
direitos_titular;pcd.com.br;1324;0;0;0;0.005882
direitos_titular;pcd.com.br;1327;0;0;0;0.000887
direitos_titular;pcd.com.br;1328;0;0;0;0.004831
direitos_titular;pcd.com.br;1331;0;0;0;0.009580
direitos_titular;pcd.com.br;1334;0;0;0;0.011217
direitos_titular;pcd.com.br;1335;0;0;0;0.004750
direitos_titular;pcd.com.br;1336;0;0;0;0.003480
direitos_titular;pcd.com.br;1339;0;0;0;0.002447
direitos_titular;pcd.com.br;1340;0;0;0;0.002774
direitos_titular;pcd.com.br;1343;0;0;0;0.001973
direitos_titular;pcd.com.br;1345;0;0;0;0.002200
direitos_titular;pcd.com.br;1404;0;0;0;0.002618
direitos_titular;pcd.com.br;1406;0;0;0;0.004588
direitos_titular;pcd.com.br;1408;0;0;0;0.005586
direitos_titular;pcd.com.br;1410;0;0;0;0.002125
direitos_titular;pcd.com.br;1412;0;0;0;0.008267
direitos_titular;pcd.com.br;1414;0;1;0;0.039005
direitos_titular;pcd.com.br;1418;0;0;0;0.001837
direitos_titular;pcd.com.br;1427;0;0;0;0.002685
direitos_titular;pcd.com.br;1429;0;1;0;0.020553
direitos_titular;pcd.com.br;1430;0;0;0;0.002534
direitos_titular;pcd.com.br;1446;0;0;0;0.017492
direitos_titular;pcd.com.br;1450;0;0;0;0.005224
direitos_titular;pcd.com.br;1459;0;0;0;0.033335
direitos_titular;pcd.com.br;1467;0;0;0;0.005833
direitos_titular;pcd.com.br;1471;0;0;0;0.003959
direitos_titular;pcd.com.br;1472;0;0;0;0.004923
direitos_titular;pcd.com.br;1473;0;0;0;0.012845
direitos_titular;pcd.com.br;1475;0;0;0;0.005132
direitos_titular;pcd.com.br;1476;0;0;0;0.004866
direitos_titular;pcd.com.br;1477;0;0;0;0.009533
direitos_titular;pcd.com.br;1478;0;0;0;0.004592
direitos_titular;pcd.com.br;1480;0;0;0;0.003937
direitos_titular;pcd.com.br;1484;0;0;0;0.003192
direitos_titular;pcd.com.br;1487;0;0;0;0.002632
direitos_titular;pcd.com.br;1488;0;0;0;0.006231
direitos_titular;pcd.com.br;1494;0;0;0;0.001658
direitos_titular;pcd.com.br;1496;0;0;0;0.001501
direitos_titular;pcd.com.br;1499;0;0;0;0.002524
direitos_titular;pcd.com.br;1500;0;0;0;0.005650
direitos_titular;pcd.com.br;1502;0;0;0;0.003907
direitos_titular;pcd.com.br;1504;0;0;0;0.001966
direitos_titular;pcd.com.br;1506;0;0;0;0.001478
direitos_titular;pcd.com.br;1512;0;0;0;0.002214
direitos_titular;pcd.com.br;1531;0;0;0;0.009098
direitos_titular;pcd.com.br;1537;0;0;0;0.004433
direitos_titular;pcd.com.br;1545;0;0;0;0.002634
direitos_titular;pcd.com.br;1547;0;0;0;0.004312
direitos_titular;pcd.com.br;1548;0;0;0;0.002266
direitos_titular;pcd.com.br;1549;0;0;0;0.004255
direitos_titular;pcd.com.br;1551;0;0;0;0.001154
direitos_titular;pcd.com.br;1556;0;0;0;0.004929
direitos_titular;pcd.com.br;1558;0;0;0;0.004846
direitos_titular;pcd.com.br;1560;0;0;0;0.006664
direitos_titular;pcd.com.br;1562;0;0;0;0.005633
direitos_titular;pcd.com.br;1566;0;0;0;0.004593
direitos_titular;pcd.com.br;1567;0;0;0;0.005224
direitos_titular;pcd.com.br;1568;0;0;0;0.010174
direitos_titular;pcd.com.br;1569;0;0;0;0.001325
direitos_titular;pcd.com.br;1570;0;0;0;0.005060
direitos_titular;pcd.com.br;1596;0;0;0;0.007071
direitos_titular;pcd.com.br;1604;0;0;0;0.005633
direitos_titular;pcd.com.br;1608;0;0;0;0.001291
direitos_titular;pcd.com.br;1618;0;0;0;0.005190
direitos_titular;pcd.com.br;1629;0;0;0;0.005633
direitos_titular;pcd.com.br;1633;0;0;0;0.004367
direitos_titular;pcd.com.br;1636;0;0;0;0.009448
direitos_titular;pcd.com.br;1637;0;0;0;0.005792
direitos_titular;pcd.com.br;1639;0;0;0;0.005279
direitos_titular;pcd.com.br;1640;0;0;0;0.023877
direitos_titular;pcd.com.br;1643;0;0;0;0.001021
direitos_titular;pcd.com.br;1645;0;0;0;0.004822
direitos_titular;pcd.com.br;1647;0;0;0;0.000630
direitos_titular;pcd.com.br;1648;0;0;0;0.002718
direitos_titular;pcd.com.br;1659;0;0;0;0.002842
direitos_titular;pcd.com.br;1663;0;0;0;0.008544
direitos_titular;pcd.com.br;1670;0;0;0;0.010887
direitos_titular;pcd.com.br;1676;0;0;0;0.009179
direitos_titular;pcd.com.br;1680;0;0;0;0.008884
direitos_titular;pcd.com.br;1684;0;0;0;0.005830
direitos_titular;pcd.com.br;1685;0;0;0;0.004056
direitos_titular;pcd.com.br;1687;0;0;0;0.006174
direitos_titular;pcd.com.br;1689;0;0;0;0.004540
direitos_titular;pcd.com.br;1692;0;0;0;0.006618
direitos_titular;pcd.com.br;1693;0;0;0;0.008324
direitos_titular;pcd.com.br;1695;0;0;0;0.001383
direitos_titular;pcd.com.br;1698;0;0;0;0.008221
direitos_titular;pcd.com.br;1699;0;0;0;0.002950
direitos_titular;pcd.com.br;1700;0;0;0;0.008505
direitos_titular;pcd.com.br;1702;0;0;0;0.010655
direitos_titular;pcd.com.br;1704;0;0;0;0.005670
direitos_titular;pcd.com.br;1705;0;0;0;0.001663
direitos_titular;pcd.com.br;1706;0;0;0;0.002026
direitos_titular;pcd.com.br;1707;0;0;0;0.001950
direitos_titular;pcd.com.br;1708;0;0;0;0.002266
direitos_titular;pcd.com.br;1710;0;0;0;0.004173
direitos_titular;pcd.com.br;1711;0;0;0;0.005406
direitos_titular;pcd.com.br;1712;0;0;0;0.002839
direitos_titular;pcd.com.br;1713;0;0;0;0.004526
direitos_titular;pcd.com.br;1715;0;1;0;0.023892
direitos_titular;pcd.com.br;1716;0;0;0;0.008407
direitos_titular;pcd.com.br;1717;0;0;0;0.001890
direitos_titular;pcd.com.br;1718;0;0;0;0.004750
direitos_titular;pcd.com.br;1719;0;0;0;0.002528
direitos_titular;pcd.com.br;1720;0;0;0;0.003865
direitos_titular;pcd.com.br;1721;0;0;0;0.002593
direitos_titular;pcd.com.br;1722;0;0;0;0.002711
direitos_titular;pcd.com.br;1724;0;0;0;0.007544
direitos_titular;pcd.com.br;1725;0;0;0;0.002100
direitos_titular;pcd.com.br;1727;0;0;0;0.005184
direitos_titular;pcd.com.br;1728;0;0;0;0.002525
direitos_titular;pcd.com.br;1729;0;0;1;0.279111
direitos_titular;pcd.com.br;1733;0;0;0;0.037630
direitos_titular;pcd.com.br;1735;0;0;0;0.003802
direitos_titular;pcd.com.br;1736;0;0;0;0.027646
direitos_titular;pcd.com.br;1737;0;0;0;0.003598
direitos_titular;pcd.com.br;1738;0;0;0;0.002766
direitos_titular;pcd.com.br;1739;0;0;0;0.009428
direitos_titular;pcd.com.br;1740;0;0;0;0.001373
direitos_titular;pcd.com.br;1741;0;0;0;0.005414
direitos_titular;pcd.com.br;1743;0;0;0;0.001870
direitos_titular;pcd.com.br;1744;0;0;0;0.003948
direitos_titular;pcd.com.br;1745;0;0;0;0.002492
direitos_titular;pcd.com.br;1746;0;0;0;0.004530
direitos_titular;pcd.com.br;1747;0;0;0;0.007825
direitos_titular;pcd.com.br;1748;0;0;0;0.004748
direitos_titular;pcd.com.br;1751;0;1;0;0.018907
direitos_titular;pcd.com.br;1752;0;0;0;0.006168
direitos_titular;pcd.com.br;1753;0;0;0;0.015795
direitos_titular;pcd.com.br;1754;0;0;0;0.003051
direitos_titular;pcd.com.br;1755;0;0;0;0.027549
direitos_titular;pcd.com.br;1756;0;0;0;0.035293
direitos_titular;pcd.com.br;1757;0;0;0;0.102117
direitos_titular;pcd.com.br;1760;0;0;0;0.009787
direitos_titular;pcd.com.br;1765;1;0;0;0.025259
direitos_titular;pcd.com.br;1769;0;0;0;0.002150
direitos_titular;pcd.com.br;1770;0;0;0;0.006540
direitos_titular;pcd.com.br;1783;1;0;1;0.183900
direitos_titular;pcd.com.br;1785;1;0;1;0.554964
direitos_titular;pcd.com.br;1787;0;0;0;0.111038
direitos_titular;pcd.com.br;1790;0;0;1;0.225651
direitos_titular;pcd.com.br;1807;1;1;1;0.987708
direitos_titular;pcd.com.br;1809;0;1;0;0.058615
direitos_titular;pcd.com.br;1813;0;0;0;0.015137
direitos_titular;pcd.com.br;1817;0;0;0;0.011821
direitos_titular;pcd.com.br;1818;0;0;0;0.022070
direitos_titular;pcd.com.br;1820;0;0;0;0.001833
direitos_titular;pcd.com.br;1823;0;0;0;0.012051
direitos_titular;pcd.com.br;1832;0;0;0;0.002926
direitos_titular;pcd.com.br;1836;0;0;0;0.006496
direitos_titular;pcd.com.br;1837;0;0;0;0.014619
direitos_titular;pcd.com.br;1841;0;0;0;0.005438
direitos_titular;pcd.com.br;1842;0;0;0;0.005537
direitos_titular;pcd.com.br;1843;0;0;0;0.012892
direitos_titular;pcd.com.br;1844;0;0;0;0.012401
direitos_titular;pcd.com.br;1845;0;0;0;0.003586
direitos_titular;pcd.com.br;1847;0;0;0;0.004905
direitos_titular;pcd.com.br;1849;0;0;0;0.004849
direitos_titular;pcd.com.br;1854;0;0;0;0.003329
direitos_titular;pcd.com.br;1858;0;0;0;0.001520
direitos_titular;pcd.com.br;1862;0;0;0;0.003405
direitos_titular;pcd.com.br;1865;0;0;0;0.001000
direitos_titular;pcd.com.br;1868;0;0;0;0.003185
direitos_titular;pcd.com.br;1870;0;0;0;0.003342
direitos_titular;pcd.com.br;1872;0;0;0;0.002101
direitos_titular;pcd.com.br;1874;0;0;0;0.001888
direitos_titular;pcd.com.br;1875;0;0;0;0.002047
direitos_titular;pcd.com.br;1876;0;0;0;0.001892
direitos_titular;pcd.com.br;1877;0;0;0;0.002119
direitos_titular;pcd.com.br;1878;0;0;0;0.002046
direitos_titular;pcd.com.br;1879;0;0;0;0.003551
direitos_titular;pcd.com.br;1880;0;0;0;0.002637
direitos_titular;pcd.com.br;1881;0;1;0;0.008304
direitos_titular;pcd.com.br;1882;0;0;0;0.005161
direitos_titular;pcd.com.br;1887;0;0;0;0.001834
direitos_titular;pcd.com.br;1890;0;0;0;0.002412
direitos_titular;pcd.com.br;1891;0;0;0;0.003697
direitos_titular;pcd.com.br;1892;0;0;0;0.005642
direitos_titular;pcd.com.br;1895;0;0;0;0.006298
direitos_titular;pcd.com.br;1896;0;1;0;0.008006
direitos_titular;pcd.com.br;1897;0;0;0;0.006932
direitos_titular;pcd.com.br;1901;0;0;0;0.003081
direitos_titular;pcd.com.br;1902;0;0;0;0.006450
direitos_titular;pcd.com.br;1906;0;0;0;0.025452
direitos_titular;pcd.com.br;1907;0;0;0;0.001594
direitos_titular;pcd.com.br;1909;0;0;0;0.003611
direitos_titular;pcd.com.br;1910;0;0;0;0.006823
direitos_titular;pcd.com.br;1912;0;0;0;0.001442
direitos_titular;pcd.com.br;1913;0;0;0;0.003834
direitos_titular;pcd.com.br;1914;0;0;0;0.002173
direitos_titular;pcd.com.br;1917;0;0;0;0.004649
direitos_titular;pcd.com.br;1921;0;0;0;0.002538
direitos_titular;pcd.com.br;1926;0;0;0;0.003894
direitos_titular;pcd.com.br;1934;0;0;0;0.010506
direitos_titular;pcd.com.br;1937;0;0;0;0.014862
direitos_titular;pcd.com.br;1939;0;0;0;0.007406
direitos_titular;pcd.com.br;1943;0;0;0;0.005913
direitos_titular;pcd.com.br;1945;0;0;0;0.013207
direitos_titular;pcd.com.br;1949;0;0;0;0.004279
direitos_titular;pcd.com.br;1957;0;0;0;0.039132
direitos_titular;pcd.com.br;1959;0;0;0;0.028391
direitos_titular;pcd.com.br;1961;0;0;0;0.006753
direitos_titular;pcd.com.br;1965;0;0;0;0.004354
direitos_titular;pcd.com.br;1966;0;0;0;0.010774
direitos_titular;pcd.com.br;1973;0;0;0;0.008342
direitos_titular;pcd.com.br;1975;0;0;0;0.006732
direitos_titular;pcd.com.br;1976;0;0;0;0.003844
direitos_titular;pcd.com.br;1978;0;0;0;0.002510
direitos_titular;pcd.com.br;1981;0;0;0;0.077480
direitos_titular;pcd.com.br;1983;0;0;0;0.007741
direitos_titular;pcd.com.br;1986;0;0;0;0.005508
direitos_titular;pcd.com.br;1987;0;0;0;0.008040
direitos_titular;pcd.com.br;1988;0;0;0;0.002713
direitos_titular;pcd.com.br;1989;0;0;0;0.007681
direitos_titular;pcd.com.br;1992;0;0;0;0.009690
direitos_titular;pcd.com.br;1995;0;0;0;0.010226
direitos_titular;pcd.com.br;1996;0;0;0;0.010312
direitos_titular;pcd.com.br;1997;0;0;0;0.004299
direitos_titular;pcd.com.br;1999;0;0;0;0.014647
direitos_titular;pcd.com.br;2000;0;0;0;0.067103
direitos_titular;pcd.com.br;2001;0;0;0;0.006196
direitos_titular;pcd.com.br;2004;0;0;0;0.024652
direitos_titular;pcd.com.br;2005;0;0;0;0.023186
direitos_titular;pcd.com.br;2008;0;0;0;0.006458
direitos_titular;pcd.com.br;2009;0;0;0;0.006201
direitos_titular;pcd.com.br;2011;0;0;0;0.004613
direitos_titular;pcd.com.br;2012;0;0;0;0.075719
direitos_titular;pcd.com.br;2013;0;0;0;0.008581
direitos_titular;pcd.com.br;2014;0;0;0;0.007370
direitos_titular;pcd.com.br;2015;0;0;0;0.004788
direitos_titular;pcd.com.br;2017;0;0;0;0.034088
direitos_titular;pcd.com.br;2020;0;0;0;0.003963
direitos_titular;pcd.com.br;2023;0;0;0;0.010563
direitos_titular;pcd.com.br;2027;0;1;1;0.758288
direitos_titular;pcd.com.br;2028;1;1;1;0.765729
direitos_titular;pcd.com.br;2029;1;1;0;0.053875
direitos_titular;pcd.com.br;2030;1;1;1;0.377007
direitos_titular;pcd.com.br;2032;0;0;0;0.004705
direitos_titular;pcd.com.br;2033;0;0;0;0.010124
direitos_titular;pcd.com.br;2034;0;0;0;0.004233
direitos_titular;pcd.com.br;2039;0;0;0;0.006490
direitos_titular;pcd.com.br;2042;0;0;0;0.003023
direitos_titular;pcd.com.br;2044;0;0;0;0.002707
direitos_titular;pcd.com.br;2048;0;0;0;0.001580
direitos_titular;pcd.com.br;2052;0;0;0;0.000958
direitos_titular;pcd.com.br;2058;0;0;0;0.003693
direitos_titular;pcd.com.br;2063;0;0;0;0.008342
direitos_titular;pcd.com.br;2067;0;0;0;0.002781
direitos_titular;pcd.com.br;2069;0;0;0;0.072310
direitos_titular;pcd.com.br;2071;0;0;0;0.016672
direitos_titular;pcd.com.br;2073;1;1;1;0.801872
direitos_titular;pcd.com.br;2076;0;0;0;0.002559
direitos_titular;pcd.com.br;2079;1;1;1;0.609206
direitos_titular;pcd.com.br;2082;0;0;0;0.009557
direitos_titular;pcd.com.br;2084;0;0;0;0.003682
direitos_titular;pcd.com.br;2093;0;0;0;0.003766
direitos_titular;pcd.com.br;2095;0;0;0;0.002958
direitos_titular;pcd.com.br;2104;0;0;0;0.002334
direitos_titular;pcd.com.br;2105;0;0;0;0.035521
direitos_titular;pcd.com.br;2106;0;0;0;0.002745
direitos_titular;pcd.com.br;2107;0;0;0;0.001362
direitos_titular;pcd.com.br;2108;0;0;0;0.003699
direitos_titular;pcd.com.br;2112;0;0;0;0.003317
direitos_titular;pcd.com.br;2113;0;0;0;0.005997
direitos_titular;pcd.com.br;2114;0;0;0;0.005154
direitos_titular;pcd.com.br;2115;0;0;0;0.006443
direitos_titular;pcd.com.br;2118;0;0;0;0.005922
direitos_titular;pcd.com.br;2121;0;0;0;0.003800
direitos_titular;pcd.com.br;2124;0;0;0;0.011009
direitos_titular;pcd.com.br;2126;0;0;0;0.009012
direitos_titular;pcd.com.br;2127;0;0;0;0.002799
direitos_titular;pcd.com.br;2128;0;0;0;0.003290
direitos_titular;pcd.com.br;2133;0;0;0;0.010277
direitos_titular;pcd.com.br;2135;0;0;0;0.007924
direitos_titular;pcd.com.br;2138;0;0;0;0.003878
direitos_titular;pcd.com.br;2141;0;0;0;0.005358
direitos_titular;pcd.com.br;2142;0;0;0;0.002126
direitos_titular;pcd.com.br;2143;0;0;0;0.021257
direitos_titular;pcd.com.br;2144;0;0;0;0.028044
direitos_titular;pcd.com.br;2146;0;1;1;0.152242
direitos_titular;pcd.com.br;2150;0;0;0;0.003105
direitos_titular;pcd.com.br;2151;0;0;0;0.001494
direitos_titular;pcd.com.br;2158;0;0;0;0.002520
direitos_titular;pcd.com.br;2161;0;0;0;0.011599
direitos_titular;pcd.com.br;2165;0;0;0;0.003855
direitos_titular;pcd.com.br;2169;0;0;0;0.006598
direitos_titular;pcd.com.br;2195;0;0;0;0.009200
direitos_titular;pcd.com.br;2197;0;0;0;0.007913
direitos_titular;pcd.com.br;2201;0;0;0;0.002615
transf_internacional;iclin.med.br;1;0;0;0;0.000328
transf_internacional;iclin.med.br;4;0;0;0;0.003814
transf_internacional;iclin.med.br;5;0;0;0;0.000298
transf_internacional;iclin.med.br;6;0;0;0;0.000298
transf_internacional;iclin.med.br;7;0;0;0;0.000913
transf_internacional;iclin.med.br;8;0;0;0;0.002218
transf_internacional;iclin.med.br;9;0;0;0;0.000325
transf_internacional;iclin.med.br;10;0;0;0;0.000190
transf_internacional;iclin.med.br;11;0;0;0;0.000285
transf_internacional;iclin.med.br;12;0;0;0;0.000309
transf_internacional;iclin.med.br;13;0;0;0;0.000493
transf_internacional;iclin.med.br;14;0;0;0;0.001031
transf_internacional;iclin.med.br;15;0;0;0;0.000198
transf_internacional;iclin.med.br;16;0;0;0;0.001115
transf_internacional;iclin.med.br;17;0;0;0;0.000428
transf_internacional;iclin.med.br;18;0;0;0;0.000370
transf_internacional;iclin.med.br;20;0;0;0;0.001122
transf_internacional;iclin.med.br;21;0;0;0;0.000385
transf_internacional;iclin.med.br;22;0;0;0;0.000142
transf_internacional;iclin.med.br;23;0;0;0;0.000197
transf_internacional;iclin.med.br;24;0;0;0;0.001036
transf_internacional;iclin.med.br;25;0;0;0;0.000185
transf_internacional;iclin.med.br;26;0;0;1;0.008967
transf_internacional;iclin.med.br;27;0;0;0;0.000259
transf_internacional;iclin.med.br;28;0;0;0;0.000374
transf_internacional;iclin.med.br;29;0;0;0;0.000225
transf_internacional;iclin.med.br;30;0;0;0;0.000168
transf_internacional;iclin.med.br;31;0;0;0;0.000233
transf_internacional;iclin.med.br;32;0;0;0;0.000222
transf_internacional;iclin.med.br;33;0;0;0;0.000229
transf_internacional;iclin.med.br;34;0;0;0;0.000334
transf_internacional;iclin.med.br;35;0;0;0;0.000208
transf_internacional;iclin.med.br;36;0;0;0;0.000314
transf_internacional;iclin.med.br;37;0;0;0;0.000232
transf_internacional;iclin.med.br;38;0;0;0;0.000977
transf_internacional;iclin.med.br;39;0;0;0;0.000829
transf_internacional;iclin.med.br;40;0;0;0;0.000778
transf_internacional;iclin.med.br;41;0;0;0;0.000243
transf_internacional;iclin.med.br;42;0;0;0;0.000288
transf_internacional;iclin.med.br;45;0;0;0;0.000275
transf_internacional;iclin.med.br;46;0;0;0;0.000116
transf_internacional;iclin.med.br;47;0;0;0;0.000133
transf_internacional;acontecendoaqui.com.br;26;0;0;0;0.000126
transf_internacional;acontecendoaqui.com.br;27;0;0;0;0.000174
transf_internacional;acontecendoaqui.com.br;28;0;0;0;0.000130
transf_internacional;acontecendoaqui.com.br;29;0;0;0;0.000182
transf_internacional;acontecendoaqui.com.br;30;0;0;0;0.000717
transf_internacional;acontecendoaqui.com.br;31;0;0;0;0.000052
transf_internacional;acontecendoaqui.com.br;32;0;0;0;0.000436
transf_internacional;acontecendoaqui.com.br;33;0;0;0;0.000110
transf_internacional;acontecendoaqui.com.br;34;0;0;0;0.000047
transf_internacional;acontecendoaqui.com.br;36;0;0;0;0.000066
transf_internacional;acontecendoaqui.com.br;37;0;0;0;0.000260
transf_internacional;acontecendoaqui.com.br;38;0;0;0;0.003551
transf_internacional;acontecendoaqui.com.br;39;0;0;0;0.000646
transf_internacional;acontecendoaqui.com.br;40;0;0;0;0.000978
transf_internacional;acontecendoaqui.com.br;42;0;0;0;0.000246
transf_internacional;acontecendoaqui.com.br;43;0;0;0;0.000093
transf_internacional;acontecendoaqui.com.br;45;0;0;0;0.000083
transf_internacional;acontecendoaqui.com.br;46;0;0;0;0.000138
transf_internacional;acontecendoaqui.com.br;48;0;0;0;0.000586
transf_internacional;acontecendoaqui.com.br;49;0;0;0;0.000198
transf_internacional;acontecendoaqui.com.br;50;0;0;0;0.000168
transf_internacional;acontecendoaqui.com.br;51;0;0;0;0.000175
transf_internacional;acontecendoaqui.com.br;52;0;0;0;0.000100
transf_internacional;acontecendoaqui.com.br;53;0;0;0;0.000109
transf_internacional;acontecendoaqui.com.br;54;0;0;0;0.000094
transf_internacional;acontecendoaqui.com.br;55;0;0;0;0.000146
transf_internacional;acontecendoaqui.com.br;56;0;0;0;0.000147
transf_internacional;acontecendoaqui.com.br;57;0;0;0;0.000065
transf_internacional;acontecendoaqui.com.br;58;0;0;0;0.000122
transf_internacional;acontecendoaqui.com.br;59;0;0;0;0.001375
transf_internacional;acontecendoaqui.com.br;60;0;0;0;0.000246
transf_internacional;acontecendoaqui.com.br;61;0;0;0;0.000279
transf_internacional;acontecendoaqui.com.br;62;0;0;0;0.000095
transf_internacional;acontecendoaqui.com.br;63;0;0;0;0.000127
transf_internacional;acontecendoaqui.com.br;65;0;0;0;0.000091
transf_internacional;acontecendoaqui.com.br;66;0;0;0;0.000061
transf_internacional;acontecendoaqui.com.br;67;0;0;0;0.000080
transf_internacional;acontecendoaqui.com.br;69;0;0;0;0.000152
transf_internacional;acontecendoaqui.com.br;70;0;0;0;0.000107
transf_internacional;acontecendoaqui.com.br;71;0;0;0;0.000150
transf_internacional;acontecendoaqui.com.br;72;0;0;0;0.000357
transf_internacional;acontecendoaqui.com.br;73;0;0;0;0.000374
transf_internacional;acontecendoaqui.com.br;74;0;0;0;0.000397
transf_internacional;acontecendoaqui.com.br;75;0;0;0;0.000069
transf_internacional;acontecendoaqui.com.br;76;0;0;0;0.000132
transf_internacional;acontecendoaqui.com.br;77;0;0;0;0.000079
transf_internacional;acontecendoaqui.com.br;78;0;0;0;0.000145
transf_internacional;acontecendoaqui.com.br;79;0;0;0;0.000085
transf_internacional;acontecendoaqui.com.br;81;0;0;0;0.000112
transf_internacional;acontecendoaqui.com.br;82;0;0;0;0.000087
transf_internacional;acontecendoaqui.com.br;95;0;0;0;0.000061
transf_internacional;acontecendoaqui.com.br;96;0;0;0;0.000122
transf_internacional;acontecendoaqui.com.br;97;0;0;0;0.000091
transf_internacional;primeirainfanciaemdados.org.br;5;0;0;0;0.000201
transf_internacional;primeirainfanciaemdados.org.br;12;0;0;0;0.000185
transf_internacional;primeirainfanciaemdados.org.br;24;0;0;0;0.000180
transf_internacional;primeirainfanciaemdados.org.br;25;0;0;0;0.000246
transf_internacional;primeirainfanciaemdados.org.br;26;0;0;0;0.001381
transf_internacional;primeirainfanciaemdados.org.br;27;0;0;0;0.000357
transf_internacional;primeirainfanciaemdados.org.br;28;0;0;0;0.000158
transf_internacional;primeirainfanciaemdados.org.br;29;0;0;0;0.000178
transf_internacional;primeirainfanciaemdados.org.br;30;0;0;0;0.000448
transf_internacional;primeirainfanciaemdados.org.br;31;0;0;0;0.000213
transf_internacional;primeirainfanciaemdados.org.br;32;0;0;0;0.000181
transf_internacional;primeirainfanciaemdados.org.br;33;0;0;0;0.000264
transf_internacional;primeirainfanciaemdados.org.br;34;0;0;0;0.000299
transf_internacional;primeirainfanciaemdados.org.br;37;0;0;0;0.000235
transf_internacional;primeirainfanciaemdados.org.br;38;0;0;0;0.002015
transf_internacional;primeirainfanciaemdados.org.br;39;0;0;0;0.000200
transf_internacional;primeirainfanciaemdados.org.br;40;0;0;0;0.000772
transf_internacional;primeirainfanciaemdados.org.br;41;0;0;0;0.002966
transf_internacional;primeirainfanciaemdados.org.br;42;0;0;0;0.000114
transf_internacional;primeirainfanciaemdados.org.br;45;0;0;0;0.000143
transf_internacional;primeirainfanciaemdados.org.br;46;0;0;0;0.000217
transf_internacional;primeirainfanciaemdados.org.br;47;0;0;0;0.000415
transf_internacional;primeirainfanciaemdados.org.br;48;0;0;0;0.000218
transf_internacional;primeirainfanciaemdados.org.br;50;0;0;0;0.000425
transf_internacional;primeirainfanciaemdados.org.br;51;0;0;0;0.000665
transf_internacional;primeirainfanciaemdados.org.br;52;0;0;0;0.000332
transf_internacional;primeirainfanciaemdados.org.br;54;0;0;0;0.000376
transf_internacional;primeirainfanciaemdados.org.br;56;0;0;0;0.000137
transf_internacional;primeirainfanciaemdados.org.br;57;0;0;0;0.000298
transf_internacional;primeirainfanciaemdados.org.br;58;0;0;0;0.000101
transf_internacional;primeirainfanciaemdados.org.br;60;0;0;0;0.000150
transf_internacional;primeirainfanciaemdados.org.br;61;0;0;0;0.000329
transf_internacional;primeirainfanciaemdados.org.br;62;0;0;0;0.000175
transf_internacional;primeirainfanciaemdados.org.br;63;0;0;0;0.000379
transf_internacional;primeirainfanciaemdados.org.br;64;0;0;0;0.000212
transf_internacional;primeirainfanciaemdados.org.br;65;0;0;0;0.000615
transf_internacional;primeirainfanciaemdados.org.br;66;0;0;0;0.000127
transf_internacional;primeirainfanciaemdados.org.br;67;0;0;0;0.000703
transf_internacional;primeirainfanciaemdados.org.br;68;0;0;0;0.000319
transf_internacional;primeirainfanciaemdados.org.br;70;0;0;0;0.000264
transf_internacional;primeirainfanciaemdados.org.br;71;0;0;0;0.001093
transf_internacional;primeirainfanciaemdados.org.br;72;0;0;0;0.005383
transf_internacional;primeirainfanciaemdados.org.br;73;0;0;0;0.002483
transf_internacional;primeirainfanciaemdados.org.br;75;0;1;1;0.008753
transf_internacional;primeirainfanciaemdados.org.br;76;1;1;1;0.361007
transf_internacional;primeirainfanciaemdados.org.br;77;1;0;1;0.009571
transf_internacional;primeirainfanciaemdados.org.br;79;0;0;0;0.000145
transf_internacional;primeirainfanciaemdados.org.br;80;0;0;0;0.000570
transf_internacional;primeirainfanciaemdados.org.br;82;0;0;0;0.000135
transf_internacional;primeirainfanciaemdados.org.br;83;0;0;0;0.000539
transf_internacional;primeirainfanciaemdados.org.br;85;0;0;0;0.000169
transf_internacional;primeirainfanciaemdados.org.br;86;0;0;0;0.000886
transf_internacional;primeirainfanciaemdados.org.br;87;0;0;0;0.000436
transf_internacional;primeirainfanciaemdados.org.br;88;0;0;0;0.000675
transf_internacional;primeirainfanciaemdados.org.br;89;0;0;0;0.000381
transf_internacional;primeirainfanciaemdados.org.br;90;0;0;0;0.000712
transf_internacional;primeirainfanciaemdados.org.br;91;0;0;0;0.000200
transf_internacional;primeirainfanciaemdados.org.br;92;0;0;0;0.001118
transf_internacional;primeirainfanciaemdados.org.br;93;0;0;0;0.001084
transf_internacional;primeirainfanciaemdados.org.br;94;0;0;0;0.000195
transf_internacional;primeirainfanciaemdados.org.br;95;0;0;0;0.000555
transf_internacional;primeirainfanciaemdados.org.br;96;0;0;0;0.000663
transf_internacional;primeirainfanciaemdados.org.br;97;0;0;0;0.000134
transf_internacional;primeirainfanciaemdados.org.br;98;0;0;0;0.000229
transf_internacional;primeirainfanciaemdados.org.br;99;0;0;0;0.000310
transf_internacional;primeirainfanciaemdados.org.br;100;0;0;0;0.000812
transf_internacional;primeirainfanciaemdados.org.br;102;0;0;0;0.000097
transf_internacional;primeirainfanciaemdados.org.br;103;0;0;0;0.000502
transf_internacional;primeirainfanciaemdados.org.br;105;0;0;0;0.000523
transf_internacional;primeirainfanciaemdados.org.br;106;0;0;0;0.000327
transf_internacional;primeirainfanciaemdados.org.br;107;0;0;0;0.000549
transf_internacional;primeirainfanciaemdados.org.br;108;0;0;0;0.000664
transf_internacional;primeirainfanciaemdados.org.br;111;0;0;0;0.000177
transf_internacional;primeirainfanciaemdados.org.br;112;0;0;0;0.000174
transf_internacional;primeirainfanciaemdados.org.br;113;0;0;0;0.000235
transf_internacional;primeirainfanciaemdados.org.br;114;0;0;0;0.000196
transf_internacional;primeirainfanciaemdados.org.br;115;0;0;0;0.000238
transf_internacional;primeirainfanciaemdados.org.br;116;0;0;0;0.000213
transf_internacional;primeirainfanciaemdados.org.br;117;0;0;0;0.000217
transf_internacional;primeirainfanciaemdados.org.br;118;0;0;0;0.000207
transf_internacional;primeirainfanciaemdados.org.br;120;0;0;0;0.000306
transf_internacional;primeirainfanciaemdados.org.br;123;0;0;0;0.000238
transf_internacional;primeirainfanciaemdados.org.br;139;0;0;0;0.000153
transf_internacional;verzani.com.br;0;0;0;0;0.000263
transf_internacional;verzani.com.br;1;0;0;0;0.000231
transf_internacional;verzani.com.br;6;0;0;0;0.000225
transf_internacional;verzani.com.br;7;0;0;0;0.000279
transf_internacional;verzani.com.br;11;0;0;0;0.000225
transf_internacional;verzani.com.br;14;0;0;0;0.000127
transf_internacional;verzani.com.br;16;0;0;0;0.000216
transf_internacional;verzani.com.br;17;0;0;0;0.000205
transf_internacional;verzani.com.br;18;0;0;0;0.000193
transf_internacional;verzani.com.br;22;0;0;0;0.000127
transf_internacional;verzani.com.br;26;0;0;0;0.000225
transf_internacional;verzani.com.br;27;0;0;0;0.000659
transf_internacional;verzani.com.br;29;0;0;0;0.000184
transf_internacional;verzani.com.br;30;0;0;0;0.000218
transf_internacional;verzani.com.br;31;0;0;0;0.000199
transf_internacional;verzani.com.br;32;0;0;0;0.000144
transf_internacional;verzani.com.br;34;0;0;0;0.000225
transf_internacional;verzani.com.br;37;0;0;0;0.000267
transf_internacional;verzani.com.br;38;0;0;0;0.000166
transf_internacional;verzani.com.br;42;0;0;0;0.000293
transf_internacional;verzani.com.br;52;0;0;0;0.000225
transf_internacional;verzani.com.br;54;0;0;0;0.000586
transf_internacional;verzani.com.br;75;0;0;0;0.000225
transf_internacional;verzani.com.br;76;0;0;0;0.000286
transf_internacional;verzani.com.br;77;0;0;0;0.000422
transf_internacional;verzani.com.br;78;0;0;0;0.000186
transf_internacional;verzani.com.br;79;0;0;0;0.000241
transf_internacional;verzani.com.br;80;0;1;1;0.008597
transf_internacional;verzani.com.br;81;0;0;0;0.000143
transf_internacional;verzani.com.br;83;0;0;0;0.000963
transf_internacional;verzani.com.br;84;0;0;0;0.000233
transf_internacional;verzani.com.br;85;0;0;0;0.000248
transf_internacional;verzani.com.br;86;0;0;0;0.000130
transf_internacional;verzani.com.br;87;0;0;0;0.000186
transf_internacional;verzani.com.br;88;0;0;0;0.000114
transf_internacional;verzani.com.br;90;0;0;0;0.000139
transf_internacional;verzani.com.br;91;0;0;0;0.000202
transf_internacional;verzani.com.br;92;0;0;0;0.000583
transf_internacional;verzani.com.br;93;0;0;0;0.001741
transf_internacional;verzani.com.br;94;0;0;0;0.000352
transf_internacional;verzani.com.br;95;0;0;0;0.000269
transf_internacional;verzani.com.br;97;0;0;0;0.001953
transf_internacional;verzani.com.br;102;0;0;0;0.000510
transf_internacional;verzani.com.br;103;0;0;0;0.000463
transf_internacional;verzani.com.br;104;0;0;0;0.000149
transf_internacional;verzani.com.br;105;0;0;0;0.000730
transf_internacional;verzani.com.br;108;0;0;0;0.000355
transf_internacional;verzani.com.br;109;0;0;0;0.000200
transf_internacional;verzani.com.br;111;0;0;0;0.000571
transf_internacional;verzani.com.br;113;0;0;0;0.000186
transf_internacional;verzani.com.br;115;0;0;0;0.000705
transf_internacional;verzani.com.br;117;0;0;0;0.000175
transf_internacional;verzani.com.br;118;0;0;0;0.000202
transf_internacional;verzani.com.br;121;0;0;0;0.000346
transf_internacional;verzani.com.br;122;0;0;0;0.000189
transf_internacional;verzani.com.br;123;0;0;0;0.000725
transf_internacional;verzani.com.br;124;0;0;0;0.000222
transf_internacional;verzani.com.br;126;0;0;0;0.003050
transf_internacional;verzani.com.br;127;0;0;0;0.001231
transf_internacional;verzani.com.br;129;0;0;0;0.000479
transf_internacional;verzani.com.br;131;1;0;0;0.006676
transf_internacional;verzani.com.br;132;0;0;0;0.002661
transf_internacional;verzani.com.br;133;1;1;1;0.060401
transf_internacional;verzani.com.br;134;1;1;1;0.835193
transf_internacional;verzani.com.br;135;0;0;1;0.024070
transf_internacional;verzani.com.br;138;0;0;0;0.002661
transf_internacional;verzani.com.br;149;0;0;0;0.000287
transf_internacional;verzani.com.br;150;0;0;0;0.000929
transf_internacional;verzani.com.br;152;0;0;0;0.000403
transf_internacional;verzani.com.br;153;0;0;0;0.000224
transf_internacional;verzani.com.br;154;0;0;0;0.000117
transf_internacional;verzani.com.br;160;0;0;0;0.001936
transf_internacional;verzani.com.br;162;0;0;0;0.000217
transf_internacional;verzani.com.br;164;0;0;0;0.000359
transf_internacional;verzani.com.br;166;0;0;0;0.001185
transf_internacional;verzani.com.br;168;0;0;0;0.000870
transf_internacional;verzani.com.br;169;0;0;0;0.000145
transf_internacional;verzani.com.br;171;0;0;0;0.000681
transf_internacional;verzani.com.br;173;0;0;0;0.002630
transf_internacional;verzani.com.br;175;0;0;0;0.002133
transf_internacional;verzani.com.br;178;0;0;0;0.000441
transf_internacional;verzani.com.br;179;0;0;0;0.000106
transf_internacional;verzani.com.br;180;0;0;0;0.000481
transf_internacional;verzani.com.br;181;0;0;0;0.000507
transf_internacional;verzani.com.br;182;0;0;0;0.000342
transf_internacional;verzani.com.br;183;0;0;0;0.000177
transf_internacional;verzani.com.br;184;0;0;0;0.000284
transf_internacional;verzani.com.br;185;0;0;0;0.000234
transf_internacional;verzani.com.br;186;0;0;0;0.000223
transf_internacional;verzani.com.br;188;0;0;0;0.000237
transf_internacional;verzani.com.br;189;0;0;0;0.000234
transf_internacional;verzani.com.br;190;0;0;0;0.000176
transf_internacional;verzani.com.br;191;0;0;0;0.000458
transf_internacional;verzani.com.br;192;0;0;0;0.000175
transf_internacional;verzani.com.br;193;0;0;0;0.000397
transf_internacional;verzani.com.br;194;0;0;0;0.000490
transf_internacional;verzani.com.br;196;0;0;0;0.000519
transf_internacional;verzani.com.br;197;0;0;0;0.000249
transf_internacional;verzani.com.br;198;0;0;0;0.000180
transf_internacional;verzani.com.br;199;0;0;0;0.000199
transf_internacional;verzani.com.br;200;0;0;0;0.000275
transf_internacional;verzani.com.br;201;0;0;0;0.000267
transf_internacional;verzani.com.br;202;0;0;0;0.000188
transf_internacional;verzani.com.br;203;0;0;0;0.000213
transf_internacional;verzani.com.br;204;0;0;0;0.000256
transf_internacional;verzani.com.br;205;0;0;0;0.000597
transf_internacional;verzani.com.br;206;0;0;0;0.000284
transf_internacional;verzani.com.br;207;0;0;0;0.002700
transf_internacional;verzani.com.br;208;0;0;0;0.000135
transf_internacional;verzani.com.br;209;0;0;0;0.000361
transf_internacional;verzani.com.br;210;0;0;0;0.001752
transf_internacional;verzani.com.br;211;0;0;0;0.000091
transf_internacional;verzani.com.br;212;0;0;0;0.000138
transf_internacional;verzani.com.br;213;0;0;0;0.000249
transf_internacional;verzani.com.br;215;0;0;0;0.000196
transf_internacional;verzani.com.br;218;0;0;0;0.000121
transf_internacional;verzani.com.br;220;0;0;0;0.001712
transf_internacional;verzani.com.br;221;0;0;0;0.000222
transf_internacional;verzani.com.br;222;0;0;0;0.000149
transf_internacional;verzani.com.br;235;0;0;0;0.000659
transf_internacional;verzani.com.br;253;0;0;0;0.000168
transf_internacional;verzani.com.br;257;0;0;0;0.000115
transf_internacional;verzani.com.br;277;0;0;0;0.000209
transf_internacional;verzani.com.br;278;0;0;0;0.000208
transf_internacional;verzani.com.br;279;0;0;0;0.000160
transf_internacional;verzani.com.br;281;0;0;0;0.000243
transf_internacional;verzani.com.br;282;0;0;0;0.000202
transf_internacional;rifapersonalizada.com.br;1;0;0;0;0.000299
transf_internacional;rifapersonalizada.com.br;5;0;0;0;0.000973
transf_internacional;rifapersonalizada.com.br;6;0;0;0;0.000496
transf_internacional;rifapersonalizada.com.br;7;0;0;0;0.000215
transf_internacional;rifapersonalizada.com.br;8;0;0;0;0.000156
transf_internacional;rifapersonalizada.com.br;9;0;0;0;0.000142
transf_internacional;rifapersonalizada.com.br;10;0;0;0;0.000380
transf_internacional;rifapersonalizada.com.br;11;0;0;0;0.000198
transf_internacional;rifapersonalizada.com.br;12;0;0;0;0.000519
transf_internacional;rifapersonalizada.com.br;13;0;0;0;0.000214
transf_internacional;rifapersonalizada.com.br;14;0;0;0;0.003002
transf_internacional;rifapersonalizada.com.br;15;0;0;0;0.000297
transf_internacional;rifapersonalizada.com.br;16;0;0;0;0.000157
transf_internacional;rifapersonalizada.com.br;17;0;0;0;0.000454
transf_internacional;rifapersonalizada.com.br;18;0;0;0;0.000448
transf_internacional;rifapersonalizada.com.br;19;0;0;0;0.000504
transf_internacional;rifapersonalizada.com.br;20;0;0;0;0.000152
transf_internacional;rifapersonalizada.com.br;22;0;0;0;0.000508
transf_internacional;rifapersonalizada.com.br;23;0;0;0;0.000498
transf_internacional;rifapersonalizada.com.br;24;0;0;0;0.000147
transf_internacional;rifapersonalizada.com.br;25;0;0;0;0.000323
transf_internacional;rifapersonalizada.com.br;26;0;0;0;0.002126
transf_internacional;rifapersonalizada.com.br;27;0;0;0;0.000355
transf_internacional;rifapersonalizada.com.br;28;0;0;0;0.000295
transf_internacional;rifapersonalizada.com.br;29;0;0;0;0.000336
transf_internacional;rifapersonalizada.com.br;30;0;0;0;0.000649
transf_internacional;rifapersonalizada.com.br;31;0;0;0;0.001058
transf_internacional;rifapersonalizada.com.br;32;0;0;0;0.000531
transf_internacional;rifapersonalizada.com.br;33;0;0;0;0.000261
transf_internacional;rifapersonalizada.com.br;34;0;0;0;0.000167
transf_internacional;rifapersonalizada.com.br;35;0;0;0;0.000422
transf_internacional;rifapersonalizada.com.br;37;0;0;0;0.000253
transf_internacional;rifapersonalizada.com.br;38;0;0;0;0.000159
transf_internacional;rifapersonalizada.com.br;39;0;0;0;0.000150
transf_internacional;rifapersonalizada.com.br;40;0;0;0;0.000293
transf_internacional;rifapersonalizada.com.br;41;0;0;0;0.000540
transf_internacional;rifapersonalizada.com.br;42;0;0;0;0.000096
transf_internacional;rifapersonalizada.com.br;43;0;0;0;0.000130
transf_internacional;rifapersonalizada.com.br;44;0;0;0;0.000123
transf_internacional;rifapersonalizada.com.br;45;0;0;0;0.001021
transf_internacional;rifapersonalizada.com.br;46;0;0;0;0.000179
transf_internacional;rifapersonalizada.com.br;47;0;0;0;0.000190
transf_internacional;rifapersonalizada.com.br;48;0;0;0;0.000459
transf_internacional;rifapersonalizada.com.br;49;0;0;0;0.000177
transf_internacional;rifapersonalizada.com.br;50;0;0;0;0.000277
transf_internacional;rifapersonalizada.com.br;51;0;0;0;0.000118
transf_internacional;rifapersonalizada.com.br;52;0;0;0;0.000550
transf_internacional;rifapersonalizada.com.br;53;0;0;0;0.000193
transf_internacional;rifapersonalizada.com.br;54;0;0;0;0.000243
transf_internacional;rifapersonalizada.com.br;55;0;0;0;0.000237
transf_internacional;rifapersonalizada.com.br;56;0;0;0;0.000260
transf_internacional;rifapersonalizada.com.br;57;0;0;0;0.000211
transf_internacional;rifapersonalizada.com.br;58;0;0;0;0.000118
transf_internacional;rifapersonalizada.com.br;59;0;0;0;0.000226
transf_internacional;rifapersonalizada.com.br;60;0;0;0;0.002359
transf_internacional;rifapersonalizada.com.br;61;0;0;0;0.000273
transf_internacional;rifapersonalizada.com.br;62;0;0;0;0.000935
transf_internacional;rifapersonalizada.com.br;63;0;0;0;0.000261
transf_internacional;rifapersonalizada.com.br;64;0;0;0;0.000359
transf_internacional;rifapersonalizada.com.br;65;0;0;0;0.001184
transf_internacional;rifapersonalizada.com.br;66;0;0;0;0.000151
transf_internacional;rifapersonalizada.com.br;67;0;0;0;0.000172
transf_internacional;rifapersonalizada.com.br;68;0;0;0;0.000092
transf_internacional;rifapersonalizada.com.br;69;0;0;0;0.001113
transf_internacional;rifapersonalizada.com.br;70;0;0;0;0.000310
transf_internacional;rifapersonalizada.com.br;71;0;0;0;0.000201
transf_internacional;rifapersonalizada.com.br;72;0;0;0;0.000144
transf_internacional;rifapersonalizada.com.br;73;0;0;0;0.000204
transf_internacional;rifapersonalizada.com.br;74;0;0;0;0.000336
transf_internacional;rifapersonalizada.com.br;75;0;0;0;0.000146
transf_internacional;rifapersonalizada.com.br;76;0;0;0;0.000394
transf_internacional;rifapersonalizada.com.br;77;0;0;0;0.004229
transf_internacional;rifapersonalizada.com.br;78;0;0;0;0.000744
transf_internacional;rifapersonalizada.com.br;79;0;0;0;0.000216
transf_internacional;rifapersonalizada.com.br;80;0;0;0;0.000242
transf_internacional;rifapersonalizada.com.br;81;0;0;0;0.000128
transf_internacional;rifapersonalizada.com.br;83;0;0;0;0.000318
transf_internacional;rifapersonalizada.com.br;84;0;0;0;0.000384
transf_internacional;rifapersonalizada.com.br;85;0;0;0;0.000312
transf_internacional;rifapersonalizada.com.br;86;0;0;0;0.000260
transf_internacional;rifapersonalizada.com.br;87;0;0;0;0.000176
transf_internacional;rifapersonalizada.com.br;89;0;0;0;0.000176
transf_internacional;rifapersonalizada.com.br;90;0;0;0;0.000230
transf_internacional;rifapersonalizada.com.br;91;0;0;0;0.000220
transf_internacional;rifapersonalizada.com.br;99;0;0;0;0.000201
transf_internacional;rifapersonalizada.com.br;100;0;0;0;0.000172
transf_internacional;rifapersonalizada.com.br;101;0;0;0;0.000197
transf_internacional;rifapersonalizada.com.br;112;0;0;0;0.000157
transf_internacional;rifapersonalizada.com.br;114;0;0;0;0.000156
transf_internacional;rifapersonalizada.com.br;115;0;0;0;0.000200
transf_internacional;rifapersonalizada.com.br;116;0;0;0;0.000158
transf_internacional;rifapersonalizada.com.br;117;0;0;0;0.000188
transf_internacional;rifapersonalizada.com.br;118;0;0;0;0.000198
transf_internacional;rifapersonalizada.com.br;119;0;0;0;0.000650
transf_internacional;rifapersonalizada.com.br;120;0;0;0;0.000272
transf_internacional;rifapersonalizada.com.br;121;0;0;0;0.000103
transf_internacional;rifapersonalizada.com.br;123;0;0;0;0.000796
transf_internacional;rifapersonalizada.com.br;124;0;0;0;0.000636
transf_internacional;rifapersonalizada.com.br;125;0;0;0;0.000802
transf_internacional;rifapersonalizada.com.br;131;0;0;0;0.000084
transf_internacional;rifapersonalizada.com.br;132;0;0;0;0.000220
transf_internacional;rifapersonalizada.com.br;133;0;0;0;0.000255
transf_internacional;rifapersonalizada.com.br;134;0;0;0;0.000328
transf_internacional;rifapersonalizada.com.br;135;0;0;0;0.000518
transf_internacional;rifapersonalizada.com.br;136;0;0;0;0.000162
transf_internacional;rifapersonalizada.com.br;138;0;0;0;0.000415
transf_internacional;rifapersonalizada.com.br;140;0;0;0;0.002093
transf_internacional;rifapersonalizada.com.br;141;0;0;0;0.000072
transf_internacional;rifapersonalizada.com.br;142;0;0;0;0.000237
transf_internacional;rifapersonalizada.com.br;143;0;0;0;0.000134
transf_internacional;rifapersonalizada.com.br;144;0;0;0;0.000332
transf_internacional;rifapersonalizada.com.br;145;0;0;0;0.000281
transf_internacional;rifapersonalizada.com.br;146;0;0;0;0.000107
transf_internacional;rifapersonalizada.com.br;147;0;0;0;0.000193
transf_internacional;rifapersonalizada.com.br;148;0;0;0;0.000157
transf_internacional;rifapersonalizada.com.br;149;0;0;0;0.000129
transf_internacional;rifapersonalizada.com.br;150;0;0;0;0.000516
transf_internacional;rifapersonalizada.com.br;151;0;0;0;0.000213
transf_internacional;rifapersonalizada.com.br;152;0;0;0;0.000119
transf_internacional;rifapersonalizada.com.br;153;0;0;0;0.000116
transf_internacional;rifapersonalizada.com.br;154;0;0;0;0.000173
transf_internacional;rifapersonalizada.com.br;155;0;0;0;0.000584
transf_internacional;rifapersonalizada.com.br;156;0;0;0;0.000132
transf_internacional;rifapersonalizada.com.br;157;0;0;0;0.000441
transf_internacional;rifapersonalizada.com.br;158;0;0;0;0.000386
transf_internacional;rifapersonalizada.com.br;159;0;0;0;0.000166
transf_internacional;rifapersonalizada.com.br;160;0;0;0;0.001893
transf_internacional;rifapersonalizada.com.br;161;0;0;0;0.000355
transf_internacional;rifapersonalizada.com.br;162;0;0;0;0.000155
transf_internacional;rifapersonalizada.com.br;163;0;0;0;0.000146
transf_internacional;rifapersonalizada.com.br;164;0;0;0;0.000761
transf_internacional;rifapersonalizada.com.br;165;0;0;0;0.000152
transf_internacional;rifapersonalizada.com.br;166;0;0;0;0.000314
transf_internacional;rifapersonalizada.com.br;167;0;0;0;0.000169
transf_internacional;rifapersonalizada.com.br;168;0;0;0;0.000131
transf_internacional;rifapersonalizada.com.br;169;0;0;0;0.000114
transf_internacional;rifapersonalizada.com.br;172;0;0;0;0.000376
transf_internacional;rifapersonalizada.com.br;173;0;0;0;0.000242
transf_internacional;rifapersonalizada.com.br;174;0;0;0;0.000215
transf_internacional;rifapersonalizada.com.br;175;0;0;0;0.000110
transf_internacional;rifapersonalizada.com.br;179;0;0;0;0.000279
transf_internacional;rifapersonalizada.com.br;180;0;0;0;0.000170
transf_internacional;rifapersonalizada.com.br;181;0;0;0;0.000506
transf_internacional;rifapersonalizada.com.br;187;0;0;0;0.000134
transf_internacional;rifapersonalizada.com.br;198;0;0;0;0.000166
transf_internacional;rifapersonalizada.com.br;201;0;0;0;0.000241
transf_internacional;rifapersonalizada.com.br;202;0;0;0;0.000118
transf_internacional;rifapersonalizada.com.br;203;0;0;0;0.000649
transf_internacional;rifapersonalizada.com.br;204;0;0;0;0.002324
transf_internacional;rifapersonalizada.com.br;207;0;0;0;0.000307
transf_internacional;rifapersonalizada.com.br;208;0;0;0;0.000258
transf_internacional;rifapersonalizada.com.br;209;0;0;0;0.000175
transf_internacional;pedidook.com.br;0;0;0;0;0.000209
transf_internacional;pedidook.com.br;2;0;0;0;0.000206
transf_internacional;pedidook.com.br;5;0;0;0;0.000148
transf_internacional;pedidook.com.br;6;0;0;0;0.000263
transf_internacional;pedidook.com.br;7;0;0;0;0.000149
transf_internacional;pedidook.com.br;8;0;0;0;0.000151
transf_internacional;pedidook.com.br;9;0;0;0;0.000171
transf_internacional;pedidook.com.br;10;0;0;0;0.000299
transf_internacional;pedidook.com.br;11;0;0;0;0.001086
transf_internacional;pedidook.com.br;12;0;0;0;0.000159
transf_internacional;pedidook.com.br;13;0;0;0;0.001081
transf_internacional;pedidook.com.br;15;0;0;0;0.000381
transf_internacional;pedidook.com.br;16;0;0;0;0.002689
transf_internacional;pedidook.com.br;17;0;0;0;0.001517
transf_internacional;pedidook.com.br;18;0;0;1;0.010888
transf_internacional;pedidook.com.br;19;0;0;0;0.000684
transf_internacional;pedidook.com.br;20;0;0;0;0.000133
transf_internacional;pedidook.com.br;21;0;0;0;0.000239
transf_internacional;pedidook.com.br;23;0;0;0;0.000245
transf_internacional;pedidook.com.br;27;0;0;0;0.000285
transf_internacional;pedidook.com.br;30;0;0;0;0.000166
transf_internacional;pedidook.com.br;33;0;0;0;0.000109
transf_internacional;pedidook.com.br;35;0;0;0;0.000274
transf_internacional;pedidook.com.br;36;0;0;0;0.000103
transf_internacional;pedidook.com.br;37;0;0;0;0.000123
transf_internacional;pedidook.com.br;39;0;0;0;0.000259
transf_internacional;pedidook.com.br;40;0;0;0;0.000134
transf_internacional;pedidook.com.br;41;0;0;0;0.000227
transf_internacional;pedidook.com.br;42;0;0;0;0.000443
transf_internacional;pedidook.com.br;43;0;0;0;0.000394
transf_internacional;pedidook.com.br;44;0;0;0;0.000222
transf_internacional;pedidook.com.br;47;0;0;0;0.002610
transf_internacional;pedidook.com.br;48;0;0;0;0.000114
transf_internacional;pedidook.com.br;49;0;0;0;0.000120
transf_internacional;pedidook.com.br;50;0;0;0;0.000215
transf_internacional;pedidook.com.br;51;0;0;0;0.000150
transf_internacional;pedidook.com.br;52;0;0;0;0.000232
transf_internacional;pedidook.com.br;53;0;0;0;0.000124
transf_internacional;pedidook.com.br;54;0;0;0;0.000541
transf_internacional;pedidook.com.br;57;0;0;0;0.002174
transf_internacional;pedidook.com.br;58;0;0;0;0.000133
transf_internacional;pedidook.com.br;59;1;1;1;0.013058
transf_internacional;pedidook.com.br;60;1;0;1;0.013659
transf_internacional;pedidook.com.br;61;0;0;0;0.000612
transf_internacional;pedidook.com.br;62;0;0;0;0.000489
transf_internacional;pedidook.com.br;63;1;1;1;0.106136
transf_internacional;pedidook.com.br;64;0;0;0;0.001478
transf_internacional;pedidook.com.br;65;0;0;1;0.006633
transf_internacional;pedidook.com.br;66;0;0;0;0.001629
transf_internacional;pedidook.com.br;69;0;0;0;0.000140
transf_internacional;pedidook.com.br;71;0;0;0;0.000298
transf_internacional;pedidook.com.br;72;0;0;0;0.000138
transf_internacional;pedidook.com.br;73;0;0;0;0.000120
transf_internacional;pedidook.com.br;76;0;0;0;0.000548
transf_internacional;pedidook.com.br;77;0;0;0;0.000095
transf_internacional;pedidook.com.br;78;0;0;0;0.000213
transf_internacional;pedidook.com.br;79;0;0;0;0.000404
transf_internacional;pedidook.com.br;82;0;0;0;0.000223
transf_internacional;pedidook.com.br;83;0;0;0;0.000130
transf_internacional;pedidook.com.br;84;0;0;0;0.000142
transf_internacional;pedidook.com.br;87;0;0;0;0.000132
transf_internacional;pedidook.com.br;88;0;0;0;0.000720
transf_internacional;pedidook.com.br;89;0;0;0;0.000913
transf_internacional;pedidook.com.br;90;0;0;0;0.000115
transf_internacional;pedidook.com.br;91;0;0;0;0.000687
transf_internacional;pedidook.com.br;92;0;0;0;0.000200
transf_internacional;pedidook.com.br;93;0;0;0;0.000146
transf_internacional;pedidook.com.br;94;0;0;0;0.000111
transf_internacional;pedidook.com.br;95;0;0;0;0.000202
transf_internacional;pedidook.com.br;96;0;0;0;0.000212
transf_internacional;pedidook.com.br;97;0;0;0;0.000375
transf_internacional;pedidook.com.br;98;0;0;0;0.000155
transf_internacional;pedidook.com.br;101;0;0;0;0.000892
transf_internacional;pedidook.com.br;102;0;0;0;0.000234
transf_internacional;pedidook.com.br;105;0;0;0;0.000186
transf_internacional;pedidook.com.br;106;0;0;0;0.000359
transf_internacional;pedidook.com.br;107;0;0;0;0.000159
transf_internacional;pedidook.com.br;110;0;0;0;0.000441
transf_internacional;pedidook.com.br;111;0;0;0;0.000183
transf_internacional;pedidook.com.br;112;0;0;0;0.000282
transf_internacional;pedidook.com.br;113;0;0;0;0.000199
transf_internacional;pedidook.com.br;114;0;0;0;0.000137
transf_internacional;pedidook.com.br;116;0;0;0;0.000267
transf_internacional;pedidook.com.br;120;0;0;0;0.000095
transf_internacional;pedidook.com.br;121;0;0;0;0.000149
transf_internacional;pedidook.com.br;123;0;0;0;0.000166
transf_internacional;pedidook.com.br;124;0;0;0;0.000157
transf_internacional;pedidook.com.br;125;0;0;0;0.000149
transf_internacional;pedidook.com.br;126;0;0;0;0.000155
transf_internacional;pedidook.com.br;133;0;0;0;0.000124
transf_internacional;pedidook.com.br;136;0;0;0;0.000222
transf_internacional;pedidook.com.br;137;0;0;0;0.000128
transf_internacional;pedidook.com.br;138;0;0;0;0.000100
transf_internacional;pedidook.com.br;139;0;0;0;0.000415
transf_internacional;pedidook.com.br;144;0;0;0;0.000865
transf_internacional;pedidook.com.br;145;0;0;0;0.000128
transf_internacional;pedidook.com.br;146;0;0;0;0.000107
transf_internacional;pedidook.com.br;147;0;0;0;0.000377
transf_internacional;pedidook.com.br;149;0;0;0;0.000128
transf_internacional;pedidook.com.br;150;0;0;0;0.000143
transf_internacional;pedidook.com.br;151;0;0;0;0.000176
transf_internacional;pedidook.com.br;156;0;0;0;0.000149
transf_internacional;pedidook.com.br;160;0;0;0;0.000278
transf_internacional;pedidook.com.br;161;0;0;0;0.000159
transf_internacional;pedidook.com.br;162;0;0;0;0.000236
transf_internacional;pedidook.com.br;164;0;0;0;0.000201
transf_internacional;pedidook.com.br;168;0;0;0;0.000173
transf_internacional;pedidook.com.br;170;0;0;1;0.013691
transf_internacional;pedidook.com.br;172;0;0;0;0.000389
transf_internacional;pedidook.com.br;174;0;0;0;0.000220
transf_internacional;pedidook.com.br;176;0;0;0;0.000261
transf_internacional;pedidook.com.br;178;0;0;0;0.000140
transf_internacional;pedidook.com.br;179;0;0;0;0.000674
transf_internacional;pedidook.com.br;183;0;0;0;0.000291
transf_internacional;pedidook.com.br;184;0;0;0;0.000270
transf_internacional;pedidook.com.br;186;0;0;0;0.000231
transf_internacional;pedidook.com.br;188;0;0;0;0.000363
transf_internacional;pedidook.com.br;189;0;0;0;0.000162
transf_internacional;pedidook.com.br;190;1;1;1;0.033660
transf_internacional;pedidook.com.br;192;0;0;0;0.000182
transf_internacional;pedidook.com.br;194;0;0;0;0.000146
transf_internacional;pedidook.com.br;198;0;0;0;0.001339
transf_internacional;pedidook.com.br;199;0;0;0;0.000210
transf_internacional;pedidook.com.br;200;0;0;0;0.001354
transf_internacional;pedidook.com.br;201;0;0;0;0.000245
transf_internacional;pedidook.com.br;202;0;0;0;0.000233
transf_internacional;pedidook.com.br;203;0;0;0;0.000148
transf_internacional;pedidook.com.br;204;0;0;0;0.000116
transf_internacional;pedidook.com.br;206;0;0;0;0.000175
transf_internacional;pedidook.com.br;208;0;0;0;0.000361
transf_internacional;pedidook.com.br;213;0;0;0;0.000336
transf_internacional;pedidook.com.br;214;0;0;0;0.000100
transf_internacional;pedidook.com.br;215;0;0;0;0.000138
transf_internacional;pedidook.com.br;217;0;0;0;0.000208
transf_internacional;pedidook.com.br;222;0;0;0;0.000416
transf_internacional;pedidook.com.br;223;0;0;0;0.000190
transf_internacional;pedidook.com.br;224;0;0;0;0.000121
transf_internacional;pedidook.com.br;225;0;0;0;0.000218
transf_internacional;pedidook.com.br;226;0;0;0;0.000212
transf_internacional;pedidook.com.br;227;0;0;0;0.000117
transf_internacional;pedidook.com.br;228;0;0;0;0.000144
transf_internacional;pedidook.com.br;229;0;0;0;0.000059
transf_internacional;pedidook.com.br;231;0;0;0;0.000254
transf_internacional;pedidook.com.br;233;0;0;0;0.000398
transf_internacional;pedidook.com.br;235;0;0;0;0.000122
transf_internacional;pedidook.com.br;237;0;0;0;0.000294
transf_internacional;pedidook.com.br;241;0;0;0;0.000081
transf_internacional;pedidook.com.br;243;0;0;0;0.000121
transf_internacional;pedidook.com.br;245;0;0;0;0.000321
transf_internacional;pedidook.com.br;249;0;0;0;0.000355
transf_internacional;pedidook.com.br;251;0;0;0;0.000255
transf_internacional;pedidook.com.br;252;0;0;0;0.000284
transf_internacional;pedidook.com.br;254;0;0;0;0.000348
transf_internacional;pedidook.com.br;255;0;0;0;0.000391
transf_internacional;pedidook.com.br;257;0;0;0;0.000338
transf_internacional;pedidook.com.br;258;0;0;0;0.000575
transf_internacional;pedidook.com.br;260;0;0;0;0.000278
transf_internacional;pedidook.com.br;264;0;0;0;0.003866
transf_internacional;pedidook.com.br;266;0;0;0;0.000157
transf_internacional;pedidook.com.br;268;0;0;0;0.000157
transf_internacional;pedidook.com.br;272;0;0;0;0.000084
transf_internacional;pedidook.com.br;273;0;0;0;0.000320
transf_internacional;pedidook.com.br;274;0;0;0;0.001046
transf_internacional;pedidook.com.br;275;0;0;0;0.000497
transf_internacional;pedidook.com.br;277;0;0;0;0.000161
transf_internacional;pedidook.com.br;279;0;0;0;0.000153
transf_internacional;pedidook.com.br;281;0;0;0;0.000127
transf_internacional;pedidook.com.br;285;0;0;0;0.000158
transf_internacional;pedidook.com.br;287;0;0;0;0.000137
transf_internacional;pedidook.com.br;289;0;0;0;0.000055
transf_internacional;pedidook.com.br;290;0;0;0;0.000159
transf_internacional;pedidook.com.br;294;0;0;0;0.000067
transf_internacional;pedidook.com.br;296;0;0;0;0.000129
transf_internacional;pedidook.com.br;300;0;0;0;0.000195
transf_internacional;pedidook.com.br;304;0;0;0;0.000196
transf_internacional;pedidook.com.br;308;0;0;0;0.000081
transf_internacional;pedidook.com.br;310;0;0;0;0.000128
transf_internacional;pedidook.com.br;312;0;0;0;0.000221
transf_internacional;pedidook.com.br;314;0;0;0;0.000490
transf_internacional;pedidook.com.br;318;0;0;0;0.000933
transf_internacional;pedidook.com.br;320;0;0;0;0.000221
transf_internacional;pedidook.com.br;324;0;0;0;0.000187
transf_internacional;vibraresidencial.com.br;1;0;0;0;0.000199
transf_internacional;vibraresidencial.com.br;2;0;0;0;0.000182
transf_internacional;vibraresidencial.com.br;14;0;0;0;0.000193
transf_internacional;vibraresidencial.com.br;16;0;0;0;0.000244
transf_internacional;vibraresidencial.com.br;17;0;0;0;0.000244
transf_internacional;vibraresidencial.com.br;18;0;0;0;0.000233
transf_internacional;vibraresidencial.com.br;19;0;0;0;0.000244
transf_internacional;vibraresidencial.com.br;20;0;0;0;0.000163
transf_internacional;vibraresidencial.com.br;21;0;0;0;0.000240
transf_internacional;vibraresidencial.com.br;22;0;0;0;0.000240
transf_internacional;vibraresidencial.com.br;23;0;0;0;0.000244
transf_internacional;vibraresidencial.com.br;28;0;0;0;0.000111
transf_internacional;vibraresidencial.com.br;29;0;0;0;0.000218
transf_internacional;vibraresidencial.com.br;30;0;0;0;0.000240
transf_internacional;vibraresidencial.com.br;31;0;0;0;0.000240
transf_internacional;vibraresidencial.com.br;37;0;0;0;0.000220
transf_internacional;vibraresidencial.com.br;41;0;0;0;0.000210
transf_internacional;vibraresidencial.com.br;42;0;0;0;0.000200
transf_internacional;vibraresidencial.com.br;43;0;0;0;0.000182
transf_internacional;vibraresidencial.com.br;44;0;0;1;0.024408
transf_internacional;vibraresidencial.com.br;45;0;0;0;0.000161
transf_internacional;vibraresidencial.com.br;46;0;0;0;0.000187
transf_internacional;vibraresidencial.com.br;47;0;0;0;0.000141
transf_internacional;vibraresidencial.com.br;48;0;0;0;0.000157
transf_internacional;vibraresidencial.com.br;49;0;0;0;0.000716
transf_internacional;vibraresidencial.com.br;50;0;0;0;0.000424
transf_internacional;vibraresidencial.com.br;51;0;0;0;0.000333
transf_internacional;vibraresidencial.com.br;52;0;0;0;0.000118
transf_internacional;vibraresidencial.com.br;53;0;0;0;0.000232
transf_internacional;vibraresidencial.com.br;54;0;0;0;0.000216
transf_internacional;vibraresidencial.com.br;56;0;0;0;0.000636
transf_internacional;vibraresidencial.com.br;57;0;0;0;0.000199
transf_internacional;vibraresidencial.com.br;58;0;0;0;0.000206
transf_internacional;vibraresidencial.com.br;60;0;0;0;0.001649
transf_internacional;vibraresidencial.com.br;61;0;0;0;0.000375
transf_internacional;vibraresidencial.com.br;62;0;0;0;0.000488
transf_internacional;vibraresidencial.com.br;63;0;0;0;0.000187
transf_internacional;vibraresidencial.com.br;65;0;0;0;0.000210
transf_internacional;vibraresidencial.com.br;66;0;0;0;0.000137
transf_internacional;vibraresidencial.com.br;67;0;0;0;0.000129
transf_internacional;vibraresidencial.com.br;68;0;0;0;0.001345
transf_internacional;vibraresidencial.com.br;69;0;0;0;0.000140
transf_internacional;vibraresidencial.com.br;70;0;0;1;0.016159
transf_internacional;vibraresidencial.com.br;71;0;0;0;0.000370
transf_internacional;vibraresidencial.com.br;73;0;0;0;0.000161
transf_internacional;vibraresidencial.com.br;74;0;0;0;0.000285
transf_internacional;vibraresidencial.com.br;75;0;0;0;0.000122
transf_internacional;vibraresidencial.com.br;76;0;0;0;0.000254
transf_internacional;vibraresidencial.com.br;77;0;0;0;0.000288
transf_internacional;vibraresidencial.com.br;78;0;0;0;0.000328
transf_internacional;vibraresidencial.com.br;79;0;0;0;0.000159
transf_internacional;vibraresidencial.com.br;80;0;0;0;0.000370
transf_internacional;vibraresidencial.com.br;81;0;0;0;0.000179
transf_internacional;vibraresidencial.com.br;82;0;0;0;0.000846
transf_internacional;vibraresidencial.com.br;83;0;0;0;0.000477
transf_internacional;vibraresidencial.com.br;84;0;0;0;0.000306
transf_internacional;vibraresidencial.com.br;85;0;0;0;0.001271
transf_internacional;vibraresidencial.com.br;86;0;0;0;0.000258
transf_internacional;vibraresidencial.com.br;87;0;0;0;0.000177
transf_internacional;vibraresidencial.com.br;88;0;0;0;0.000279
transf_internacional;vibraresidencial.com.br;89;0;0;0;0.000288
transf_internacional;vibraresidencial.com.br;90;0;0;0;0.000146
transf_internacional;vibraresidencial.com.br;92;0;0;0;0.000686
transf_internacional;vibraresidencial.com.br;93;0;0;0;0.000169
transf_internacional;vibraresidencial.com.br;94;0;0;0;0.000219
transf_internacional;vibraresidencial.com.br;95;0;0;0;0.000135
transf_internacional;vibraresidencial.com.br;96;0;0;0;0.000658
transf_internacional;vibraresidencial.com.br;97;0;0;1;0.010906
transf_internacional;vibraresidencial.com.br;98;0;0;0;0.000421
transf_internacional;vibraresidencial.com.br;99;0;0;0;0.000816
transf_internacional;vibraresidencial.com.br;100;0;0;0;0.002011
transf_internacional;vibraresidencial.com.br;101;0;0;0;0.001297
transf_internacional;vibraresidencial.com.br;102;0;0;0;0.001833
transf_internacional;vibraresidencial.com.br;103;0;0;0;0.003431
transf_internacional;vibraresidencial.com.br;104;0;0;0;0.001653
transf_internacional;vibraresidencial.com.br;105;0;0;0;0.000433
transf_internacional;vibraresidencial.com.br;106;0;0;0;0.000153
transf_internacional;vibraresidencial.com.br;107;0;0;0;0.000566
transf_internacional;vibraresidencial.com.br;108;0;0;0;0.001377
transf_internacional;vibraresidencial.com.br;109;0;0;0;0.000255
transf_internacional;vibraresidencial.com.br;110;0;0;0;0.000343
transf_internacional;vibraresidencial.com.br;112;0;0;0;0.000175
transf_internacional;vibraresidencial.com.br;113;0;0;0;0.000132
transf_internacional;vibraresidencial.com.br;114;0;0;0;0.000193
transf_internacional;vibraresidencial.com.br;115;0;0;0;0.000389
transf_internacional;vibraresidencial.com.br;116;0;0;0;0.000161
transf_internacional;vibraresidencial.com.br;117;0;0;0;0.000552
transf_internacional;vibraresidencial.com.br;118;0;0;0;0.000171
transf_internacional;vibraresidencial.com.br;119;0;0;0;0.000141
transf_internacional;vibraresidencial.com.br;120;0;0;0;0.000365
transf_internacional;vibraresidencial.com.br;121;0;0;0;0.000239
transf_internacional;vibraresidencial.com.br;122;0;0;0;0.000277
transf_internacional;vibraresidencial.com.br;123;0;0;0;0.000437
transf_internacional;vibraresidencial.com.br;124;0;0;0;0.000493
transf_internacional;vibraresidencial.com.br;125;0;0;0;0.000196
transf_internacional;vibraresidencial.com.br;126;0;0;0;0.000219
transf_internacional;vibraresidencial.com.br;127;0;0;0;0.000252
transf_internacional;vibraresidencial.com.br;128;0;0;0;0.000472
transf_internacional;vibraresidencial.com.br;130;0;0;0;0.000293
transf_internacional;vibraresidencial.com.br;131;0;0;0;0.000237
transf_internacional;vibraresidencial.com.br;132;0;0;0;0.000463
transf_internacional;vibraresidencial.com.br;133;0;0;0;0.000120
transf_internacional;vibraresidencial.com.br;134;0;0;0;0.000183
transf_internacional;vibraresidencial.com.br;140;0;0;0;0.000231
transf_internacional;vibraresidencial.com.br;141;0;0;0;0.000199
transf_internacional;vibraresidencial.com.br;144;0;0;0;0.000229
transf_internacional;vibraresidencial.com.br;146;0;0;0;0.000199
transf_internacional;vibraresidencial.com.br;147;0;0;0;0.000280
transf_internacional;vibraresidencial.com.br;153;0;0;0;0.000848
transf_internacional;vibraresidencial.com.br;156;0;0;0;0.000199
transf_internacional;vibraresidencial.com.br;162;0;0;0;0.000193
transf_internacional;vibraresidencial.com.br;168;0;0;0;0.000238
transf_internacional;vibraresidencial.com.br;174;0;0;0;0.000218
transf_internacional;vibraresidencial.com.br;179;0;0;0;0.000233
transf_internacional;vibraresidencial.com.br;181;0;0;0;0.000244
transf_internacional;vibraresidencial.com.br;182;0;0;0;0.000244
transf_internacional;vibraresidencial.com.br;184;0;0;0;0.000244
transf_internacional;vibraresidencial.com.br;191;0;0;0;0.000244
transf_internacional;vibraresidencial.com.br;201;0;0;0;0.000240
transf_internacional;vibraresidencial.com.br;213;0;0;0;0.000157
transf_internacional;vibraresidencial.com.br;214;0;0;0;0.000240
transf_internacional;vibraresidencial.com.br;217;0;0;0;0.000581
transf_internacional;vibraresidencial.com.br;218;0;0;0;0.000219
transf_internacional;vibraresidencial.com.br;219;0;0;0;0.000160
transf_internacional;vibraresidencial.com.br;220;0;0;0;0.000363
transf_internacional;vibraresidencial.com.br;221;0;0;0;0.000842
transf_internacional;vibraresidencial.com.br;222;0;0;0;0.000224
transf_internacional;vibraresidencial.com.br;223;0;0;0;0.000150
transf_internacional;vibraresidencial.com.br;224;0;0;0;0.000200
transf_internacional;vibraresidencial.com.br;225;0;0;0;0.000178
transf_internacional;sabin.com.br;13;0;0;0;0.000245
transf_internacional;sabin.com.br;22;0;0;0;0.000078
transf_internacional;sabin.com.br;30;0;0;0;0.000227
transf_internacional;sabin.com.br;32;0;0;0;0.000165
transf_internacional;sabin.com.br;36;0;0;0;0.000169
transf_internacional;sabin.com.br;37;0;0;0;0.000106
transf_internacional;sabin.com.br;40;0;0;0;0.000178
transf_internacional;sabin.com.br;46;0;0;0;0.000245
transf_internacional;sabin.com.br;49;0;0;0;0.000239
transf_internacional;sabin.com.br;51;0;0;0;0.000165
transf_internacional;sabin.com.br;53;0;0;0;0.000327
transf_internacional;sabin.com.br;64;0;0;0;0.000448
transf_internacional;sabin.com.br;65;0;0;0;0.000386
transf_internacional;sabin.com.br;66;0;0;0;0.000487
transf_internacional;sabin.com.br;67;0;0;0;0.000648
transf_internacional;sabin.com.br;68;0;0;0;0.000958
transf_internacional;sabin.com.br;69;0;0;0;0.000364
transf_internacional;sabin.com.br;70;0;0;0;0.000495
transf_internacional;sabin.com.br;71;0;0;0;0.002134
transf_internacional;sabin.com.br;72;0;0;0;0.001395
transf_internacional;sabin.com.br;73;0;0;0;0.001672
transf_internacional;sabin.com.br;74;0;0;0;0.000157
transf_internacional;sabin.com.br;75;0;0;0;0.000263
transf_internacional;sabin.com.br;76;0;0;0;0.000320
transf_internacional;sabin.com.br;79;0;0;0;0.000511
transf_internacional;sabin.com.br;80;0;0;0;0.000256
transf_internacional;sabin.com.br;81;0;0;0;0.000129
transf_internacional;sabin.com.br;82;0;0;0;0.000330
transf_internacional;sabin.com.br;83;0;0;0;0.003984
transf_internacional;sabin.com.br;84;0;0;0;0.000204
transf_internacional;sabin.com.br;85;0;0;0;0.000393
transf_internacional;sabin.com.br;86;0;0;0;0.000200
transf_internacional;sabin.com.br;87;0;0;0;0.000043
transf_internacional;sabin.com.br;88;0;0;0;0.000154
transf_internacional;sabin.com.br;89;0;0;0;0.000160
transf_internacional;sabin.com.br;90;0;0;0;0.000349
transf_internacional;sabin.com.br;91;0;0;0;0.000291
transf_internacional;sabin.com.br;92;0;0;0;0.000227
transf_internacional;sabin.com.br;95;0;0;0;0.000195
transf_internacional;sabin.com.br;98;0;0;0;0.000426
transf_internacional;sabin.com.br;99;0;0;0;0.000460
transf_internacional;sabin.com.br;100;0;0;0;0.000793
transf_internacional;sabin.com.br;101;0;0;0;0.001364
transf_internacional;sabin.com.br;102;0;0;0;0.003426
transf_internacional;sabin.com.br;103;0;0;0;0.000181
transf_internacional;sabin.com.br;104;0;0;0;0.000229
transf_internacional;sabin.com.br;105;0;0;0;0.000229
transf_internacional;sabin.com.br;106;0;0;0;0.001783
transf_internacional;sabin.com.br;107;0;0;0;0.000678
transf_internacional;sabin.com.br;108;0;0;0;0.000843
transf_internacional;sabin.com.br;109;0;0;0;0.000247
transf_internacional;sabin.com.br;110;0;0;0;0.000466
transf_internacional;sabin.com.br;111;0;0;0;0.000155
transf_internacional;sabin.com.br;112;0;0;0;0.000175
transf_internacional;sabin.com.br;113;0;0;0;0.000188
transf_internacional;sabin.com.br;114;0;0;0;0.000442
transf_internacional;sabin.com.br;115;0;0;0;0.000450
transf_internacional;sabin.com.br;116;0;0;0;0.001270
transf_internacional;sabin.com.br;117;0;0;0;0.000190
transf_internacional;sabin.com.br;118;0;0;0;0.000276
transf_internacional;sabin.com.br;119;0;0;0;0.000207
transf_internacional;sabin.com.br;120;0;0;0;0.000476
transf_internacional;sabin.com.br;121;0;0;0;0.000954
transf_internacional;sabin.com.br;124;0;0;0;0.000275
transf_internacional;sabin.com.br;125;0;0;0;0.000390
transf_internacional;sabin.com.br;126;0;0;0;0.002493
transf_internacional;sabin.com.br;127;0;0;0;0.000120
transf_internacional;sabin.com.br;128;0;0;0;0.001047
transf_internacional;sabin.com.br;129;0;0;0;0.000195
transf_internacional;sabin.com.br;130;0;0;0;0.000632
transf_internacional;sabin.com.br;131;0;0;0;0.000220
transf_internacional;sabin.com.br;132;0;0;0;0.000774
transf_internacional;sabin.com.br;133;0;0;0;0.000273
transf_internacional;sabin.com.br;134;0;0;0;0.000174
transf_internacional;sabin.com.br;135;0;0;0;0.000237
transf_internacional;sabin.com.br;136;0;0;0;0.000482
transf_internacional;sabin.com.br;137;0;0;0;0.000165
transf_internacional;sabin.com.br;138;0;0;0;0.000311
transf_internacional;sabin.com.br;139;0;0;0;0.003258
transf_internacional;sabin.com.br;140;0;0;0;0.000560
transf_internacional;sabin.com.br;141;0;0;0;0.000159
transf_internacional;sabin.com.br;142;0;0;0;0.001617
transf_internacional;sabin.com.br;143;0;0;0;0.000723
transf_internacional;sabin.com.br;144;0;0;0;0.000171
transf_internacional;sabin.com.br;145;0;0;0;0.000593
transf_internacional;sabin.com.br;146;0;0;0;0.003159
transf_internacional;sabin.com.br;147;0;0;0;0.000202
transf_internacional;sabin.com.br;148;0;0;0;0.000282
transf_internacional;sabin.com.br;149;0;0;0;0.004084
transf_internacional;sabin.com.br;150;0;0;0;0.000252
transf_internacional;sabin.com.br;151;0;0;0;0.000727
transf_internacional;sabin.com.br;152;0;0;0;0.000736
transf_internacional;sabin.com.br;153;0;0;0;0.005853
transf_internacional;sabin.com.br;154;0;0;0;0.000429
transf_internacional;sabin.com.br;155;0;0;0;0.005114
transf_internacional;sabin.com.br;156;0;0;0;0.000676
transf_internacional;sabin.com.br;157;0;0;0;0.000196
transf_internacional;sabin.com.br;158;0;0;0;0.000423
transf_internacional;sabin.com.br;159;0;0;0;0.001065
transf_internacional;sabin.com.br;161;0;0;0;0.000762
transf_internacional;sabin.com.br;162;0;0;0;0.000232
transf_internacional;sabin.com.br;163;0;0;0;0.004129
transf_internacional;sabin.com.br;164;0;0;0;0.000725
transf_internacional;sabin.com.br;165;1;0;1;0.117784
transf_internacional;sabin.com.br;166;0;0;1;0.018301
transf_internacional;sabin.com.br;167;1;0;1;0.178418
transf_internacional;sabin.com.br;168;0;0;0;0.000270
transf_internacional;sabin.com.br;169;0;0;0;0.003766
transf_internacional;sabin.com.br;170;0;0;0;0.000546
transf_internacional;sabin.com.br;171;0;0;1;0.009878
transf_internacional;sabin.com.br;172;0;0;0;0.000074
transf_internacional;sabin.com.br;173;0;0;0;0.002653
transf_internacional;sabin.com.br;174;0;0;0;0.000107
transf_internacional;sabin.com.br;175;0;0;0;0.000619
transf_internacional;sabin.com.br;176;0;0;0;0.000613
transf_internacional;sabin.com.br;177;0;0;0;0.000771
transf_internacional;sabin.com.br;178;0;0;0;0.000329
transf_internacional;sabin.com.br;179;0;0;0;0.000303
transf_internacional;sabin.com.br;180;0;0;0;0.000353
transf_internacional;sabin.com.br;181;0;0;0;0.000195
transf_internacional;sabin.com.br;182;0;0;0;0.003657
transf_internacional;sabin.com.br;183;0;0;0;0.000320
transf_internacional;sabin.com.br;184;0;0;0;0.000089
transf_internacional;sabin.com.br;185;0;0;0;0.000306
transf_internacional;sabin.com.br;186;0;0;0;0.001825
transf_internacional;sabin.com.br;187;0;0;0;0.001851
transf_internacional;sabin.com.br;188;0;0;0;0.001920
transf_internacional;sabin.com.br;189;0;0;0;0.000142
transf_internacional;sabin.com.br;190;0;0;0;0.001974
transf_internacional;sabin.com.br;191;0;0;0;0.000163
transf_internacional;sabin.com.br;192;0;0;0;0.000224
transf_internacional;sabin.com.br;193;0;0;0;0.001513
transf_internacional;sabin.com.br;194;0;0;0;0.000373
transf_internacional;sabin.com.br;195;0;0;0;0.000845
transf_internacional;sabin.com.br;196;0;0;0;0.000229
transf_internacional;sabin.com.br;197;0;0;0;0.000801
transf_internacional;sabin.com.br;198;0;0;0;0.000155
transf_internacional;sabin.com.br;199;0;0;1;0.020957
transf_internacional;sabin.com.br;200;0;0;0;0.000995
transf_internacional;sabin.com.br;201;0;0;0;0.000238
transf_internacional;sabin.com.br;202;0;0;0;0.000590
transf_internacional;sabin.com.br;203;0;0;0;0.000761
transf_internacional;sabin.com.br;204;0;0;0;0.000488
transf_internacional;sabin.com.br;205;0;0;0;0.001001
transf_internacional;sabin.com.br;206;0;0;0;0.000727
transf_internacional;sabin.com.br;207;0;0;0;0.000192
transf_internacional;sabin.com.br;209;0;0;0;0.000210
transf_internacional;sabin.com.br;210;0;0;0;0.000302
transf_internacional;sabin.com.br;211;0;0;0;0.000480
transf_internacional;sabin.com.br;212;0;0;0;0.008476
transf_internacional;sabin.com.br;213;0;0;0;0.001997
transf_internacional;sabin.com.br;214;0;0;0;0.000821
transf_internacional;sabin.com.br;216;0;0;0;0.000291
transf_internacional;sabin.com.br;217;0;0;0;0.000448
transf_internacional;sabin.com.br;218;0;0;0;0.000198
transf_internacional;sabin.com.br;219;0;0;0;0.001881
transf_internacional;sabin.com.br;220;0;0;0;0.000365
transf_internacional;sabin.com.br;221;0;0;0;0.000739
transf_internacional;sabin.com.br;222;0;0;0;0.000424
transf_internacional;sabin.com.br;223;0;0;0;0.000215
transf_internacional;sabin.com.br;224;0;0;0;0.001642
transf_internacional;sabin.com.br;225;0;0;0;0.001043
transf_internacional;sabin.com.br;226;0;0;0;0.000226
transf_internacional;sabin.com.br;227;0;0;0;0.000106
transf_internacional;sabin.com.br;228;0;0;0;0.000210
transf_internacional;sabin.com.br;229;0;0;0;0.000182
transf_internacional;sabin.com.br;230;0;0;0;0.004617
transf_internacional;sabin.com.br;231;0;0;0;0.000607
transf_internacional;sabin.com.br;232;0;0;0;0.000239
transf_internacional;sabin.com.br;233;0;0;0;0.008255
transf_internacional;sabin.com.br;234;0;0;0;0.000182
transf_internacional;sabin.com.br;235;0;0;0;0.000268
transf_internacional;sabin.com.br;236;0;0;0;0.000060
transf_internacional;sabin.com.br;237;0;0;0;0.000209
transf_internacional;sabin.com.br;238;0;0;0;0.000161
transf_internacional;sabin.com.br;239;0;0;0;0.000384
transf_internacional;sabin.com.br;240;0;0;0;0.000130
transf_internacional;sabin.com.br;241;0;0;0;0.000207
transf_internacional;sabin.com.br;242;0;0;0;0.000366
transf_internacional;sabin.com.br;243;0;0;0;0.000122
transf_internacional;sabin.com.br;244;0;0;0;0.000193
transf_internacional;sabin.com.br;245;0;0;0;0.000362
transf_internacional;sabin.com.br;246;0;0;0;0.000157
transf_internacional;sabin.com.br;247;0;0;0;0.000141
transf_internacional;sabin.com.br;248;0;0;0;0.000167
transf_internacional;sabin.com.br;249;0;0;0;0.000111
transf_internacional;sabin.com.br;250;0;0;0;0.000203
transf_internacional;sabin.com.br;251;0;0;0;0.000150
transf_internacional;sabin.com.br;252;0;0;0;0.000289
transf_internacional;sabin.com.br;253;0;0;0;0.000241
transf_internacional;sabin.com.br;254;0;0;0;0.000210
transf_internacional;sabin.com.br;255;0;0;0;0.000080
transf_internacional;sabin.com.br;257;0;0;0;0.001125
transf_internacional;sabin.com.br;258;0;0;0;0.000152
transf_internacional;sabin.com.br;259;0;0;0;0.000196
transf_internacional;sabin.com.br;260;0;0;0;0.000182
transf_internacional;sabin.com.br;261;0;0;0;0.000130
transf_internacional;sabin.com.br;262;0;0;0;0.000320
transf_internacional;sabin.com.br;263;0;0;0;0.000281
transf_internacional;sabin.com.br;264;0;0;0;0.003998
transf_internacional;sabin.com.br;266;0;0;0;0.000322
transf_internacional;sabin.com.br;267;0;0;0;0.002976
transf_internacional;sabin.com.br;268;0;0;0;0.000331
transf_internacional;sabin.com.br;271;0;0;0;0.000251
transf_internacional;sabin.com.br;272;0;0;0;0.000245
transf_internacional;sabin.com.br;273;0;0;0;0.000251
transf_internacional;sabin.com.br;276;0;0;0;0.000981
transf_internacional;sabin.com.br;280;0;0;0;0.000235
transf_internacional;sabin.com.br;281;0;0;0;0.000600
transf_internacional;sabin.com.br;282;0;0;0;0.000296
transf_internacional;sabin.com.br;287;0;0;0;0.000245
transf_internacional;sabin.com.br;292;0;0;0;0.000167
transf_internacional;sabin.com.br;293;0;0;0;0.000190
transf_internacional;sabin.com.br;294;0;0;0;0.000321
transf_internacional;sabin.com.br;295;0;0;0;0.000165
transf_internacional;sabin.com.br;299;0;0;0;0.000136
transf_internacional;sabin.com.br;303;0;0;0;0.000217
transf_internacional;sabin.com.br;309;0;0;0;0.000367
transf_internacional;sabin.com.br;310;0;0;0;0.000920
transf_internacional;sabin.com.br;311;0;0;0;0.000347
transf_internacional;sabin.com.br;319;0;0;0;0.000218
transf_internacional;sabin.com.br;320;0;0;0;0.000245
transf_internacional;sabin.com.br;322;0;0;0;0.000180
transf_internacional;sabin.com.br;333;0;0;0;0.000309
transf_internacional;sabin.com.br;335;0;0;0;0.000277
transf_internacional;sabin.com.br;338;0;0;0;0.000149
transf_internacional;sabin.com.br;342;0;0;0;0.000180
transf_internacional;sabin.com.br;344;0;0;0;0.000106
transf_internacional;sabin.com.br;352;0;0;0;0.000212
transf_internacional;sabin.com.br;363;0;0;0;0.000204
transf_internacional;sabin.com.br;366;0;0;0;0.000218
transf_internacional;sabin.com.br;367;0;0;0;0.000165
transf_internacional;sabin.com.br;382;0;0;0;0.000106
transf_internacional;sabin.com.br;385;0;0;0;0.000245
transf_internacional;sabin.com.br;395;0;0;0;0.000165
transf_internacional;sabin.com.br;402;0;0;0;0.000106
transf_internacional;sabin.com.br;403;0;0;0;0.000165
transf_internacional;sabin.com.br;405;0;0;0;0.000149
transf_internacional;sabin.com.br;406;0;0;0;0.000194
transf_internacional;sabin.com.br;415;0;0;0;0.000106
transf_internacional;sabin.com.br;418;0;0;0;0.000218
transf_internacional;sabin.com.br;481;0;0;0;0.000306
transf_internacional;sabin.com.br;483;0;0;0;0.000134
transf_internacional;sabin.com.br;486;0;0;0;0.000245
transf_internacional;sabin.com.br;489;0;0;0;0.000178
transf_internacional;sabin.com.br;492;0;0;0;0.000313
transf_internacional;sabin.com.br;502;0;0;0;0.000242
transf_internacional;sabin.com.br;503;0;0;0;0.000182
transf_internacional;sabin.com.br;508;0;0;0;0.000167
transf_internacional;sabin.com.br;509;0;0;0;0.000263
transf_internacional;sabin.com.br;510;0;0;0;0.000227
transf_internacional;sabin.com.br;513;0;0;0;0.000563
transf_internacional;sabin.com.br;514;0;0;0;0.000383
transf_internacional;sabin.com.br;515;0;0;0;0.000262
transf_internacional;sabin.com.br;516;0;0;0;0.000241
transf_internacional;sabin.com.br;517;0;0;0;0.000231
transf_internacional;sabin.com.br;518;0;0;0;0.000245
transf_internacional;sabin.com.br;522;0;0;0;0.000189
transf_internacional;sabin.com.br;530;0;0;0;0.001334
transf_internacional;sabin.com.br;532;0;0;0;0.000415
transf_internacional;sabin.com.br;536;0;0;0;0.000210
transf_internacional;sabin.com.br;538;0;0;0;0.000206
transf_internacional;sabin.com.br;540;0;0;0;0.000198
transf_internacional;sabin.com.br;542;0;0;0;0.000324
transf_internacional;sabin.com.br;548;0;0;0;0.000217
transf_internacional;sabin.com.br;550;0;0;0;0.000177
transf_internacional;sabin.com.br;552;0;0;0;0.000142
transf_internacional;sabin.com.br;553;0;0;0;0.000141
transf_internacional;sabin.com.br;554;0;0;0;0.000104
transf_internacional;sabin.com.br;555;0;0;0;0.000104
transf_internacional;sabin.com.br;557;0;0;0;0.000202
transf_internacional;sabin.com.br;558;0;0;0;0.000167
transf_internacional;sabin.com.br;564;0;0;0;0.000330
transf_internacional;sabin.com.br;565;0;0;0;0.000286
transf_internacional;sabin.com.br;566;0;0;0;0.000275
transf_internacional;sabin.com.br;567;0;0;0;0.000171
transf_internacional;sabin.com.br;568;0;0;0;0.000455
transf_internacional;losango.com.br;1;0;0;0;0.000245
transf_internacional;losango.com.br;2;0;0;0;0.000434
transf_internacional;losango.com.br;3;0;0;0;0.000239
transf_internacional;losango.com.br;10;0;0;0;0.000326
transf_internacional;losango.com.br;11;0;0;0;0.000326
transf_internacional;losango.com.br;12;0;0;0;0.000533
transf_internacional;losango.com.br;14;0;0;0;0.000198
transf_internacional;losango.com.br;15;0;0;0;0.000165
transf_internacional;losango.com.br;19;0;0;0;0.000385
transf_internacional;losango.com.br;22;0;0;0;0.000619
transf_internacional;losango.com.br;23;0;0;0;0.000168
transf_internacional;losango.com.br;26;0;0;0;0.000149
transf_internacional;losango.com.br;27;0;0;1;0.011046
transf_internacional;losango.com.br;28;0;0;0;0.000124
transf_internacional;losango.com.br;29;0;0;0;0.000104
transf_internacional;losango.com.br;30;0;0;0;0.000692
transf_internacional;losango.com.br;31;0;0;0;0.000114
transf_internacional;losango.com.br;32;0;0;0;0.000247
transf_internacional;losango.com.br;33;0;0;0;0.000565
transf_internacional;losango.com.br;35;0;0;0;0.000211
transf_internacional;losango.com.br;36;0;0;0;0.000245
transf_internacional;losango.com.br;37;0;0;0;0.000146
transf_internacional;losango.com.br;44;0;0;0;0.000399
transf_internacional;losango.com.br;48;0;0;0;0.000941
transf_internacional;losango.com.br;49;0;0;0;0.000408
transf_internacional;losango.com.br;51;0;0;0;0.000130
transf_internacional;losango.com.br;52;0;0;0;0.000196
transf_internacional;losango.com.br;54;0;0;0;0.000245
transf_internacional;losango.com.br;55;0;0;0;0.000146
transf_internacional;losango.com.br;56;0;0;0;0.001566
transf_internacional;losango.com.br;58;0;0;0;0.000155
transf_internacional;losango.com.br;59;0;0;0;0.000144
transf_internacional;losango.com.br;60;0;0;0;0.000214
transf_internacional;losango.com.br;61;0;0;0;0.000198
transf_internacional;losango.com.br;63;0;0;0;0.000193
transf_internacional;losango.com.br;64;0;0;0;0.000112
transf_internacional;losango.com.br;65;0;0;0;0.000131
transf_internacional;losango.com.br;66;0;0;0;0.000293
transf_internacional;losango.com.br;67;0;0;0;0.000241
transf_internacional;losango.com.br;68;0;0;0;0.000139
transf_internacional;losango.com.br;69;0;0;0;0.000257
transf_internacional;losango.com.br;70;0;0;0;0.001519
transf_internacional;losango.com.br;71;0;0;0;0.000305
transf_internacional;losango.com.br;72;0;0;0;0.000903
transf_internacional;losango.com.br;73;0;0;0;0.000558
transf_internacional;losango.com.br;74;0;0;0;0.000272
transf_internacional;losango.com.br;75;0;0;0;0.000140
transf_internacional;losango.com.br;76;0;0;0;0.000323
transf_internacional;losango.com.br;77;0;0;0;0.000455
transf_internacional;losango.com.br;78;0;0;0;0.000179
transf_internacional;losango.com.br;79;0;0;0;0.000703
transf_internacional;losango.com.br;80;0;0;0;0.000332
transf_internacional;losango.com.br;81;0;0;0;0.000194
transf_internacional;losango.com.br;82;0;0;0;0.001365
transf_internacional;losango.com.br;88;0;0;0;0.000207
transf_internacional;losango.com.br;89;0;0;0;0.000294
transf_internacional;losango.com.br;95;0;0;0;0.000116
transf_internacional;losango.com.br;100;0;0;0;0.000130
transf_internacional;losango.com.br;101;0;0;0;0.000149
transf_internacional;losango.com.br;102;0;0;0;0.000232
transf_internacional;losango.com.br;103;0;0;0;0.000341
transf_internacional;losango.com.br;104;0;0;0;0.000256
transf_internacional;losango.com.br;105;0;0;0;0.000388
transf_internacional;losango.com.br;106;0;0;0;0.000216
transf_internacional;losango.com.br;110;0;0;0;0.000197
transf_internacional;losango.com.br;112;0;0;0;0.000138
transf_internacional;losango.com.br;114;0;0;0;0.000100
transf_internacional;losango.com.br;116;0;0;0;0.000262
transf_internacional;losango.com.br;117;0;0;0;0.000273
transf_internacional;losango.com.br;119;0;0;0;0.000060
transf_internacional;losango.com.br;121;0;0;0;0.000556
transf_internacional;losango.com.br;123;0;0;0;0.000176
transf_internacional;losango.com.br;125;0;0;0;0.000088
transf_internacional;losango.com.br;127;0;0;0;0.000649
transf_internacional;losango.com.br;129;0;0;0;0.000126
transf_internacional;losango.com.br;131;0;0;0;0.000654
transf_internacional;losango.com.br;133;0;0;0;0.001798
transf_internacional;losango.com.br;135;0;0;0;0.000139
transf_internacional;losango.com.br;137;0;0;0;0.000261
transf_internacional;losango.com.br;138;0;0;0;0.000522
transf_internacional;losango.com.br;140;0;0;0;0.000300
transf_internacional;losango.com.br;142;0;0;0;0.000200
transf_internacional;losango.com.br;144;0;0;0;0.000229
transf_internacional;losango.com.br;146;0;0;0;0.000185
transf_internacional;losango.com.br;148;0;0;0;0.000117
transf_internacional;losango.com.br;150;0;0;0;0.000215
transf_internacional;losango.com.br;152;0;0;0;0.000119
transf_internacional;losango.com.br;153;0;0;0;0.000120
transf_internacional;losango.com.br;154;0;0;0;0.000139
transf_internacional;losango.com.br;155;0;0;0;0.000164
transf_internacional;losango.com.br;156;0;0;0;0.001436
transf_internacional;losango.com.br;160;0;0;0;0.000398
transf_internacional;losango.com.br;161;0;0;0;0.000426
transf_internacional;losango.com.br;163;0;0;0;0.000137
transf_internacional;losango.com.br;164;0;0;0;0.000143
transf_internacional;losango.com.br;165;0;0;0;0.000381
transf_internacional;losango.com.br;167;0;0;0;0.000230
transf_internacional;losango.com.br;169;0;0;0;0.000100
transf_internacional;losango.com.br;171;0;0;0;0.000324
transf_internacional;losango.com.br;173;0;0;0;0.000296
transf_internacional;losango.com.br;175;0;0;0;0.000101
transf_internacional;losango.com.br;177;0;0;0;0.000256
transf_internacional;losango.com.br;179;0;0;0;0.000140
transf_internacional;losango.com.br;181;0;0;0;0.000234
transf_internacional;losango.com.br;183;0;0;0;0.000189
transf_internacional;losango.com.br;185;0;0;0;0.000140
transf_internacional;losango.com.br;189;0;0;0;0.001224
transf_internacional;losango.com.br;193;0;0;0;0.000285
transf_internacional;losango.com.br;195;0;0;0;0.000467
transf_internacional;losango.com.br;197;0;0;0;0.000222
transf_internacional;losango.com.br;199;0;0;0;0.000383
transf_internacional;losango.com.br;201;0;0;0;0.000151
transf_internacional;losango.com.br;203;0;0;0;0.000384
transf_internacional;losango.com.br;204;0;0;0;0.000196
transf_internacional;losango.com.br;310;0;0;0;0.000948
transf_internacional;losango.com.br;311;0;0;0;0.001107
transf_internacional;losango.com.br;312;0;0;0;0.000418
transf_internacional;losango.com.br;313;0;0;0;0.000874
transf_internacional;losango.com.br;314;0;0;0;0.000182
transf_internacional;losango.com.br;315;0;0;0;0.000488
transf_internacional;losango.com.br;316;0;0;0;0.000197
transf_internacional;losango.com.br;317;0;0;0;0.001169
transf_internacional;losango.com.br;318;0;0;0;0.000263
transf_internacional;losango.com.br;319;0;0;0;0.003568
transf_internacional;losango.com.br;320;0;0;0;0.000148
transf_internacional;losango.com.br;321;0;0;0;0.000372
transf_internacional;losango.com.br;322;0;0;0;0.000566
transf_internacional;losango.com.br;323;0;0;0;0.000323
transf_internacional;losango.com.br;324;0;0;0;0.002698
transf_internacional;losango.com.br;325;0;0;0;0.000653
transf_internacional;losango.com.br;326;0;0;0;0.000285
transf_internacional;losango.com.br;327;0;0;0;0.000896
transf_internacional;losango.com.br;328;0;0;0;0.000219
transf_internacional;losango.com.br;329;0;0;0;0.000565
transf_internacional;redesurftank.com.br;3;0;0;0;0.000261
transf_internacional;redesurftank.com.br;4;0;0;0;0.000527
transf_internacional;redesurftank.com.br;13;0;0;0;0.000276
transf_internacional;redesurftank.com.br;14;0;0;0;0.000190
transf_internacional;redesurftank.com.br;20;0;0;0;0.000273
transf_internacional;redesurftank.com.br;21;0;0;0;0.000235
transf_internacional;redesurftank.com.br;22;0;0;0;0.000235
transf_internacional;redesurftank.com.br;25;0;0;0;0.000583
transf_internacional;redesurftank.com.br;26;0;0;0;0.000171
transf_internacional;redesurftank.com.br;27;0;0;0;0.000213
transf_internacional;redesurftank.com.br;29;0;0;0;0.000253
transf_internacional;redesurftank.com.br;30;0;0;0;0.000231
transf_internacional;redesurftank.com.br;34;0;0;0;0.000105
transf_internacional;redesurftank.com.br;35;0;0;0;0.000657
transf_internacional;redesurftank.com.br;36;0;0;0;0.000787
transf_internacional;redesurftank.com.br;38;0;0;0;0.000362
transf_internacional;redesurftank.com.br;39;0;0;0;0.000238
transf_internacional;redesurftank.com.br;40;0;0;0;0.000174
transf_internacional;redesurftank.com.br;41;0;0;0;0.000187
transf_internacional;redesurftank.com.br;42;0;0;0;0.000523
transf_internacional;redesurftank.com.br;43;0;0;0;0.000237
transf_internacional;redesurftank.com.br;44;0;0;0;0.000348
transf_internacional;redesurftank.com.br;45;0;0;0;0.000934
transf_internacional;redesurftank.com.br;46;0;0;0;0.000233
transf_internacional;redesurftank.com.br;47;0;0;0;0.000565
transf_internacional;redesurftank.com.br;48;0;0;0;0.000230
transf_internacional;redesurftank.com.br;49;0;0;0;0.000196
transf_internacional;redesurftank.com.br;50;0;0;0;0.000184
transf_internacional;redesurftank.com.br;51;0;0;0;0.000190
transf_internacional;redesurftank.com.br;52;0;0;0;0.000198
transf_internacional;redesurftank.com.br;53;0;0;0;0.000285
transf_internacional;redesurftank.com.br;54;0;0;0;0.000183
transf_internacional;redesurftank.com.br;55;0;0;0;0.000226
transf_internacional;redesurftank.com.br;57;0;0;0;0.000141
transf_internacional;redesurftank.com.br;62;0;0;0;0.000215
transf_internacional;redesurftank.com.br;63;0;0;0;0.000664
transf_internacional;redesurftank.com.br;65;0;0;0;0.000226
transf_internacional;redesurftank.com.br;66;0;0;0;0.000337
transf_internacional;redesurftank.com.br;68;0;0;0;0.000264
transf_internacional;redesurftank.com.br;71;0;0;0;0.000184
transf_internacional;redesurftank.com.br;72;0;0;0;0.000186
transf_internacional;redesurftank.com.br;74;0;0;0;0.000212
transf_internacional;redesurftank.com.br;76;0;0;0;0.000233
transf_internacional;redesurftank.com.br;77;0;0;0;0.000432
transf_internacional;redesurftank.com.br;78;0;0;0;0.000574
transf_internacional;redesurftank.com.br;80;0;0;0;0.000203
transf_internacional;redesurftank.com.br;81;0;0;1;0.008601
transf_internacional;redesurftank.com.br;82;0;0;0;0.000177
transf_internacional;redesurftank.com.br;83;0;0;0;0.000211
transf_internacional;redesurftank.com.br;84;0;0;0;0.000374
transf_internacional;redesurftank.com.br;85;0;0;0;0.000255
transf_internacional;redesurftank.com.br;86;0;0;0;0.000423
transf_internacional;redesurftank.com.br;87;0;0;0;0.000295
transf_internacional;redesurftank.com.br;88;0;0;0;0.000128
transf_internacional;redesurftank.com.br;89;0;0;0;0.000190
transf_internacional;redesurftank.com.br;90;0;0;0;0.000405
transf_internacional;redesurftank.com.br;91;0;0;0;0.000478
transf_internacional;redesurftank.com.br;92;0;0;0;0.000377
transf_internacional;redesurftank.com.br;94;0;0;0;0.000248
transf_internacional;redesurftank.com.br;95;0;0;0;0.001276
transf_internacional;redesurftank.com.br;96;0;0;0;0.000546
transf_internacional;redesurftank.com.br;97;0;0;0;0.000661
transf_internacional;redesurftank.com.br;98;0;0;0;0.000165
transf_internacional;redesurftank.com.br;99;0;0;0;0.000256
transf_internacional;redesurftank.com.br;100;0;0;0;0.000261
transf_internacional;redesurftank.com.br;101;0;0;0;0.000707
transf_internacional;redesurftank.com.br;104;0;0;0;0.000230
transf_internacional;redesurftank.com.br;105;0;0;0;0.000291
transf_internacional;redesurftank.com.br;106;0;0;0;0.000153
transf_internacional;redesurftank.com.br;107;0;0;0;0.000410
transf_internacional;redesurftank.com.br;108;0;0;0;0.000142
transf_internacional;redesurftank.com.br;109;0;0;0;0.000375
transf_internacional;redesurftank.com.br;112;0;0;0;0.000300
transf_internacional;redesurftank.com.br;113;0;0;0;0.000172
transf_internacional;redesurftank.com.br;114;0;0;0;0.001089
transf_internacional;redesurftank.com.br;115;0;0;0;0.000276
transf_internacional;redesurftank.com.br;116;0;0;0;0.000256
transf_internacional;redesurftank.com.br;117;0;0;0;0.000320
transf_internacional;redesurftank.com.br;118;0;0;0;0.000254
transf_internacional;redesurftank.com.br;119;0;0;0;0.000179
transf_internacional;redesurftank.com.br;120;0;0;0;0.000197
transf_internacional;redesurftank.com.br;121;0;0;0;0.000452
transf_internacional;redesurftank.com.br;124;0;0;1;0.010202
transf_internacional;redesurftank.com.br;125;0;0;0;0.000398
transf_internacional;redesurftank.com.br;126;0;0;0;0.000487
transf_internacional;redesurftank.com.br;127;0;0;0;0.000217
transf_internacional;redesurftank.com.br;128;0;0;0;0.000522
transf_internacional;redesurftank.com.br;129;0;0;0;0.000199
transf_internacional;redesurftank.com.br;130;0;0;0;0.000336
transf_internacional;redesurftank.com.br;132;0;0;0;0.000215
transf_internacional;redesurftank.com.br;133;0;0;0;0.000408
transf_internacional;redesurftank.com.br;134;0;0;0;0.000234
transf_internacional;redesurftank.com.br;135;0;0;0;0.000195
transf_internacional;redesurftank.com.br;136;0;0;0;0.000451
transf_internacional;redesurftank.com.br;137;0;0;0;0.000149
transf_internacional;redesurftank.com.br;138;0;0;0;0.000281
transf_internacional;redesurftank.com.br;139;0;0;0;0.000295
transf_internacional;redesurftank.com.br;140;0;0;0;0.000185
transf_internacional;redesurftank.com.br;141;0;0;0;0.000236
transf_internacional;redesurftank.com.br;142;0;0;0;0.000373
transf_internacional;redesurftank.com.br;143;0;0;0;0.000241
transf_internacional;redesurftank.com.br;144;0;0;0;0.000149
transf_internacional;redesurftank.com.br;145;0;0;0;0.000379
transf_internacional;redesurftank.com.br;146;0;0;0;0.000168
transf_internacional;redesurftank.com.br;148;0;0;0;0.000811
transf_internacional;redesurftank.com.br;149;0;0;0;0.000533
transf_internacional;redesurftank.com.br;151;0;0;0;0.000262
transf_internacional;redesurftank.com.br;152;0;0;0;0.000253
transf_internacional;redesurftank.com.br;153;0;0;0;0.000312
transf_internacional;redesurftank.com.br;154;0;0;0;0.000222
transf_internacional;redesurftank.com.br;156;0;1;1;0.031810
transf_internacional;redesurftank.com.br;157;1;1;1;0.208644
transf_internacional;redesurftank.com.br;159;0;0;0;0.000362
transf_internacional;redesurftank.com.br;160;0;0;0;0.000372
transf_internacional;redesurftank.com.br;161;0;0;0;0.000188
transf_internacional;redesurftank.com.br;162;0;0;0;0.000197
transf_internacional;redesurftank.com.br;165;0;0;0;0.000241
transf_internacional;redesurftank.com.br;166;0;0;0;0.000201
transf_internacional;redesurftank.com.br;167;0;0;0;0.000173
transf_internacional;redesurftank.com.br;168;0;0;0;0.001728
transf_internacional;redesurftank.com.br;175;0;0;0;0.004284
transf_internacional;redesurftank.com.br;176;0;0;0;0.001042
transf_internacional;redesurftank.com.br;185;0;0;0;0.000233
transf_internacional;redesurftank.com.br;186;0;0;0;0.000194
transf_internacional;redesurftank.com.br;187;0;0;0;0.000177
transf_internacional;redesurftank.com.br;188;0;0;0;0.000187
transf_internacional;redesurftank.com.br;189;0;0;0;0.000196
transf_internacional;redesurftank.com.br;190;0;0;0;0.000161
transf_internacional;redesurftank.com.br;192;0;0;0;0.000226
transf_internacional;redesurftank.com.br;193;0;0;0;0.000228
transf_internacional;redesurftank.com.br;198;0;0;0;0.000391
transf_internacional;redesurftank.com.br;242;0;0;0;0.000527
transf_internacional;redesurftank.com.br;243;0;0;0;0.000175
transf_internacional;redesurftank.com.br;247;0;0;0;0.000402
transf_internacional;redesurftank.com.br;249;0;0;0;0.000335
transf_internacional;redesurftank.com.br;251;0;0;0;0.000352
transf_internacional;redesurftank.com.br;253;0;0;0;0.000219
transf_internacional;redesurftank.com.br;255;0;0;0;0.000156
transf_internacional;redesurftank.com.br;257;0;0;0;0.000186
transf_internacional;redesurftank.com.br;259;0;0;0;0.000260
transf_internacional;redesurftank.com.br;260;0;0;0;0.000219
transf_internacional;redesurftank.com.br;262;0;0;0;0.000398
transf_internacional;redesurftank.com.br;263;0;0;0;0.000243
transf_internacional;redesurftank.com.br;264;0;0;0;0.000225
transf_internacional;redesurftank.com.br;266;0;0;0;0.000248
transf_internacional;redesurftank.com.br;267;0;0;0;0.000325
transf_internacional;redesurftank.com.br;268;0;0;0;0.000261
transf_internacional;redesurftank.com.br;269;0;0;0;0.000342
transf_internacional;redesurftank.com.br;270;0;0;0;0.000144
transf_internacional;redesurftank.com.br;271;0;0;0;0.000251
transf_internacional;redesurftank.com.br;272;0;0;0;0.000176
transf_internacional;redesurftank.com.br;273;0;0;0;0.000342
transf_internacional;redesurftank.com.br;274;0;0;0;0.001272
transf_internacional;redesurftank.com.br;275;0;0;0;0.000382
transf_internacional;redesurftank.com.br;276;0;0;0;0.000288
transf_internacional;redesurftank.com.br;277;0;0;0;0.000142
transf_internacional;redesurftank.com.br;278;0;0;0;0.000256
transf_internacional;redesurftank.com.br;279;0;0;0;0.000404
transf_internacional;redesurftank.com.br;280;0;0;0;0.000148
transf_internacional;redesurftank.com.br;281;0;0;0;0.000146
transf_internacional;redesurftank.com.br;282;0;0;0;0.000155
transf_internacional;redesurftank.com.br;283;0;0;0;0.000236
transf_internacional;redesurftank.com.br;284;0;0;0;0.000510
transf_internacional;redesurftank.com.br;285;0;0;0;0.000198
transf_internacional;redesurftank.com.br;286;0;0;0;0.000209
transf_internacional;redesurftank.com.br;287;0;0;0;0.000185
transf_internacional;redesurftank.com.br;288;0;0;0;0.000656
transf_internacional;redesurftank.com.br;289;0;0;0;0.000603
transf_internacional;redesurftank.com.br;290;0;0;0;0.000308
transf_internacional;redesurftank.com.br;291;0;0;0;0.000139
transf_internacional;redesurftank.com.br;292;0;0;0;0.000168
transf_internacional;redesurftank.com.br;293;0;0;0;0.000268
transf_internacional;redesurftank.com.br;294;0;0;0;0.000247
transf_internacional;redesurftank.com.br;295;0;0;0;0.000234
transf_internacional;redesurftank.com.br;296;0;0;0;0.000478
transf_internacional;redesurftank.com.br;297;0;0;0;0.000811
transf_internacional;redesurftank.com.br;299;0;0;0;0.000230
transf_internacional;redesurftank.com.br;300;0;0;0;0.000355
transf_internacional;redesurftank.com.br;301;0;0;0;0.000695
transf_internacional;redesurftank.com.br;302;0;0;0;0.000339
transf_internacional;redesurftank.com.br;303;0;0;0;0.000285
transf_internacional;redesurftank.com.br;304;0;0;0;0.000338
transf_internacional;redesurftank.com.br;305;0;0;0;0.000165
transf_internacional;redesurftank.com.br;306;0;0;0;0.000235
transf_internacional;redesurftank.com.br;307;0;0;0;0.000378
transf_internacional;redesurftank.com.br;308;0;0;0;0.001690
transf_internacional;redesurftank.com.br;309;0;0;0;0.000178
transf_internacional;redesurftank.com.br;310;0;0;0;0.000223
transf_internacional;redesurftank.com.br;311;0;0;0;0.000535
transf_internacional;redesurftank.com.br;312;0;0;0;0.000438
transf_internacional;redesurftank.com.br;313;0;0;0;0.000230
transf_internacional;redesurftank.com.br;314;0;0;0;0.000790
transf_internacional;redesurftank.com.br;315;0;0;0;0.000179
transf_internacional;redesurftank.com.br;317;0;0;0;0.005599
transf_internacional;redesurftank.com.br;318;0;0;0;0.000324
transf_internacional;redesurftank.com.br;319;0;0;0;0.000377
transf_internacional;redesurftank.com.br;320;0;0;0;0.000913
transf_internacional;redesurftank.com.br;321;0;0;0;0.000581
transf_internacional;redesurftank.com.br;322;0;0;0;0.000254
transf_internacional;redesurftank.com.br;323;0;0;0;0.000205
transf_internacional;redesurftank.com.br;324;0;0;0;0.000200
transf_internacional;redesurftank.com.br;325;0;0;0;0.000181
transf_internacional;redesurftank.com.br;326;0;0;0;0.000251
transf_internacional;redesurftank.com.br;327;0;0;0;0.000903
transf_internacional;redesurftank.com.br;328;0;0;0;0.000367
transf_internacional;redesurftank.com.br;329;0;0;0;0.000150
transf_internacional;redesurftank.com.br;330;0;0;0;0.000208
transf_internacional;redesurftank.com.br;332;0;0;0;0.000142
transf_internacional;redesurftank.com.br;333;0;0;0;0.000657
transf_internacional;redesurftank.com.br;334;0;0;0;0.000186
transf_internacional;redesurftank.com.br;335;0;0;0;0.000210
transf_internacional;redesurftank.com.br;339;0;0;0;0.000233
transf_internacional;redesurftank.com.br;340;0;0;0;0.000252
transf_internacional;redesurftank.com.br;341;0;0;0;0.000464
transf_internacional;redesurftank.com.br;342;0;0;0;0.000259
transf_internacional;redesurftank.com.br;343;0;0;0;0.000164
transf_internacional;redesurftank.com.br;344;0;0;0;0.000195
transf_internacional;redesurftank.com.br;345;0;0;0;0.000189
transf_internacional;redesurftank.com.br;346;0;0;0;0.000271
transf_internacional;redesurftank.com.br;347;0;0;0;0.000247
transf_internacional;redesurftank.com.br;348;0;0;0;0.000253
transf_internacional;redesurftank.com.br;351;0;0;0;0.000272
transf_internacional;redesurftank.com.br;352;0;0;0;0.001553
transf_internacional;redesurftank.com.br;353;0;0;0;0.000136
transf_internacional;redesurftank.com.br;354;0;0;0;0.000229
transf_internacional;redesurftank.com.br;355;0;0;0;0.000390
transf_internacional;redesurftank.com.br;356;0;0;0;0.000226
transf_internacional;redesurftank.com.br;357;0;0;0;0.000309
transf_internacional;redesurftank.com.br;358;0;0;0;0.000263
transf_internacional;redesurftank.com.br;359;0;0;0;0.000270
transf_internacional;redesurftank.com.br;360;0;0;0;0.000510
transf_internacional;redesurftank.com.br;361;0;0;0;0.000560
transf_internacional;redesurftank.com.br;362;0;0;0;0.000158
transf_internacional;redesurftank.com.br;363;0;0;0;0.000342
transf_internacional;redesurftank.com.br;364;0;0;0;0.000381
transf_internacional;redesurftank.com.br;365;0;0;0;0.000262
transf_internacional;redesurftank.com.br;366;0;0;0;0.000197
transf_internacional;redesurftank.com.br;367;0;0;0;0.000212
transf_internacional;redesurftank.com.br;368;0;0;0;0.000195
transf_internacional;redesurftank.com.br;369;0;0;0;0.000481
transf_internacional;redesurftank.com.br;370;0;0;0;0.003885
transf_internacional;redesurftank.com.br;371;0;0;0;0.000270
transf_internacional;redesurftank.com.br;372;0;0;0;0.000354
transf_internacional;redesurftank.com.br;373;0;0;0;0.000219
transf_internacional;redesurftank.com.br;375;0;0;0;0.000185
transf_internacional;redesurftank.com.br;378;0;0;0;0.000107
transf_internacional;redesurftank.com.br;380;0;0;0;0.000272
transf_internacional;redesurftank.com.br;381;0;0;0;0.000259
transf_internacional;redesurftank.com.br;383;0;0;0;0.000238
transf_internacional;redesurftank.com.br;384;0;0;0;0.000183
transf_internacional;redesurftank.com.br;386;0;0;0;0.000256
transf_internacional;redesurftank.com.br;387;0;0;0;0.000147
transf_internacional;redesurftank.com.br;389;0;0;0;0.000224
transf_internacional;redesurftank.com.br;390;0;0;0;0.000221
transf_internacional;redesurftank.com.br;391;0;0;0;0.000191
transf_internacional;redesurftank.com.br;392;0;0;0;0.001690
transf_internacional;redesurftank.com.br;393;0;0;0;0.000224
transf_internacional;redesurftank.com.br;394;0;0;0;0.000780
transf_internacional;redesurftank.com.br;395;0;0;0;0.000185
transf_internacional;redesurftank.com.br;396;0;0;0;0.000117
transf_internacional;redesurftank.com.br;397;0;0;0;0.000318
transf_internacional;redesurftank.com.br;398;0;0;0;0.000227
transf_internacional;redesurftank.com.br;399;0;0;0;0.000279
transf_internacional;redesurftank.com.br;400;0;0;0;0.000222
transf_internacional;redesurftank.com.br;401;0;0;0;0.001423
transf_internacional;redesurftank.com.br;402;0;0;0;0.000188
transf_internacional;redesurftank.com.br;403;0;0;0;0.000254
transf_internacional;redesurftank.com.br;405;0;0;0;0.000312
transf_internacional;redesurftank.com.br;406;0;0;0;0.000222
transf_internacional;redesurftank.com.br;407;0;0;0;0.000171
transf_internacional;redesurftank.com.br;408;0;0;0;0.000387
transf_internacional;redesurftank.com.br;409;0;0;0;0.000128
transf_internacional;redesurftank.com.br;410;0;0;0;0.000530
transf_internacional;redesurftank.com.br;411;0;0;0;0.000157
transf_internacional;redesurftank.com.br;412;0;0;0;0.000231
transf_internacional;redesurftank.com.br;413;0;0;0;0.000178
transf_internacional;redesurftank.com.br;414;0;0;0;0.000212
transf_internacional;redesurftank.com.br;415;0;0;0;0.000159
transf_internacional;redesurftank.com.br;417;0;0;0;0.000231
transf_internacional;redesurftank.com.br;418;0;0;0;0.000130
transf_internacional;redesurftank.com.br;419;0;0;0;0.000138
transf_internacional;redesurftank.com.br;422;0;0;0;0.001097
transf_internacional;redesurftank.com.br;423;0;0;0;0.000204
transf_internacional;redesurftank.com.br;426;0;0;0;0.000114
transf_internacional;redesurftank.com.br;428;0;0;0;0.000055
transf_internacional;redesurftank.com.br;429;0;0;0;0.000217
transf_internacional;redesurftank.com.br;430;0;0;0;0.000486
transf_internacional;redesurftank.com.br;431;0;0;0;0.000187
transf_internacional;redesurftank.com.br;433;0;0;0;0.000164
transf_internacional;redesurftank.com.br;434;0;0;0;0.000222
transf_internacional;redesurftank.com.br;435;0;0;0;0.000320
transf_internacional;redesurftank.com.br;436;0;0;0;0.000138
transf_internacional;redesurftank.com.br;438;0;0;0;0.000152
transf_internacional;redesurftank.com.br;439;0;0;0;0.000136
transf_internacional;redesurftank.com.br;440;0;0;0;0.000218
transf_internacional;redesurftank.com.br;441;0;0;0;0.000147
transf_internacional;redesurftank.com.br;443;0;0;0;0.000357
transf_internacional;redesurftank.com.br;444;0;0;0;0.000222
transf_internacional;redesurftank.com.br;445;0;0;0;0.000331
transf_internacional;redesurftank.com.br;448;0;0;0;0.000234
transf_internacional;redesurftank.com.br;449;0;0;0;0.000358
transf_internacional;redesurftank.com.br;451;0;0;0;0.000795
transf_internacional;redesurftank.com.br;452;0;0;0;0.000272
transf_internacional;redesurftank.com.br;453;0;0;0;0.000387
transf_internacional;redesurftank.com.br;454;0;0;0;0.000184
transf_internacional;redesurftank.com.br;455;0;0;0;0.001298
transf_internacional;redesurftank.com.br;456;0;0;0;0.000182
transf_internacional;redesurftank.com.br;457;0;0;0;0.000246
transf_internacional;redesurftank.com.br;460;0;0;0;0.000281
transf_internacional;cenprotnacional.org.br;0;0;0;0;0.002351
transf_internacional;cenprotnacional.org.br;1;0;0;0;0.000171
transf_internacional;cenprotnacional.org.br;4;0;0;0;0.001146
transf_internacional;cenprotnacional.org.br;6;0;0;0;0.000963
transf_internacional;cenprotnacional.org.br;8;0;0;0;0.001206
transf_internacional;cenprotnacional.org.br;10;0;0;0;0.000172
transf_internacional;cenprotnacional.org.br;12;0;0;0;0.000277
transf_internacional;cenprotnacional.org.br;13;0;0;0;0.000428
transf_internacional;cenprotnacional.org.br;14;0;0;0;0.000292
transf_internacional;cenprotnacional.org.br;17;0;0;0;0.000154
transf_internacional;cenprotnacional.org.br;19;0;0;0;0.000992
transf_internacional;cenprotnacional.org.br;20;0;0;0;0.000835
transf_internacional;cenprotnacional.org.br;21;0;0;0;0.000344
transf_internacional;cenprotnacional.org.br;23;0;0;0;0.000099
transf_internacional;cenprotnacional.org.br;24;0;0;0;0.001498
transf_internacional;cenprotnacional.org.br;26;0;0;0;0.000143
transf_internacional;cenprotnacional.org.br;28;0;0;0;0.000095
transf_internacional;cenprotnacional.org.br;29;0;0;0;0.000136
transf_internacional;cenprotnacional.org.br;30;0;0;0;0.000179
transf_internacional;cenprotnacional.org.br;31;0;0;0;0.000333
transf_internacional;cenprotnacional.org.br;32;0;0;0;0.000383
transf_internacional;cenprotnacional.org.br;33;0;0;0;0.000978
transf_internacional;cenprotnacional.org.br;34;0;0;0;0.001356
transf_internacional;cenprotnacional.org.br;35;0;0;0;0.000095
transf_internacional;cenprotnacional.org.br;36;0;0;0;0.000108
transf_internacional;cenprotnacional.org.br;37;0;0;0;0.000413
transf_internacional;cenprotnacional.org.br;38;0;0;0;0.000108
transf_internacional;cenprotnacional.org.br;39;0;0;0;0.000384
transf_internacional;cenprotnacional.org.br;40;0;0;0;0.000572
transf_internacional;cenprotnacional.org.br;41;0;0;0;0.002166
transf_internacional;cenprotnacional.org.br;43;0;0;0;0.000157
transf_internacional;cenprotnacional.org.br;45;0;0;0;0.001196
transf_internacional;cenprotnacional.org.br;47;0;0;0;0.000393
transf_internacional;cenprotnacional.org.br;48;0;0;0;0.000548
transf_internacional;cenprotnacional.org.br;49;0;0;0;0.000177
transf_internacional;cenprotnacional.org.br;50;0;0;0;0.000800
transf_internacional;cenprotnacional.org.br;51;0;0;0;0.000193
transf_internacional;cenprotnacional.org.br;52;0;0;0;0.001377
transf_internacional;cenprotnacional.org.br;53;0;0;0;0.000109
transf_internacional;cenprotnacional.org.br;55;0;0;1;0.010897
transf_internacional;cenprotnacional.org.br;56;0;0;0;0.000451
transf_internacional;cenprotnacional.org.br;57;0;0;0;0.000609
transf_internacional;cenprotnacional.org.br;59;0;0;0;0.000553
transf_internacional;cenprotnacional.org.br;60;0;0;0;0.004222
transf_internacional;cenprotnacional.org.br;62;0;1;1;0.009140
transf_internacional;cenprotnacional.org.br;64;0;0;1;0.054928
transf_internacional;cenprotnacional.org.br;65;0;0;0;0.002937
transf_internacional;cenprotnacional.org.br;66;0;0;0;0.001595
transf_internacional;cenprotnacional.org.br;67;1;1;1;0.793336
transf_internacional;cenprotnacional.org.br;71;0;0;0;0.000697
transf_internacional;cenprotnacional.org.br;72;0;0;0;0.000362
transf_internacional;cenprotnacional.org.br;73;0;0;0;0.000292
transf_internacional;cenprotnacional.org.br;75;0;0;0;0.000235
transf_internacional;cenprotnacional.org.br;76;0;0;0;0.000223
transf_internacional;cenprotnacional.org.br;77;0;0;0;0.000380
transf_internacional;cenprotnacional.org.br;79;0;0;0;0.000702
transf_internacional;cenprotnacional.org.br;84;0;0;0;0.000640
transf_internacional;cenprotnacional.org.br;86;0;0;0;0.000413
transf_internacional;cenprotnacional.org.br;88;0;0;0;0.001389
transf_internacional;cenprotnacional.org.br;89;0;0;0;0.000105
transf_internacional;cenprotnacional.org.br;90;0;0;0;0.000247
transf_internacional;cenprotnacional.org.br;91;0;0;0;0.000165
transf_internacional;cenprotnacional.org.br;92;0;0;0;0.000310
transf_internacional;cenprotnacional.org.br;93;0;0;0;0.000243
transf_internacional;cenprotnacional.org.br;94;0;0;0;0.000111
transf_internacional;cenprotnacional.org.br;95;0;0;0;0.000178
transf_internacional;cenprotnacional.org.br;96;0;0;0;0.000457
transf_internacional;cenprotnacional.org.br;97;0;0;0;0.000136
transf_internacional;cenprotnacional.org.br;98;0;0;0;0.000204
transf_internacional;cenprotnacional.org.br;99;0;0;0;0.000332
transf_internacional;cenprotnacional.org.br;100;0;0;0;0.000210
transf_internacional;cenprotnacional.org.br;102;0;0;0;0.000860
transf_internacional;cenprotnacional.org.br;104;0;0;0;0.000376
transf_internacional;cenprotnacional.org.br;106;0;0;0;0.000262
transf_internacional;cenprotnacional.org.br;108;0;0;0;0.000231
transf_internacional;cenprotnacional.org.br;109;0;0;0;0.000190
transf_internacional;cenprotnacional.org.br;110;0;0;0;0.000131
transf_internacional;cenprotnacional.org.br;111;0;0;0;0.000149
transf_internacional;cenprotnacional.org.br;112;0;0;0;0.000222
transf_internacional;cenprotnacional.org.br;113;0;0;0;0.000252
transf_internacional;cenprotnacional.org.br;114;0;0;0;0.000211
transf_internacional;cenprotnacional.org.br;115;0;0;0;0.000473
transf_internacional;cenprotnacional.org.br;116;0;0;0;0.001112
transf_internacional;cenprotnacional.org.br;117;0;0;0;0.000767
transf_internacional;cenprotnacional.org.br;118;0;0;0;0.000295
transf_internacional;cenprotnacional.org.br;119;0;0;0;0.000283
transf_internacional;cenprotnacional.org.br;120;0;0;0;0.002769
transf_internacional;cenprotnacional.org.br;123;0;0;0;0.001098
transf_internacional;cenprotnacional.org.br;124;0;0;0;0.000272
transf_internacional;cenprotnacional.org.br;125;0;0;0;0.000565
transf_internacional;cenprotnacional.org.br;126;0;0;0;0.002467
transf_internacional;cenprotnacional.org.br;127;0;0;0;0.000242
transf_internacional;cenprotnacional.org.br;128;0;0;0;0.000898
transf_internacional;cenprotnacional.org.br;129;0;0;0;0.000242
transf_internacional;cenprotnacional.org.br;130;0;0;0;0.000165
transf_internacional;cenprotnacional.org.br;131;0;0;0;0.000307
transf_internacional;cenprotnacional.org.br;132;0;0;0;0.000211
transf_internacional;cenprotnacional.org.br;133;0;0;0;0.001979
transf_internacional;cenprotnacional.org.br;134;0;0;0;0.000822
transf_internacional;cenprotnacional.org.br;136;0;0;0;0.000153
transf_internacional;cenprotnacional.org.br;137;0;0;0;0.001153
transf_internacional;cenprotnacional.org.br;138;0;0;0;0.000145
transf_internacional;cenprotnacional.org.br;140;0;0;0;0.005130
transf_internacional;cenprotnacional.org.br;142;0;0;0;0.000268
transf_internacional;cenprotnacional.org.br;144;0;0;0;0.000129
transf_internacional;cenprotnacional.org.br;146;0;0;0;0.000400
transf_internacional;cenprotnacional.org.br;147;0;0;0;0.000264
transf_internacional;cenprotnacional.org.br;148;0;0;0;0.000390
transf_internacional;cenprotnacional.org.br;150;0;0;0;0.001716
transf_internacional;cenprotnacional.org.br;151;0;0;0;0.000637
transf_internacional;cenprotnacional.org.br;152;0;0;0;0.000199
transf_internacional;atakarejo.com.br;2;0;0;0;0.000096
transf_internacional;atakarejo.com.br;8;0;0;0;0.000056
transf_internacional;atakarejo.com.br;12;0;0;0;0.000088
transf_internacional;atakarejo.com.br;34;0;0;0;0.000096
transf_internacional;atakarejo.com.br;36;0;0;0;0.000347
transf_internacional;atakarejo.com.br;37;0;0;0;0.000336
transf_internacional;atakarejo.com.br;38;0;0;0;0.000303
transf_internacional;atakarejo.com.br;39;0;0;0;0.000142
transf_internacional;atakarejo.com.br;40;0;0;0;0.000136
transf_internacional;atakarejo.com.br;41;0;0;0;0.000054
transf_internacional;atakarejo.com.br;42;0;0;0;0.001854
transf_internacional;atakarejo.com.br;43;0;0;0;0.000274
transf_internacional;atakarejo.com.br;44;0;0;0;0.000356
transf_internacional;atakarejo.com.br;45;0;0;0;0.000091
transf_internacional;atakarejo.com.br;46;0;0;0;0.000038
transf_internacional;atakarejo.com.br;47;0;0;0;0.000162
transf_internacional;atakarejo.com.br;48;0;0;0;0.000256
transf_internacional;atakarejo.com.br;49;0;0;0;0.000137
transf_internacional;atakarejo.com.br;51;0;0;0;0.000048
transf_internacional;atakarejo.com.br;52;0;0;0;0.000185
transf_internacional;atakarejo.com.br;53;0;0;0;0.000061
transf_internacional;atakarejo.com.br;54;0;0;0;0.000043
transf_internacional;atakarejo.com.br;55;0;0;0;0.000325
transf_internacional;atakarejo.com.br;56;0;0;0;0.000021
transf_internacional;atakarejo.com.br;57;0;0;0;0.000032
transf_internacional;atakarejo.com.br;58;0;0;0;0.000064
transf_internacional;atakarejo.com.br;59;0;0;0;0.000546
transf_internacional;atakarejo.com.br;60;0;0;0;0.000092
transf_internacional;atakarejo.com.br;61;0;0;0;0.000047
transf_internacional;atakarejo.com.br;62;0;0;0;0.000074
transf_internacional;atakarejo.com.br;63;0;0;0;0.000213
transf_internacional;atakarejo.com.br;64;0;0;0;0.000059
transf_internacional;atakarejo.com.br;65;0;0;0;0.000112
transf_internacional;atakarejo.com.br;66;0;0;0;0.000044
transf_internacional;atakarejo.com.br;67;0;0;0;0.000035
transf_internacional;atakarejo.com.br;68;0;0;0;0.000073
transf_internacional;atakarejo.com.br;69;0;0;0;0.000249
transf_internacional;atakarejo.com.br;70;0;0;0;0.000076
transf_internacional;atakarejo.com.br;71;0;0;0;0.000069
transf_internacional;atakarejo.com.br;72;0;0;0;0.000098
transf_internacional;atakarejo.com.br;73;0;0;0;0.000079
transf_internacional;atakarejo.com.br;74;0;0;0;0.001069
transf_internacional;atakarejo.com.br;75;0;0;0;0.001186
transf_internacional;atakarejo.com.br;76;0;0;0;0.000031
transf_internacional;atakarejo.com.br;77;0;0;0;0.000248
transf_internacional;atakarejo.com.br;78;0;0;0;0.000252
transf_internacional;atakarejo.com.br;79;0;0;1;0.005188
transf_internacional;atakarejo.com.br;80;0;0;1;0.013962
transf_internacional;atakarejo.com.br;81;0;0;0;0.000072
transf_internacional;atakarejo.com.br;83;0;0;0;0.000031
transf_internacional;atakarejo.com.br;84;0;0;0;0.000059
transf_internacional;atakarejo.com.br;85;0;0;0;0.000581
transf_internacional;atakarejo.com.br;86;0;0;0;0.000337
transf_internacional;atakarejo.com.br;87;0;0;0;0.000103
transf_internacional;atakarejo.com.br;88;0;0;0;0.000134
transf_internacional;atakarejo.com.br;89;0;0;0;0.000217
transf_internacional;atakarejo.com.br;90;0;0;0;0.000060
transf_internacional;atakarejo.com.br;91;0;0;0;0.000947
transf_internacional;atakarejo.com.br;92;0;0;0;0.000193
transf_internacional;atakarejo.com.br;93;0;0;0;0.000038
transf_internacional;atakarejo.com.br;94;0;0;0;0.000170
transf_internacional;atakarejo.com.br;96;0;0;0;0.000125
transf_internacional;atakarejo.com.br;98;0;0;0;0.000048
transf_internacional;atakarejo.com.br;99;0;0;0;0.000044
transf_internacional;atakarejo.com.br;101;0;0;0;0.000278
transf_internacional;atakarejo.com.br;102;0;0;0;0.000391
transf_internacional;atakarejo.com.br;103;0;0;0;0.000122
transf_internacional;atakarejo.com.br;104;0;0;0;0.000088
transf_internacional;atakarejo.com.br;105;0;0;0;0.000189
transf_internacional;atakarejo.com.br;106;0;0;0;0.000082
transf_internacional;atakarejo.com.br;108;0;0;0;0.000044
transf_internacional;atakarejo.com.br;110;0;0;0;0.000064
transf_internacional;atakarejo.com.br;111;0;0;0;0.000056
transf_internacional;atakarejo.com.br;112;0;0;0;0.000049
transf_internacional;atakarejo.com.br;113;0;0;0;0.000286
transf_internacional;atakarejo.com.br;114;0;0;0;0.000049
transf_internacional;atakarejo.com.br;115;0;0;0;0.000040
transf_internacional;atakarejo.com.br;116;0;0;0;0.000038
transf_internacional;atakarejo.com.br;117;0;0;0;0.000089
transf_internacional;atakarejo.com.br;118;0;0;0;0.000067
transf_internacional;atakarejo.com.br;119;0;0;0;0.000056
transf_internacional;atakarejo.com.br;120;0;0;0;0.000301
transf_internacional;atakarejo.com.br;122;0;0;0;0.000073
transf_internacional;atakarejo.com.br;123;0;0;0;0.000050
transf_internacional;atakarejo.com.br;124;0;0;0;0.000105
transf_internacional;atakarejo.com.br;126;0;0;0;0.000046
transf_internacional;atakarejo.com.br;128;0;0;0;0.001322
transf_internacional;atakarejo.com.br;129;0;0;0;0.000087
transf_internacional;atakarejo.com.br;130;0;0;0;0.000115
transf_internacional;atakarejo.com.br;131;0;0;0;0.000099
transf_internacional;atakarejo.com.br;132;0;0;0;0.000141
transf_internacional;atakarejo.com.br;133;0;0;0;0.000101
transf_internacional;atakarejo.com.br;134;0;0;0;0.000074
transf_internacional;atakarejo.com.br;135;0;0;0;0.000087
transf_internacional;atakarejo.com.br;136;0;0;0;0.000100
transf_internacional;atakarejo.com.br;137;0;0;0;0.000065
transf_internacional;atakarejo.com.br;138;0;0;0;0.000134
transf_internacional;atakarejo.com.br;139;0;0;0;0.000023
transf_internacional;atakarejo.com.br;140;0;0;0;0.000167
transf_internacional;atakarejo.com.br;141;0;0;0;0.000070
transf_internacional;atakarejo.com.br;142;0;0;0;0.000061
transf_internacional;atakarejo.com.br;143;0;0;0;0.001427
transf_internacional;atakarejo.com.br;144;0;0;0;0.001370
transf_internacional;atakarejo.com.br;145;0;0;0;0.000056
transf_internacional;atakarejo.com.br;146;0;0;0;0.000080
transf_internacional;atakarejo.com.br;148;0;0;0;0.000915
transf_internacional;atakarejo.com.br;149;0;0;0;0.000853
transf_internacional;atakarejo.com.br;150;0;0;0;0.000342
transf_internacional;atakarejo.com.br;152;0;0;0;0.000251
transf_internacional;atakarejo.com.br;153;0;0;0;0.000043
transf_internacional;atakarejo.com.br;154;0;0;0;0.000758
transf_internacional;atakarejo.com.br;155;0;0;0;0.000082
transf_internacional;atakarejo.com.br;157;0;0;0;0.000095
transf_internacional;atakarejo.com.br;158;0;0;0;0.000170
transf_internacional;atakarejo.com.br;160;0;0;0;0.000182
transf_internacional;atakarejo.com.br;161;0;0;0;0.000152
transf_internacional;atakarejo.com.br;162;0;0;0;0.000041
transf_internacional;atakarejo.com.br;163;0;0;0;0.000081
transf_internacional;atakarejo.com.br;165;0;0;0;0.000083
transf_internacional;atakarejo.com.br;167;0;0;0;0.000140
transf_internacional;atakarejo.com.br;169;0;0;0;0.000205
transf_internacional;atakarejo.com.br;170;0;0;0;0.000157
transf_internacional;atakarejo.com.br;172;0;0;0;0.000218
transf_internacional;atakarejo.com.br;173;0;0;0;0.000053
transf_internacional;atakarejo.com.br;174;0;0;0;0.000040
transf_internacional;atakarejo.com.br;175;0;0;0;0.000105
transf_internacional;atakarejo.com.br;176;0;0;0;0.000074
transf_internacional;atakarejo.com.br;177;0;0;0;0.000181
transf_internacional;atakarejo.com.br;178;0;0;0;0.000091
transf_internacional;atakarejo.com.br;179;0;0;0;0.000203
transf_internacional;atakarejo.com.br;180;0;0;0;0.000061
transf_internacional;atakarejo.com.br;181;0;0;0;0.000258
transf_internacional;atakarejo.com.br;182;0;0;0;0.000228
transf_internacional;atakarejo.com.br;184;0;0;0;0.000117
transf_internacional;atakarejo.com.br;187;0;0;0;0.000072
transf_internacional;atakarejo.com.br;188;0;0;0;0.000084
transf_internacional;atakarejo.com.br;189;0;0;0;0.000050
transf_internacional;atakarejo.com.br;190;0;0;0;0.000063
transf_internacional;atakarejo.com.br;191;0;0;0;0.000032
transf_internacional;atakarejo.com.br;192;0;0;0;0.000081
transf_internacional;atakarejo.com.br;193;0;0;0;0.000105
transf_internacional;atakarejo.com.br;194;0;0;0;0.000144
transf_internacional;atakarejo.com.br;195;0;0;0;0.000121
transf_internacional;atakarejo.com.br;196;0;0;0;0.000031
transf_internacional;atakarejo.com.br;197;0;0;0;0.000042
transf_internacional;atakarejo.com.br;198;0;0;0;0.000214
transf_internacional;atakarejo.com.br;199;0;0;0;0.000116
transf_internacional;atakarejo.com.br;200;0;0;0;0.000144
transf_internacional;atakarejo.com.br;201;0;0;1;0.076927
transf_internacional;atakarejo.com.br;202;0;0;0;0.000273
transf_internacional;atakarejo.com.br;203;0;0;0;0.000071
transf_internacional;atakarejo.com.br;204;0;0;0;0.000386
transf_internacional;atakarejo.com.br;205;0;0;1;0.039367
transf_internacional;atakarejo.com.br;206;0;0;0;0.000227
transf_internacional;atakarejo.com.br;207;0;0;0;0.000467
transf_internacional;atakarejo.com.br;208;0;0;1;0.004100
transf_internacional;atakarejo.com.br;209;0;0;0;0.000076
transf_internacional;atakarejo.com.br;210;0;0;0;0.000128
transf_internacional;atakarejo.com.br;211;0;0;0;0.000039
transf_internacional;atakarejo.com.br;212;0;0;0;0.000391
transf_internacional;atakarejo.com.br;213;0;0;0;0.000044
transf_internacional;atakarejo.com.br;214;0;0;0;0.000208
transf_internacional;atakarejo.com.br;215;0;0;0;0.000058
transf_internacional;atakarejo.com.br;216;0;0;0;0.000142
transf_internacional;atakarejo.com.br;217;1;0;1;0.149173
transf_internacional;atakarejo.com.br;218;1;1;1;0.025764
transf_internacional;atakarejo.com.br;219;0;0;0;0.001122
transf_internacional;atakarejo.com.br;220;0;0;0;0.001219
transf_internacional;atakarejo.com.br;221;0;0;1;0.006318
transf_internacional;atakarejo.com.br;222;0;0;1;0.005655
transf_internacional;atakarejo.com.br;223;0;0;0;0.000127
transf_internacional;atakarejo.com.br;224;0;0;0;0.000043
transf_internacional;atakarejo.com.br;225;0;0;0;0.000046
transf_internacional;atakarejo.com.br;226;0;0;0;0.000213
transf_internacional;atakarejo.com.br;227;0;0;0;0.000098
transf_internacional;atakarejo.com.br;228;0;0;0;0.000071
transf_internacional;atakarejo.com.br;229;0;0;0;0.000074
transf_internacional;atakarejo.com.br;230;0;0;0;0.000284
transf_internacional;atakarejo.com.br;231;0;0;0;0.000120
transf_internacional;atakarejo.com.br;232;0;0;0;0.000083
transf_internacional;atakarejo.com.br;233;0;0;0;0.000076
transf_internacional;atakarejo.com.br;234;0;0;0;0.000069
transf_internacional;atakarejo.com.br;235;0;0;0;0.000109
transf_internacional;atakarejo.com.br;236;0;0;0;0.000514
transf_internacional;atakarejo.com.br;237;0;0;0;0.000166
transf_internacional;atakarejo.com.br;238;0;0;0;0.000036
transf_internacional;atakarejo.com.br;239;0;0;0;0.000020
transf_internacional;atakarejo.com.br;240;0;0;0;0.002979
transf_internacional;atakarejo.com.br;241;0;0;0;0.000470
transf_internacional;atakarejo.com.br;242;0;0;0;0.000104
transf_internacional;atakarejo.com.br;243;0;0;0;0.000104
transf_internacional;atakarejo.com.br;244;0;0;0;0.000066
transf_internacional;atakarejo.com.br;245;0;0;0;0.000335
transf_internacional;atakarejo.com.br;246;0;0;0;0.000021
transf_internacional;atakarejo.com.br;247;0;0;0;0.000136
transf_internacional;atakarejo.com.br;248;0;0;0;0.000228
transf_internacional;atakarejo.com.br;249;0;0;0;0.000042
transf_internacional;atakarejo.com.br;250;0;0;0;0.000041
transf_internacional;atakarejo.com.br;251;0;0;0;0.000039
transf_internacional;atakarejo.com.br;252;0;0;0;0.000146
transf_internacional;atakarejo.com.br;253;0;0;0;0.000183
transf_internacional;atakarejo.com.br;254;0;0;0;0.000048
transf_internacional;atakarejo.com.br;255;0;0;0;0.000483
transf_internacional;atakarejo.com.br;256;0;0;0;0.000289
transf_internacional;atakarejo.com.br;257;0;0;0;0.000064
transf_internacional;atakarejo.com.br;258;0;0;0;0.000108
transf_internacional;atakarejo.com.br;259;0;0;0;0.000913
transf_internacional;atakarejo.com.br;260;0;0;0;0.001406
transf_internacional;atakarejo.com.br;261;0;0;0;0.000355
transf_internacional;atakarejo.com.br;262;0;0;0;0.000171
transf_internacional;atakarejo.com.br;263;0;0;0;0.000039
transf_internacional;atakarejo.com.br;264;0;0;0;0.000205
transf_internacional;atakarejo.com.br;265;0;0;0;0.000203
transf_internacional;atakarejo.com.br;266;0;0;0;0.000060
transf_internacional;atakarejo.com.br;268;0;0;0;0.001572
transf_internacional;atakarejo.com.br;269;0;0;0;0.000518
transf_internacional;atakarejo.com.br;270;0;0;0;0.000024
transf_internacional;atakarejo.com.br;271;0;0;0;0.000557
transf_internacional;atakarejo.com.br;272;0;0;0;0.000067
transf_internacional;atakarejo.com.br;273;0;0;0;0.000098
transf_internacional;atakarejo.com.br;274;0;0;0;0.000043
transf_internacional;atakarejo.com.br;275;0;0;0;0.000038
transf_internacional;atakarejo.com.br;276;0;0;0;0.000047
transf_internacional;atakarejo.com.br;277;0;0;0;0.000071
transf_internacional;atakarejo.com.br;278;0;0;0;0.000072
transf_internacional;atakarejo.com.br;279;0;0;0;0.000040
transf_internacional;atakarejo.com.br;280;0;0;0;0.000033
transf_internacional;atakarejo.com.br;281;0;0;0;0.000039
transf_internacional;atakarejo.com.br;282;0;0;0;0.000049
transf_internacional;atakarejo.com.br;283;0;0;0;0.000131
transf_internacional;atakarejo.com.br;284;0;0;0;0.000282
transf_internacional;atakarejo.com.br;285;0;0;0;0.000026
transf_internacional;atakarejo.com.br;286;0;0;0;0.000123
transf_internacional;atakarejo.com.br;287;0;0;0;0.000370
transf_internacional;atakarejo.com.br;288;0;0;0;0.000072
transf_internacional;atakarejo.com.br;289;0;0;0;0.000051
transf_internacional;atakarejo.com.br;290;0;0;0;0.000229
transf_internacional;atakarejo.com.br;291;0;0;0;0.000052
transf_internacional;atakarejo.com.br;292;0;0;0;0.000084
transf_internacional;atakarejo.com.br;296;0;0;0;0.000067
transf_internacional;atakarejo.com.br;302;0;0;0;0.000067
transf_internacional;atakarejo.com.br;305;0;0;0;0.000067
transf_internacional;atakarejo.com.br;308;0;0;0;0.000067
transf_internacional;atakarejo.com.br;311;0;0;0;0.000049
transf_internacional;atakarejo.com.br;312;0;0;0;0.000165
transf_internacional;atakarejo.com.br;320;0;0;0;0.000045
transf_internacional;atakarejo.com.br;321;0;0;0;0.000061
transf_internacional;atakarejo.com.br;322;0;0;0;0.000078
transf_internacional;atakarejo.com.br;327;0;0;0;0.000067
transf_internacional;atakarejo.com.br;336;0;0;0;0.000053
transf_internacional;atakarejo.com.br;337;0;0;0;0.000315
transf_internacional;atakarejo.com.br;338;0;0;0;0.000078
transf_internacional;atakarejo.com.br;339;0;0;0;0.000025
transf_internacional;atakarejo.com.br;340;0;0;0;0.000221
transf_internacional;atakarejo.com.br;341;0;0;0;0.000057
transf_internacional;atakarejo.com.br;342;0;0;0;0.000079
transf_internacional;atakarejo.com.br;343;0;0;0;0.000066
transf_internacional;atakarejo.com.br;344;0;0;0;0.000065
transf_internacional;atakarejo.com.br;345;0;0;0;0.000069
transf_internacional;atakarejo.com.br;346;0;0;0;0.000131
transf_internacional;atakarejo.com.br;347;0;0;0;0.000189
transf_internacional;atakarejo.com.br;348;0;0;0;0.000004
transf_internacional;atakarejo.com.br;349;0;0;0;0.000047
transf_internacional;atakarejo.com.br;350;0;0;0;0.000065
transf_internacional;atakarejo.com.br;351;0;0;0;0.000007
transf_internacional;atakarejo.com.br;352;0;0;0;0.000183
transf_internacional;atakarejo.com.br;353;0;0;0;0.000060
transf_internacional;atakarejo.com.br;354;0;0;0;0.000171
transf_internacional;atakarejo.com.br;355;0;0;0;0.001073
transf_internacional;atakarejo.com.br;356;0;0;0;0.000020
transf_internacional;atakarejo.com.br;357;0;0;0;0.001332
transf_internacional;atakarejo.com.br;358;0;0;0;0.000073
transf_internacional;atakarejo.com.br;359;0;0;0;0.000118
transf_internacional;atakarejo.com.br;360;0;0;0;0.000122
transf_internacional;atakarejo.com.br;361;0;0;0;0.000091
transf_internacional;atakarejo.com.br;362;0;0;0;0.000207
transf_internacional;atakarejo.com.br;363;0;0;0;0.000604
transf_internacional;atakarejo.com.br;364;0;0;0;0.000072
transf_internacional;atakarejo.com.br;365;0;0;0;0.000285
transf_internacional;atakarejo.com.br;366;0;0;0;0.000062
transf_internacional;atakarejo.com.br;367;0;0;0;0.000150
transf_internacional;atakarejo.com.br;368;0;0;0;0.000075
transf_internacional;atakarejo.com.br;369;0;1;0;0.003201
transf_internacional;atakarejo.com.br;370;0;0;1;0.039414
transf_internacional;atakarejo.com.br;371;0;0;0;0.000186
transf_internacional;atakarejo.com.br;372;0;0;0;0.000098
transf_internacional;atakarejo.com.br;373;0;0;0;0.000061
transf_internacional;atakarejo.com.br;374;0;0;0;0.000259
transf_internacional;atakarejo.com.br;375;0;0;0;0.000124
transf_internacional;atakarejo.com.br;376;0;0;0;0.000050
transf_internacional;atakarejo.com.br;377;0;0;0;0.000062
transf_internacional;atakarejo.com.br;378;0;0;0;0.000333
transf_internacional;atakarejo.com.br;379;0;0;0;0.000167
transf_internacional;atakarejo.com.br;380;0;0;0;0.000072
transf_internacional;atakarejo.com.br;381;0;0;0;0.000117
transf_internacional;atakarejo.com.br;382;0;0;0;0.000040
transf_internacional;atakarejo.com.br;383;0;0;0;0.000040
transf_internacional;atakarejo.com.br;384;0;0;0;0.000151
transf_internacional;atakarejo.com.br;385;0;0;0;0.000026
transf_internacional;atakarejo.com.br;386;0;0;0;0.000052
transf_internacional;atakarejo.com.br;387;0;0;0;0.000064
transf_internacional;atakarejo.com.br;388;0;0;0;0.000067
transf_internacional;atakarejo.com.br;389;0;0;0;0.000078
transf_internacional;atakarejo.com.br;390;0;0;0;0.000052
transf_internacional;atakarejo.com.br;391;0;0;0;0.000452
transf_internacional;atakarejo.com.br;392;0;0;0;0.000303
transf_internacional;atakarejo.com.br;393;0;0;0;0.000195
transf_internacional;atakarejo.com.br;394;0;0;0;0.000208
transf_internacional;atakarejo.com.br;395;0;0;0;0.000133
transf_internacional;atakarejo.com.br;396;0;0;0;0.000049
transf_internacional;atakarejo.com.br;397;0;0;0;0.000692
transf_internacional;atakarejo.com.br;398;0;0;0;0.000095
transf_internacional;atakarejo.com.br;399;0;0;0;0.000056
transf_internacional;atakarejo.com.br;417;0;0;0;0.000062
transf_internacional;atakarejo.com.br;419;0;0;0;0.000043
transf_internacional;atakarejo.com.br;420;0;0;0;0.000043
transf_internacional;atakarejo.com.br;423;0;0;0;0.000050
transf_internacional;atakarejo.com.br;426;0;0;0;0.000037
transf_internacional;atakarejo.com.br;429;0;0;0;0.000030
transf_internacional;atakarejo.com.br;436;0;0;0;0.000032
transf_internacional;atakarejo.com.br;437;0;0;0;0.000027
transf_internacional;atakarejo.com.br;439;0;0;0;0.000067
transf_internacional;atakarejo.com.br;507;0;0;0;0.000022
transf_internacional;atakarejo.com.br;509;0;0;0;0.000058
transf_internacional;atakarejo.com.br;511;0;0;0;0.000093
transf_internacional;atakarejo.com.br;515;0;0;0;0.000062
transf_internacional;atakarejo.com.br;516;0;0;0;0.000074
transf_internacional;atakarejo.com.br;517;0;0;0;0.000063
transf_internacional;atakarejo.com.br;518;0;0;0;0.000036
transf_internacional;atakarejo.com.br;519;0;0;0;0.000057
transf_internacional;atakarejo.com.br;520;0;0;0;0.000054
transf_internacional;atakarejo.com.br;522;0;0;0;0.000045
transf_internacional;atakarejo.com.br;523;0;0;0;0.000039
transf_internacional;atakarejo.com.br;524;0;0;0;0.000081
transf_internacional;atakarejo.com.br;528;0;0;0;0.000066
transf_internacional;atakarejo.com.br;529;0;0;0;0.000149
transf_internacional;atakarejo.com.br;530;0;0;0;0.000050
transf_internacional;atakarejo.com.br;531;0;0;0;0.000033
transf_internacional;atakarejo.com.br;533;0;0;0;0.000099
transf_internacional;atakarejo.com.br;534;0;0;0;0.000046
transf_internacional;atakarejo.com.br;538;0;0;0;0.000054
transf_internacional;atakarejo.com.br;540;0;0;0;0.000078
transf_internacional;atakarejo.com.br;541;0;0;0;0.000047
transf_internacional;atakarejo.com.br;1123;0;0;0;0.000091
transf_internacional;atakarejo.com.br;1125;0;0;0;0.000132
transf_internacional;atakarejo.com.br;1126;0;0;0;0.000194
transf_internacional;atakarejo.com.br;1127;0;0;0;0.000267
transf_internacional;atakarejo.com.br;1128;0;0;0;0.000172
transf_internacional;atakarejo.com.br;1129;0;0;0;0.000503
transf_internacional;atakarejo.com.br;1134;0;0;0;0.000044
transf_internacional;atakarejo.com.br;1135;0;0;0;0.000033
transf_internacional;atakarejo.com.br;1138;0;0;0;0.000043
transf_internacional;atakarejo.com.br;1140;0;0;0;0.000062
transf_internacional;atakarejo.com.br;1141;0;0;0;0.000045
transf_internacional;atakarejo.com.br;1142;0;0;0;0.000036
transf_internacional;atakarejo.com.br;1143;0;0;0;0.000049
transf_internacional;atakarejo.com.br;1144;0;0;0;0.000031
transf_internacional;atakarejo.com.br;1145;0;0;0;0.000041
transf_internacional;denatran.gov.br;0;0;0;0;0.002134
transf_internacional;denatran.gov.br;1;0;0;0;0.001602
transf_internacional;denatran.gov.br;2;0;0;0;0.000843
transf_internacional;denatran.gov.br;3;0;0;0;0.001340
transf_internacional;denatran.gov.br;19;0;0;0;0.001801
transf_internacional;denatran.gov.br;20;0;0;0;0.001934
transf_internacional;denatran.gov.br;23;0;0;0;0.001457
transf_internacional;denatran.gov.br;24;0;0;0;0.001305
transf_internacional;denatran.gov.br;26;0;0;0;0.001305
transf_internacional;denatran.gov.br;27;0;0;0;0.001757
transf_internacional;denatran.gov.br;29;0;0;0;0.001934
transf_internacional;denatran.gov.br;36;0;0;0;0.001729
transf_internacional;denatran.gov.br;39;0;0;0;0.001483
transf_internacional;denatran.gov.br;43;0;0;0;0.001486
transf_internacional;denatran.gov.br;44;0;0;0;0.001076
transf_internacional;denatran.gov.br;45;0;0;0;0.001613
transf_internacional;denatran.gov.br;46;0;0;0;0.001364
transf_internacional;denatran.gov.br;47;0;0;0;0.001636
transf_internacional;denatran.gov.br;48;0;0;0;0.001712
transf_internacional;denatran.gov.br;49;0;0;0;0.001758
transf_internacional;denatran.gov.br;51;0;0;0;0.001664
transf_internacional;denatran.gov.br;52;0;0;0;0.001305
transf_internacional;denatran.gov.br;53;0;0;0;0.001603
transf_internacional;denatran.gov.br;54;0;0;0;0.001934
transf_internacional;denatran.gov.br;62;0;0;0;0.001908
transf_internacional;denatran.gov.br;64;0;0;0;0.001800
transf_internacional;denatran.gov.br;65;0;0;0;0.001753
transf_internacional;denatran.gov.br;66;0;0;0;0.001189
transf_internacional;denatran.gov.br;67;0;0;0;0.001718
transf_internacional;denatran.gov.br;68;0;0;0;0.002023
transf_internacional;denatran.gov.br;69;0;0;0;0.001794
transf_internacional;denatran.gov.br;70;0;0;0;0.001682
transf_internacional;denatran.gov.br;72;0;0;0;0.001479
transf_internacional;denatran.gov.br;73;0;0;0;0.001555
transf_internacional;denatran.gov.br;74;0;0;0;0.001934
transf_internacional;denatran.gov.br;75;0;0;0;0.001934
transf_internacional;denatran.gov.br;76;0;0;0;0.001668
transf_internacional;denatran.gov.br;77;0;0;0;0.001934
transf_internacional;denatran.gov.br;78;0;0;0;0.002771
transf_internacional;denatran.gov.br;79;0;0;0;0.001305
transf_internacional;denatran.gov.br;80;0;0;0;0.001394
transf_internacional;denatran.gov.br;81;0;0;0;0.001846
transf_internacional;denatran.gov.br;82;0;0;0;0.001864
transf_internacional;denatran.gov.br;83;0;0;0;0.001723
transf_internacional;denatran.gov.br;84;0;0;0;0.001934
transf_internacional;denatran.gov.br;87;0;0;0;0.002013
transf_internacional;denatran.gov.br;91;0;0;0;0.001897
transf_internacional;denatran.gov.br;93;0;0;0;0.001553
transf_internacional;denatran.gov.br;94;0;0;0;0.001601
transf_internacional;denatran.gov.br;96;0;0;0;0.001520
transf_internacional;denatran.gov.br;99;0;0;0;0.002129
transf_internacional;denatran.gov.br;101;0;0;0;0.001587
transf_internacional;denatran.gov.br;106;0;0;0;0.001794
transf_internacional;denatran.gov.br;107;0;0;0;0.001814
transf_internacional;denatran.gov.br;109;0;0;0;0.001670
transf_internacional;denatran.gov.br;115;0;0;0;0.001861
transf_internacional;denatran.gov.br;116;0;0;0;0.001880
transf_internacional;denatran.gov.br;117;0;0;0;0.001623
transf_internacional;denatran.gov.br;118;0;0;0;0.006146
transf_internacional;denatran.gov.br;119;0;0;0;0.004056
transf_internacional;denatran.gov.br;122;0;0;0;0.001552
transf_internacional;denatran.gov.br;123;0;0;0;0.002696
transf_internacional;denatran.gov.br;124;0;0;0;0.005070
transf_internacional;denatran.gov.br;125;0;0;0;0.001740
transf_internacional;denatran.gov.br;126;0;0;0;0.002791
transf_internacional;denatran.gov.br;127;0;0;1;0.040123
transf_internacional;denatran.gov.br;132;0;0;0;0.001934
transf_internacional;denatran.gov.br;134;0;0;0;0.001573
transf_internacional;denatran.gov.br;135;0;0;0;0.000827
transf_internacional;denatran.gov.br;136;0;0;0;0.002060
transf_internacional;denatran.gov.br;137;0;0;0;0.001033
transf_internacional;denatran.gov.br;138;0;0;0;0.002284
transf_internacional;denatran.gov.br;139;0;0;0;0.001180
transf_internacional;denatran.gov.br;140;0;0;0;0.000847
transf_internacional;denatran.gov.br;141;0;0;0;0.001364
transf_internacional;denatran.gov.br;142;0;0;0;0.001271
transf_internacional;denatran.gov.br;143;0;0;0;0.002083
transf_internacional;denatran.gov.br;144;0;0;0;0.001827
transf_internacional;denatran.gov.br;146;0;0;0;0.003335
transf_internacional;denatran.gov.br;147;0;0;0;0.002543
transf_internacional;denatran.gov.br;148;0;0;0;0.002863
transf_internacional;denatran.gov.br;149;0;0;0;0.001839
transf_internacional;denatran.gov.br;150;0;0;0;0.001408
transf_internacional;denatran.gov.br;151;0;0;0;0.001305
transf_internacional;denatran.gov.br;155;0;0;0;0.001327
transf_internacional;denatran.gov.br;161;0;0;0;0.001697
transf_internacional;denatran.gov.br;162;0;0;0;0.001614
transf_internacional;denatran.gov.br;169;0;0;0;0.001815
transf_internacional;denatran.gov.br;171;0;0;0;0.001483
transf_internacional;denatran.gov.br;173;0;0;0;0.001595
transf_internacional;denatran.gov.br;180;0;0;0;0.002225
transf_internacional;denatran.gov.br;183;0;0;0;0.001644
transf_internacional;denatran.gov.br;184;0;0;0;0.001584
transf_internacional;denatran.gov.br;188;0;0;0;0.001359
transf_internacional;denatran.gov.br;189;0;0;1;0.028838
transf_internacional;denatran.gov.br;190;0;0;0;0.003500
transf_internacional;denatran.gov.br;191;0;0;0;0.001377
transf_internacional;denatran.gov.br;192;0;0;0;0.001811
transf_internacional;denatran.gov.br;193;0;0;0;0.002982
transf_internacional;denatran.gov.br;195;0;0;0;0.002293
transf_internacional;denatran.gov.br;196;0;0;0;0.001818
transf_internacional;denatran.gov.br;197;0;0;0;0.006347
transf_internacional;denatran.gov.br;198;0;0;0;0.003129
transf_internacional;denatran.gov.br;199;0;0;0;0.001247
transf_internacional;denatran.gov.br;200;0;0;0;0.001886
transf_internacional;denatran.gov.br;202;0;0;0;0.001670
transf_internacional;denatran.gov.br;204;0;0;0;0.003500
transf_internacional;denatran.gov.br;206;0;0;0;0.001934
transf_internacional;denatran.gov.br;207;0;0;0;0.001766
transf_internacional;denatran.gov.br;208;0;0;0;0.001633
transf_internacional;denatran.gov.br;211;0;0;0;0.001598
transf_internacional;denatran.gov.br;214;0;0;0;0.001738
transf_internacional;denatran.gov.br;218;0;0;0;0.001776
transf_internacional;denatran.gov.br;220;0;0;0;0.001740
transf_internacional;denatran.gov.br;221;0;0;0;0.001859
transf_internacional;denatran.gov.br;225;0;0;0;0.002193
transf_internacional;denatran.gov.br;226;0;0;0;0.001756
transf_internacional;denatran.gov.br;228;0;0;0;0.001443
transf_internacional;denatran.gov.br;229;0;0;0;0.001954
transf_internacional;denatran.gov.br;230;0;0;0;0.001253
transf_internacional;denatran.gov.br;231;0;0;0;0.002530
transf_internacional;denatran.gov.br;232;0;0;0;0.001957
transf_internacional;denatran.gov.br;233;0;0;0;0.001459
transf_internacional;denatran.gov.br;236;0;0;0;0.002472
transf_internacional;denatran.gov.br;237;0;0;0;0.001440
transf_internacional;denatran.gov.br;238;0;0;0;0.002276
transf_internacional;denatran.gov.br;240;0;0;0;0.001683
transf_internacional;denatran.gov.br;241;0;0;0;0.001551
transf_internacional;denatran.gov.br;257;0;0;0;0.010695
transf_internacional;denatran.gov.br;258;0;0;0;0.012191
transf_internacional;denatran.gov.br;260;0;0;0;0.007230
transf_internacional;denatran.gov.br;261;0;0;0;0.001369
transf_internacional;denatran.gov.br;262;0;0;1;0.022753
transf_internacional;denatran.gov.br;263;0;0;0;0.001676
transf_internacional;denatran.gov.br;264;0;0;0;0.001797
transf_internacional;denatran.gov.br;265;0;0;0;0.001868
transf_internacional;denatran.gov.br;266;0;0;0;0.010209
transf_internacional;denatran.gov.br;267;0;0;0;0.013379
transf_internacional;denatran.gov.br;268;0;0;0;0.006231
transf_internacional;denatran.gov.br;270;0;0;0;0.001934
transf_internacional;denatran.gov.br;272;0;0;0;0.001892
transf_internacional;denatran.gov.br;273;0;0;0;0.001890
transf_internacional;denatran.gov.br;275;0;0;0;0.001298
transf_internacional;denatran.gov.br;277;0;0;0;0.001815
transf_internacional;denatran.gov.br;449;0;0;0;0.001163
transf_internacional;denatran.gov.br;450;0;0;0;0.001391
transf_internacional;denatran.gov.br;452;0;0;0;0.001793
transf_internacional;denatran.gov.br;455;0;0;0;0.011100
transf_internacional;denatran.gov.br;549;0;0;0;0.018364
transf_internacional;denatran.gov.br;550;0;0;1;0.028838
transf_internacional;denatran.gov.br;553;0;0;0;0.005887
transf_internacional;denatran.gov.br;554;0;0;0;0.002666
transf_internacional;denatran.gov.br;555;0;0;0;0.003925
transf_internacional;denatran.gov.br;556;0;0;0;0.001330
transf_internacional;denatran.gov.br;557;0;0;0;0.001524
transf_internacional;denatran.gov.br;558;0;0;0;0.002148
transf_internacional;denatran.gov.br;559;0;0;0;0.002307
transf_internacional;denatran.gov.br;560;0;0;0;0.002307
transf_internacional;denatran.gov.br;561;0;0;0;0.002307
transf_internacional;denatran.gov.br;562;0;0;0;0.001921
transf_internacional;denatran.gov.br;563;0;0;0;0.002307
transf_internacional;denatran.gov.br;564;0;0;0;0.002102
transf_internacional;denatran.gov.br;565;0;0;0;0.001988
transf_internacional;denatran.gov.br;566;0;0;0;0.001524
transf_internacional;denatran.gov.br;567;0;0;0;0.001744
transf_internacional;denatran.gov.br;568;0;0;0;0.003608
transf_internacional;denatran.gov.br;569;0;0;0;0.001344
transf_internacional;denatran.gov.br;570;0;0;0;0.001583
transf_internacional;denatran.gov.br;571;0;0;0;0.001591
transf_internacional;denatran.gov.br;572;0;0;0;0.002106
transf_internacional;denatran.gov.br;573;0;0;0;0.001980
transf_internacional;denatran.gov.br;574;0;0;0;0.001952
transf_internacional;denatran.gov.br;575;0;0;0;0.001634
transf_internacional;denatran.gov.br;576;0;0;0;0.001935
transf_internacional;denatran.gov.br;577;0;0;0;0.001248
transf_internacional;denatran.gov.br;578;0;0;0;0.001456
transf_internacional;denatran.gov.br;579;0;0;0;0.001248
transf_internacional;denatran.gov.br;580;0;0;0;0.001248
transf_internacional;denatran.gov.br;581;0;0;0;0.001248
transf_internacional;denatran.gov.br;582;0;0;0;0.001104
transf_internacional;denatran.gov.br;583;0;0;0;0.001072
transf_internacional;denatran.gov.br;584;0;0;0;0.001947
transf_internacional;denatran.gov.br;585;0;0;0;0.001930
transf_internacional;denatran.gov.br;586;0;0;0;0.005071
transf_internacional;denatran.gov.br;587;0;0;0;0.005906
transf_internacional;denatran.gov.br;588;0;0;0;0.002398
transf_internacional;denatran.gov.br;589;0;0;1;0.023168
transf_internacional;denatran.gov.br;590;0;0;0;0.018681
transf_internacional;denatran.gov.br;591;0;0;0;0.005604
transf_internacional;denatran.gov.br;592;0;0;0;0.001856
transf_internacional;denatran.gov.br;594;0;0;0;0.002288
transf_internacional;denatran.gov.br;595;0;0;0;0.013510
transf_internacional;denatran.gov.br;596;0;0;0;0.001302
transf_internacional;denatran.gov.br;597;0;0;0;0.004356
transf_internacional;denatran.gov.br;598;0;0;0;0.003715
transf_internacional;denatran.gov.br;938;0;0;0;0.001780
transf_internacional;denatran.gov.br;941;0;0;0;0.002533
transf_internacional;denatran.gov.br;950;0;0;0;0.001513
transf_internacional;denatran.gov.br;951;0;0;0;0.003956
transf_internacional;denatran.gov.br;952;0;0;0;0.001851
transf_internacional;denatran.gov.br;953;0;0;0;0.002237
transf_internacional;denatran.gov.br;954;0;0;0;0.001927
transf_internacional;denatran.gov.br;956;0;0;0;0.001689
transf_internacional;denatran.gov.br;961;0;0;0;0.001557
transf_internacional;denatran.gov.br;963;0;0;0;0.001669
transf_internacional;denatran.gov.br;964;0;0;0;0.001582
transf_internacional;denatran.gov.br;965;0;0;0;0.001934
transf_internacional;denatran.gov.br;966;0;0;0;0.001934
transf_internacional;denatran.gov.br;967;0;0;0;0.001934
transf_internacional;denatran.gov.br;968;0;0;0;0.001827
transf_internacional;denatran.gov.br;969;0;0;0;0.001485
transf_internacional;denatran.gov.br;970;0;0;0;0.001667
transf_internacional;denatran.gov.br;971;0;0;0;0.001842
transf_internacional;denatran.gov.br;972;0;0;0;0.001845
transf_internacional;denatran.gov.br;983;0;0;0;0.001792
transf_internacional;denatran.gov.br;984;0;0;0;0.001248
transf_internacional;denatran.gov.br;986;0;0;0;0.001661
transf_internacional;denatran.gov.br;988;0;0;1;0.021620
transf_internacional;denatran.gov.br;989;0;0;0;0.001712
transf_internacional;denatran.gov.br;990;0;0;0;0.001566
transf_internacional;denatran.gov.br;991;0;0;0;0.002657
transf_internacional;denatran.gov.br;993;0;0;0;0.005964
transf_internacional;denatran.gov.br;994;0;0;0;0.002782
transf_internacional;denatran.gov.br;995;0;0;0;0.000956
transf_internacional;denatran.gov.br;1266;0;0;0;0.002156
transf_internacional;denatran.gov.br;1270;0;0;0;0.005609
transf_internacional;denatran.gov.br;1271;0;0;0;0.003404
transf_internacional;denatran.gov.br;1274;0;0;0;0.001657
transf_internacional;denatran.gov.br;1275;0;0;0;0.000946
transf_internacional;denatran.gov.br;1276;0;0;0;0.002104
transf_internacional;denatran.gov.br;1277;0;0;0;0.001289
transf_internacional;denatran.gov.br;1278;0;0;0;0.001310
transf_internacional;denatran.gov.br;1279;0;0;0;0.001404
transf_internacional;denatran.gov.br;1280;0;0;0;0.001558
transf_internacional;denatran.gov.br;1281;0;0;0;0.001359
transf_internacional;denatran.gov.br;1282;0;0;0;0.001442
transf_internacional;denatran.gov.br;1283;0;0;0;0.001206
transf_internacional;denatran.gov.br;1284;0;0;0;0.003778
transf_internacional;denatran.gov.br;1285;0;0;0;0.000709
transf_internacional;denatran.gov.br;1286;0;0;0;0.003401
transf_internacional;denatran.gov.br;1287;0;0;0;0.006705
transf_internacional;denatran.gov.br;1288;0;0;0;0.003606
transf_internacional;denatran.gov.br;1291;0;0;0;0.005146
transf_internacional;denatran.gov.br;1292;0;0;0;0.003539
transf_internacional;denatran.gov.br;1293;0;0;0;0.002332
transf_internacional;denatran.gov.br;1294;0;0;0;0.001378
transf_internacional;denatran.gov.br;1295;0;0;0;0.004873
transf_internacional;denatran.gov.br;1296;0;0;0;0.001276
transf_internacional;denatran.gov.br;1297;0;0;0;0.001525
transf_internacional;denatran.gov.br;1298;0;0;0;0.001360
transf_internacional;denatran.gov.br;1299;0;0;0;0.001476
transf_internacional;denatran.gov.br;1301;0;0;0;0.001478
transf_internacional;denatran.gov.br;1302;0;0;0;0.001319
transf_internacional;denatran.gov.br;1303;0;0;0;0.002562
transf_internacional;denatran.gov.br;1304;0;0;0;0.000986
transf_internacional;denatran.gov.br;1305;0;0;0;0.001263
transf_internacional;denatran.gov.br;1306;0;0;0;0.002497
transf_internacional;denatran.gov.br;1307;0;0;0;0.001549
transf_internacional;denatran.gov.br;1308;0;0;0;0.001839
transf_internacional;denatran.gov.br;1309;0;0;0;0.001092
transf_internacional;denatran.gov.br;1310;0;0;0;0.001370
transf_internacional;denatran.gov.br;1312;0;0;0;0.001845
transf_internacional;denatran.gov.br;1313;0;0;0;0.001440
transf_internacional;denatran.gov.br;1314;0;0;0;0.004418
transf_internacional;denatran.gov.br;1315;0;0;0;0.004255
transf_internacional;denatran.gov.br;1316;0;0;0;0.001304
transf_internacional;denatran.gov.br;1317;0;0;0;0.001391
transf_internacional;denatran.gov.br;1318;0;0;0;0.001674
transf_internacional;denatran.gov.br;1319;0;0;0;0.002366
transf_internacional;denatran.gov.br;1320;0;0;0;0.001845
transf_internacional;denatran.gov.br;1321;0;0;0;0.002830
transf_internacional;denatran.gov.br;1322;0;0;0;0.003220
transf_internacional;denatran.gov.br;1323;0;0;0;0.001821
transf_internacional;denatran.gov.br;1324;0;0;0;0.001183
transf_internacional;denatran.gov.br;1325;0;0;0;0.001473
transf_internacional;denatran.gov.br;1326;0;0;0;0.001754
transf_internacional;denatran.gov.br;1327;0;0;0;0.001934
transf_internacional;denatran.gov.br;1328;0;0;0;0.003027
transf_internacional;denatran.gov.br;1330;0;0;0;0.007823
transf_internacional;denatran.gov.br;1331;0;0;0;0.002417
transf_internacional;denatran.gov.br;1332;0;0;0;0.001693
transf_internacional;denatran.gov.br;1333;0;0;0;0.001798
transf_internacional;denatran.gov.br;1334;0;0;0;0.001649
transf_internacional;denatran.gov.br;1335;0;0;0;0.003766
transf_internacional;denatran.gov.br;1336;0;0;0;0.003761
transf_internacional;denatran.gov.br;1337;0;0;0;0.002446
transf_internacional;denatran.gov.br;1338;0;0;0;0.002759
transf_internacional;denatran.gov.br;1339;0;0;0;0.005309
transf_internacional;denatran.gov.br;1340;0;0;0;0.003994
transf_internacional;denatran.gov.br;1348;0;0;0;0.001126
transf_internacional;denatran.gov.br;1349;0;0;0;0.002688
transf_internacional;denatran.gov.br;1350;0;0;0;0.003345
transf_internacional;denatran.gov.br;1352;0;0;0;0.004844
transf_internacional;denatran.gov.br;1353;0;0;0;0.002590
transf_internacional;denatran.gov.br;1354;0;0;0;0.002018
transf_internacional;denatran.gov.br;1355;0;0;0;0.003911
transf_internacional;denatran.gov.br;1356;0;0;0;0.001963
transf_internacional;denatran.gov.br;1357;0;0;0;0.004026
transf_internacional;denatran.gov.br;1358;0;0;0;0.001695
transf_internacional;denatran.gov.br;1359;0;0;0;0.002410
transf_internacional;denatran.gov.br;1361;0;0;0;0.001166
transf_internacional;denatran.gov.br;1362;0;0;0;0.013149
transf_internacional;denatran.gov.br;1363;0;0;0;0.006515
transf_internacional;denatran.gov.br;1364;0;0;0;0.001293
transf_internacional;denatran.gov.br;1366;0;0;0;0.010509
transf_internacional;denatran.gov.br;1368;0;0;0;0.003174
transf_internacional;denatran.gov.br;1369;0;0;0;0.002239
transf_internacional;denatran.gov.br;1370;0;0;0;0.005280
transf_internacional;denatran.gov.br;1371;0;0;0;0.006789
transf_internacional;denatran.gov.br;1374;0;0;0;0.001830
transf_internacional;denatran.gov.br;1376;0;0;0;0.001339
transf_internacional;denatran.gov.br;1377;0;0;0;0.001774
transf_internacional;denatran.gov.br;1378;0;0;0;0.001384
transf_internacional;denatran.gov.br;1383;0;0;0;0.001366
transf_internacional;denatran.gov.br;1386;0;0;0;0.001976
transf_internacional;denatran.gov.br;1389;0;0;0;0.001530
transf_internacional;denatran.gov.br;1390;0;0;0;0.001444
transf_internacional;denatran.gov.br;1392;0;0;0;0.001443
transf_internacional;denatran.gov.br;1395;0;0;0;0.001119
transf_internacional;denatran.gov.br;1398;0;0;0;0.001359
transf_internacional;denatran.gov.br;1399;0;0;0;0.001429
transf_internacional;denatran.gov.br;1401;0;0;0;0.002802
transf_internacional;denatran.gov.br;1403;0;0;0;0.001902
transf_internacional;denatran.gov.br;1404;0;0;0;0.001672
transf_internacional;denatran.gov.br;1407;0;0;0;0.003455
transf_internacional;denatran.gov.br;1410;0;0;0;0.001339
transf_internacional;denatran.gov.br;1413;0;0;0;0.001684
transf_internacional;denatran.gov.br;1416;0;0;0;0.001589
transf_internacional;denatran.gov.br;1419;0;0;0;0.001195
transf_internacional;denatran.gov.br;1422;0;0;0;0.001535
transf_internacional;denatran.gov.br;1425;0;0;0;0.001072
transf_internacional;denatran.gov.br;1427;0;0;0;0.001934
transf_internacional;denatran.gov.br;1428;0;0;0;0.001589
transf_internacional;denatran.gov.br;1430;0;0;0;0.001934
transf_internacional;denatran.gov.br;1433;0;0;0;0.001934
transf_internacional;denatran.gov.br;1434;0;0;0;0.001193
transf_internacional;denatran.gov.br;1440;0;0;0;0.001315
transf_internacional;denatran.gov.br;1445;0;0;0;0.001934
transf_internacional;denatran.gov.br;1446;0;0;0;0.001928
transf_internacional;denatran.gov.br;1448;0;0;0;0.001463
transf_internacional;denatran.gov.br;1453;0;0;0;0.001794
transf_internacional;denatran.gov.br;1455;0;0;0;0.001498
transf_internacional;denatran.gov.br;1456;0;0;0;0.001673
transf_internacional;denatran.gov.br;1457;0;0;0;0.001474
transf_internacional;denatran.gov.br;1458;0;0;0;0.001460
transf_internacional;denatran.gov.br;1460;0;0;0;0.001934
transf_internacional;denatran.gov.br;1461;0;0;0;0.001398
transf_internacional;denatran.gov.br;1464;0;0;0;0.002273
transf_internacional;denatran.gov.br;1467;0;0;0;0.001494
transf_internacional;denatran.gov.br;1470;0;0;0;0.004043
transf_internacional;denatran.gov.br;1472;0;0;0;0.001934
transf_internacional;denatran.gov.br;1473;0;0;0;0.001397
transf_internacional;denatran.gov.br;1475;0;0;0;0.001934
transf_internacional;denatran.gov.br;1479;0;0;0;0.002319
transf_internacional;denatran.gov.br;1493;0;0;0;0.001934
transf_internacional;denatran.gov.br;1502;0;0;0;0.001934
transf_internacional;denatran.gov.br;1505;0;0;0;0.001934
transf_internacional;denatran.gov.br;1511;0;0;0;0.001934
transf_internacional;denatran.gov.br;1514;0;0;0;0.001934
transf_internacional;denatran.gov.br;1523;0;0;0;0.001934
transf_internacional;denatran.gov.br;1526;0;0;0;0.001934
transf_internacional;denatran.gov.br;1530;0;0;0;0.002284
transf_internacional;denatran.gov.br;1533;0;0;0;0.002261
transf_internacional;denatran.gov.br;1545;0;0;0;0.001760
transf_internacional;denatran.gov.br;1565;0;0;0;0.001130
transf_internacional;denatran.gov.br;1566;0;0;0;0.001938
transf_internacional;denatran.gov.br;1567;0;0;0;0.002148
transf_internacional;denatran.gov.br;1568;0;0;0;0.001803
transf_internacional;denatran.gov.br;1569;0;0;0;0.001563
transf_internacional;denatran.gov.br;1570;0;0;0;0.001578
transf_internacional;denatran.gov.br;1571;0;0;0;0.001597
transf_internacional;denatran.gov.br;1572;0;0;0;0.001371
transf_internacional;denatran.gov.br;1573;0;0;0;0.004947
transf_internacional;denatran.gov.br;1574;0;0;0;0.002006
transf_internacional;denatran.gov.br;1575;0;0;0;0.001416
transf_internacional;denatran.gov.br;1576;0;0;0;0.001420
transf_internacional;denatran.gov.br;1577;0;0;0;0.001298
transf_internacional;denatran.gov.br;1578;0;0;0;0.001188
transf_internacional;denatran.gov.br;1579;0;0;0;0.005585
transf_internacional;denatran.gov.br;1581;0;0;0;0.001812
transf_internacional;denatran.gov.br;1586;0;0;0;0.002377
transf_internacional;denatran.gov.br;1588;0;0;0;0.001934
transf_internacional;denatran.gov.br;1589;0;0;0;0.004595
transf_internacional;denatran.gov.br;1592;0;0;0;0.001191
transf_internacional;denatran.gov.br;1595;0;0;0;0.004113
transf_internacional;denatran.gov.br;1598;0;0;0;0.001180
transf_internacional;denatran.gov.br;1601;0;0;0;0.001901
transf_internacional;denatran.gov.br;1604;0;0;0;0.002381
transf_internacional;denatran.gov.br;1607;0;0;0;0.001593
transf_internacional;denatran.gov.br;1610;0;0;0;0.001498
transf_internacional;denatran.gov.br;1613;0;0;0;0.001613
transf_internacional;denatran.gov.br;1616;0;0;0;0.001608
transf_internacional;denatran.gov.br;1619;0;0;0;0.004228
transf_internacional;denatran.gov.br;1622;0;0;0;0.002405
transf_internacional;denatran.gov.br;1625;0;0;0;0.001809
transf_internacional;denatran.gov.br;1628;0;0;0;0.002005
transf_internacional;denatran.gov.br;1634;0;0;0;0.003042
transf_internacional;denatran.gov.br;1637;0;0;0;0.001187
transf_internacional;denatran.gov.br;1640;0;0;0;0.001851
transf_internacional;denatran.gov.br;1643;0;0;0;0.003170
transf_internacional;denatran.gov.br;1646;0;0;0;0.002234
transf_internacional;denatran.gov.br;1649;0;0;0;0.002897
transf_internacional;denatran.gov.br;1652;0;0;0;0.001082
transf_internacional;denatran.gov.br;1658;0;0;0;0.001112
transf_internacional;denatran.gov.br;1661;0;0;0;0.001917
transf_internacional;denatran.gov.br;1667;0;0;0;0.001082
transf_internacional;denatran.gov.br;1676;0;0;0;0.003200
transf_internacional;denatran.gov.br;1679;0;0;0;0.001916
transf_internacional;denatran.gov.br;1682;0;0;0;0.001990
transf_internacional;denatran.gov.br;1685;0;0;0;0.002778
transf_internacional;denatran.gov.br;1688;0;0;0;0.002778
transf_internacional;denatran.gov.br;1691;0;0;0;0.002096
transf_internacional;denatran.gov.br;1694;0;0;0;0.001581
transf_internacional;denatran.gov.br;1703;0;0;0;0.001751
transf_internacional;denatran.gov.br;1705;0;0;0;0.001934
transf_internacional;denatran.gov.br;1706;0;0;0;0.002267
transf_internacional;denatran.gov.br;1709;0;0;0;0.003298
transf_internacional;denatran.gov.br;1715;0;0;0;0.001449
transf_internacional;denatran.gov.br;1718;0;0;0;0.001605
transf_internacional;denatran.gov.br;1721;0;0;0;0.002201
transf_internacional;denatran.gov.br;1724;0;0;0;0.001770
transf_internacional;denatran.gov.br;1730;0;0;0;0.002116
transf_internacional;denatran.gov.br;1733;0;0;0;0.001299
transf_internacional;denatran.gov.br;1734;0;0;0;0.001099
transf_internacional;denatran.gov.br;1736;0;0;0;0.001934
transf_internacional;denatran.gov.br;1737;0;0;0;0.003612
transf_internacional;denatran.gov.br;1743;0;0;0;0.002425
transf_internacional;denatran.gov.br;1746;0;0;0;0.003704
transf_internacional;denatran.gov.br;1749;0;0;0;0.002058
transf_internacional;denatran.gov.br;1758;0;0;0;0.001818
transf_internacional;denatran.gov.br;1759;0;0;0;0.001778
transf_internacional;denatran.gov.br;1761;0;0;0;0.001221
transf_internacional;denatran.gov.br;1762;0;0;0;0.001779
transf_internacional;denatran.gov.br;1763;0;0;0;0.002986
transf_internacional;denatran.gov.br;1764;0;0;0;0.002458
transf_internacional;denatran.gov.br;1765;0;0;0;0.001652
transf_internacional;denatran.gov.br;1766;0;0;0;0.001828
transf_internacional;denatran.gov.br;1767;0;0;0;0.001732
transf_internacional;denatran.gov.br;1768;0;0;0;0.001777
transf_internacional;denatran.gov.br;1769;0;0;0;0.001953
transf_internacional;denatran.gov.br;1770;0;0;0;0.001466
transf_internacional;denatran.gov.br;1771;0;0;0;0.001529
transf_internacional;denatran.gov.br;1772;0;0;0;0.001218
transf_internacional;denatran.gov.br;1773;0;0;0;0.001445
transf_internacional;denatran.gov.br;1774;0;0;0;0.001760
transf_internacional;denatran.gov.br;1775;0;0;0;0.001684
transf_internacional;denatran.gov.br;1776;0;0;0;0.001638
transf_internacional;denatran.gov.br;1777;0;0;0;0.001452
transf_internacional;denatran.gov.br;1778;0;0;0;0.002135
transf_internacional;denatran.gov.br;1779;0;0;0;0.001478
transf_internacional;denatran.gov.br;1780;0;0;0;0.002236
transf_internacional;denatran.gov.br;1782;0;0;0;0.002928
transf_internacional;denatran.gov.br;1783;0;0;0;0.006177
transf_internacional;denatran.gov.br;1784;1;1;1;0.255408
transf_internacional;denatran.gov.br;1785;0;0;0;0.003196
transf_internacional;denatran.gov.br;1786;0;0;0;0.016037
transf_internacional;denatran.gov.br;1787;0;0;0;0.003316
transf_internacional;denatran.gov.br;1789;0;0;0;0.001452
transf_internacional;denatran.gov.br;1790;0;0;0;0.003544
transf_internacional;denatran.gov.br;1791;0;0;0;0.011370
transf_internacional;denatran.gov.br;1792;0;0;0;0.009848
transf_internacional;denatran.gov.br;1793;0;0;0;0.002091
transf_internacional;denatran.gov.br;1794;0;0;0;0.001144
transf_internacional;denatran.gov.br;1795;0;0;0;0.003964
transf_internacional;denatran.gov.br;1796;0;0;0;0.002056
transf_internacional;denatran.gov.br;1797;0;0;0;0.001627
transf_internacional;denatran.gov.br;1799;0;0;0;0.001883
transf_internacional;denatran.gov.br;1800;0;0;0;0.001342
transf_internacional;denatran.gov.br;1801;0;0;1;0.019550
transf_internacional;denatran.gov.br;1803;0;0;0;0.002440
transf_internacional;denatran.gov.br;1804;0;0;0;0.002972
transf_internacional;denatran.gov.br;1805;0;0;0;0.002078
transf_internacional;denatran.gov.br;1806;0;0;0;0.002711
transf_internacional;denatran.gov.br;1807;0;0;0;0.010756
transf_internacional;denatran.gov.br;1808;0;0;0;0.002164
transf_internacional;denatran.gov.br;1809;0;0;1;0.070714
transf_internacional;denatran.gov.br;1810;0;0;0;0.001692
transf_internacional;denatran.gov.br;1811;0;0;0;0.002613
transf_internacional;denatran.gov.br;1813;0;0;0;0.001057
transf_internacional;denatran.gov.br;1814;0;0;0;0.002302
transf_internacional;denatran.gov.br;1815;0;0;0;0.001257
transf_internacional;denatran.gov.br;1816;0;0;0;0.001359
transf_internacional;denatran.gov.br;1817;0;0;0;0.002309
transf_internacional;denatran.gov.br;1818;0;0;0;0.003217
transf_internacional;denatran.gov.br;1819;0;0;0;0.005446
transf_internacional;denatran.gov.br;1820;0;0;0;0.005115
transf_internacional;denatran.gov.br;1821;0;0;0;0.005841
transf_internacional;denatran.gov.br;1822;0;0;0;0.004584
transf_internacional;denatran.gov.br;1824;0;0;0;0.001776
transf_internacional;denatran.gov.br;1825;0;0;0;0.001788
transf_internacional;denatran.gov.br;1826;0;0;0;0.001281
transf_internacional;denatran.gov.br;1827;0;0;0;0.001047
transf_internacional;denatran.gov.br;1828;0;0;0;0.001248
transf_internacional;denatran.gov.br;1829;0;0;0;0.001464
transf_internacional;denatran.gov.br;1834;0;0;0;0.002977
transf_internacional;denatran.gov.br;1835;0;0;0;0.003144
transf_internacional;denatran.gov.br;1836;0;0;0;0.001664
transf_internacional;denatran.gov.br;1837;0;0;0;0.001566
transf_internacional;denatran.gov.br;1838;0;0;0;0.003195
transf_internacional;denatran.gov.br;1841;0;0;0;0.012394
transf_internacional;denatran.gov.br;1842;0;0;0;0.003685
transf_internacional;denatran.gov.br;1843;0;0;0;0.001496
transf_internacional;denatran.gov.br;1845;0;0;0;0.001556
transf_internacional;denatran.gov.br;1846;0;0;0;0.001276
transf_internacional;denatran.gov.br;1847;0;0;0;0.001274
transf_internacional;denatran.gov.br;1848;0;0;0;0.005100
transf_internacional;denatran.gov.br;1849;0;0;0;0.001619
transf_internacional;denatran.gov.br;1850;0;0;0;0.001469
transf_internacional;denatran.gov.br;1851;0;0;0;0.001451
transf_internacional;denatran.gov.br;1852;0;0;0;0.001008
transf_internacional;denatran.gov.br;2390;0;0;0;0.002185
transf_internacional;denatran.gov.br;2391;0;0;0;0.004238
transf_internacional;denatran.gov.br;2392;0;0;0;0.002292
transf_internacional;denatran.gov.br;2393;0;0;0;0.002338
transf_internacional;denatran.gov.br;2394;0;0;0;0.011754
transf_internacional;denatran.gov.br;2395;0;0;0;0.001700
transf_internacional;denatran.gov.br;2396;0;0;0;0.004535
transf_internacional;denatran.gov.br;2397;0;0;0;0.004714
transf_internacional;denatran.gov.br;2398;0;0;1;0.040718
transf_internacional;denatran.gov.br;2399;0;0;1;0.026694
transf_internacional;denatran.gov.br;2400;0;0;0;0.001138
transf_internacional;denatran.gov.br;2401;0;0;0;0.005795
transf_internacional;denatran.gov.br;2402;0;0;0;0.017701
transf_internacional;denatran.gov.br;2403;0;0;0;0.001673
transf_internacional;denatran.gov.br;2404;0;0;0;0.002228
transf_internacional;denatran.gov.br;2405;0;0;0;0.006511
transf_internacional;denatran.gov.br;2406;0;0;0;0.002684
transf_internacional;denatran.gov.br;2407;0;0;0;0.005031
transf_internacional;denatran.gov.br;2408;0;0;0;0.006773
transf_internacional;denatran.gov.br;2409;0;0;0;0.002623
transf_internacional;denatran.gov.br;2410;0;0;0;0.003704
transf_internacional;denatran.gov.br;2411;0;0;0;0.011948
transf_internacional;denatran.gov.br;2412;0;0;0;0.004955
transf_internacional;denatran.gov.br;2413;0;0;0;0.007805
transf_internacional;denatran.gov.br;2414;0;0;0;0.008841
transf_internacional;denatran.gov.br;2415;0;0;0;0.003043
transf_internacional;denatran.gov.br;2416;0;0;0;0.001309
transf_internacional;denatran.gov.br;2417;0;0;0;0.002601
transf_internacional;denatran.gov.br;2418;0;0;0;0.003606
transf_internacional;denatran.gov.br;2419;0;0;0;0.004376
transf_internacional;denatran.gov.br;2420;0;0;0;0.001559
transf_internacional;denatran.gov.br;2421;0;0;0;0.010033
transf_internacional;denatran.gov.br;2422;0;0;0;0.012497
transf_internacional;denatran.gov.br;2423;0;0;0;0.014197
transf_internacional;denatran.gov.br;2424;0;0;0;0.002441
transf_internacional;denatran.gov.br;2426;0;0;0;0.001857
transf_internacional;denatran.gov.br;2427;0;0;0;0.001533
transf_internacional;denatran.gov.br;2428;0;0;0;0.004458
transf_internacional;denatran.gov.br;2429;0;0;0;0.002089
transf_internacional;denatran.gov.br;2430;0;0;0;0.005628
transf_internacional;denatran.gov.br;2432;0;0;0;0.004040
transf_internacional;denatran.gov.br;2434;0;0;0;0.001718
transf_internacional;denatran.gov.br;2435;0;0;0;0.003719
transf_internacional;denatran.gov.br;2436;0;0;0;0.002918
transf_internacional;denatran.gov.br;2437;0;0;0;0.002452
transf_internacional;denatran.gov.br;2438;0;0;0;0.015733
transf_internacional;denatran.gov.br;2440;0;0;0;0.005599
transf_internacional;denatran.gov.br;2441;0;0;0;0.001306
transf_internacional;denatran.gov.br;2442;0;0;0;0.002006
transf_internacional;denatran.gov.br;2443;0;0;0;0.001679
transf_internacional;denatran.gov.br;2444;0;0;0;0.003273
transf_internacional;denatran.gov.br;2445;0;0;0;0.001656
transf_internacional;denatran.gov.br;2446;0;0;0;0.001300
transf_internacional;denatran.gov.br;2447;0;0;0;0.002600
transf_internacional;denatran.gov.br;2448;0;0;0;0.001617
transf_internacional;denatran.gov.br;2449;0;0;0;0.002181
transf_internacional;denatran.gov.br;2450;0;0;0;0.001817
transf_internacional;denatran.gov.br;2451;0;0;0;0.002430
transf_internacional;denatran.gov.br;2452;0;0;0;0.002094
transf_internacional;denatran.gov.br;2453;0;0;0;0.002167
transf_internacional;denatran.gov.br;2455;0;0;0;0.001725
transf_internacional;denatran.gov.br;2456;0;0;0;0.001041
transf_internacional;denatran.gov.br;2457;0;0;0;0.003248
transf_internacional;denatran.gov.br;2458;0;0;0;0.002093
transf_internacional;denatran.gov.br;2459;0;0;0;0.001927
transf_internacional;denatran.gov.br;2460;0;0;0;0.002246
transf_internacional;denatran.gov.br;2461;0;0;0;0.000965
transf_internacional;denatran.gov.br;2462;0;0;0;0.002366
transf_internacional;denatran.gov.br;2463;0;0;0;0.002084
transf_internacional;denatran.gov.br;2464;0;0;0;0.003657
transf_internacional;denatran.gov.br;2465;0;0;0;0.002577
transf_internacional;denatran.gov.br;2466;0;0;0;0.001639
transf_internacional;denatran.gov.br;2467;0;0;0;0.001492
transf_internacional;denatran.gov.br;2468;0;0;0;0.001825
transf_internacional;denatran.gov.br;2469;0;0;0;0.001932
transf_internacional;denatran.gov.br;2470;0;0;0;0.002811
transf_internacional;denatran.gov.br;2471;0;0;0;0.002050
transf_internacional;denatran.gov.br;2472;0;0;0;0.002194
transf_internacional;denatran.gov.br;2473;0;0;0;0.001719
transf_internacional;denatran.gov.br;2474;0;0;1;0.020718
transf_internacional;denatran.gov.br;2476;0;0;0;0.004106
transf_internacional;denatran.gov.br;2477;0;0;0;0.003500
transf_internacional;denatran.gov.br;2478;0;0;0;0.003715
transf_internacional;denatran.gov.br;2479;0;0;0;0.006276
transf_internacional;denatran.gov.br;2480;0;0;0;0.013740
transf_internacional;denatran.gov.br;2481;0;0;0;0.004912
transf_internacional;denatran.gov.br;2482;0;0;0;0.002979
transf_internacional;denatran.gov.br;2483;0;0;0;0.003067
transf_internacional;denatran.gov.br;2487;0;0;0;0.003152
transf_internacional;denatran.gov.br;2489;0;0;0;0.001429
transf_internacional;denatran.gov.br;2491;0;0;0;0.001934
transf_internacional;denatran.gov.br;2493;0;0;0;0.018116
transf_internacional;denatran.gov.br;2495;0;0;0;0.001076
transf_internacional;denatran.gov.br;2497;0;0;0;0.003128
transf_internacional;denatran.gov.br;2498;0;0;0;0.005979
transf_internacional;denatran.gov.br;2499;0;0;0;0.002812
transf_internacional;denatran.gov.br;2501;0;0;0;0.001198
transf_internacional;denatran.gov.br;2502;0;0;0;0.002147
transf_internacional;denatran.gov.br;2503;0;0;0;0.003139
transf_internacional;denatran.gov.br;2505;0;0;0;0.003546
transf_internacional;denatran.gov.br;2506;0;0;0;0.001696
transf_internacional;denatran.gov.br;2507;0;0;0;0.001721
transf_internacional;denatran.gov.br;2508;0;0;0;0.007352
transf_internacional;denatran.gov.br;2509;0;1;0;0.015645
transf_internacional;denatran.gov.br;2510;0;0;0;0.012807
transf_internacional;denatran.gov.br;2511;0;0;0;0.003537
transf_internacional;denatran.gov.br;2512;0;0;0;0.003225
transf_internacional;denatran.gov.br;2514;0;0;0;0.009086
transf_internacional;denatran.gov.br;2515;0;0;0;0.001516
transf_internacional;denatran.gov.br;2516;0;0;0;0.001711
transf_internacional;denatran.gov.br;2517;0;0;0;0.001790
transf_internacional;denatran.gov.br;2518;0;0;0;0.001498
transf_internacional;denatran.gov.br;2519;0;0;0;0.005593
transf_internacional;denatran.gov.br;2521;0;0;0;0.002811
transf_internacional;denatran.gov.br;2525;0;0;0;0.003832
transf_internacional;denatran.gov.br;2529;0;0;0;0.001285
transf_internacional;denatran.gov.br;2533;0;0;0;0.001678
transf_internacional;denatran.gov.br;2534;0;0;0;0.001171
transf_internacional;denatran.gov.br;2535;0;0;0;0.003099
transf_internacional;denatran.gov.br;2537;0;0;0;0.001709
transf_internacional;denatran.gov.br;2541;0;0;0;0.005845
transf_internacional;denatran.gov.br;2545;0;0;0;0.001981
transf_internacional;denatran.gov.br;2547;0;0;0;0.001787
transf_internacional;denatran.gov.br;2549;0;0;0;0.002396
transf_internacional;denatran.gov.br;2553;0;0;0;0.001863
transf_internacional;denatran.gov.br;2554;0;0;0;0.003689
transf_internacional;denatran.gov.br;2558;0;0;0;0.004157
transf_internacional;denatran.gov.br;2559;0;0;0;0.005571
transf_internacional;denatran.gov.br;2563;0;0;0;0.003143
transf_internacional;denatran.gov.br;2564;0;0;0;0.002782
transf_internacional;denatran.gov.br;2565;0;0;0;0.001623
transf_internacional;denatran.gov.br;2569;0;0;0;0.003117
transf_internacional;denatran.gov.br;2570;0;0;0;0.004139
transf_internacional;denatran.gov.br;2571;0;0;0;0.001985
transf_internacional;denatran.gov.br;2575;0;0;0;0.004255
transf_internacional;denatran.gov.br;2579;0;0;0;0.006165
transf_internacional;denatran.gov.br;2583;0;0;0;0.001946
transf_internacional;denatran.gov.br;2587;0;1;1;0.026728
transf_internacional;denatran.gov.br;2591;0;0;0;0.004349
transf_internacional;denatran.gov.br;2593;0;0;0;0.002544
transf_internacional;denatran.gov.br;2595;0;0;0;0.002180
transf_internacional;denatran.gov.br;2597;0;0;0;0.001091
transf_internacional;denatran.gov.br;2602;0;0;0;0.001243
transf_internacional;denatran.gov.br;2603;0;0;0;0.001567
transf_internacional;denatran.gov.br;2604;0;0;0;0.001859
transf_internacional;denatran.gov.br;2605;0;0;0;0.001693
transf_internacional;denatran.gov.br;2607;0;0;0;0.002826
transf_internacional;denatran.gov.br;2608;0;0;0;0.004157
transf_internacional;denatran.gov.br;2609;0;0;0;0.008706
transf_internacional;denatran.gov.br;2610;0;0;0;0.002934
transf_internacional;denatran.gov.br;2611;0;0;0;0.002011
transf_internacional;denatran.gov.br;2612;0;0;0;0.010005
transf_internacional;denatran.gov.br;2613;0;0;0;0.001329
transf_internacional;denatran.gov.br;2614;0;0;0;0.003709
transf_internacional;denatran.gov.br;2615;0;0;0;0.000877
transf_internacional;denatran.gov.br;2616;0;0;0;0.001241
transf_internacional;denatran.gov.br;2617;0;0;0;0.001333
transf_internacional;denatran.gov.br;2618;0;0;0;0.001202
transf_internacional;denatran.gov.br;2619;0;0;0;0.001744
transf_internacional;denatran.gov.br;2620;0;0;0;0.002094
transf_internacional;denatran.gov.br;2621;0;0;0;0.002909
transf_internacional;denatran.gov.br;2622;0;0;0;0.002117
transf_internacional;denatran.gov.br;2623;0;0;0;0.002367
transf_internacional;denatran.gov.br;2624;0;0;0;0.002172
transf_internacional;denatran.gov.br;2625;0;0;0;0.002152
transf_internacional;denatran.gov.br;2626;0;0;0;0.001314
transf_internacional;denatran.gov.br;2627;0;0;0;0.001134
transf_internacional;denatran.gov.br;2628;0;0;0;0.001530
transf_internacional;denatran.gov.br;2629;0;0;0;0.002562
transf_internacional;denatran.gov.br;2630;0;0;0;0.001616
transf_internacional;denatran.gov.br;2631;0;0;0;0.002291
transf_internacional;denatran.gov.br;2632;0;0;0;0.005804
transf_internacional;denatran.gov.br;2633;0;0;0;0.001740
transf_internacional;cplug.com.br;0;0;0;0;0.000609
transf_internacional;cplug.com.br;6;0;0;0;0.000171
transf_internacional;cplug.com.br;9;0;0;0;0.000238
transf_internacional;cplug.com.br;13;0;0;0;0.000198
transf_internacional;cplug.com.br;14;0;0;0;0.000207
transf_internacional;cplug.com.br;29;0;0;0;0.000534
transf_internacional;cplug.com.br;30;0;0;0;0.000304
transf_internacional;cplug.com.br;32;0;0;0;0.000418
transf_internacional;cplug.com.br;33;0;0;0;0.000330
transf_internacional;cplug.com.br;34;0;0;0;0.000265
transf_internacional;cplug.com.br;35;0;0;0;0.000675
transf_internacional;cplug.com.br;36;0;0;0;0.003063
transf_internacional;cplug.com.br;37;0;0;0;0.000464
transf_internacional;cplug.com.br;38;0;0;0;0.000241
transf_internacional;cplug.com.br;39;0;0;1;0.004607
transf_internacional;cplug.com.br;40;0;0;0;0.000268
transf_internacional;cplug.com.br;43;0;0;0;0.000284
transf_internacional;cplug.com.br;44;0;0;1;0.005600
transf_internacional;cplug.com.br;45;0;0;0;0.000162
transf_internacional;cplug.com.br;46;0;0;0;0.000303
transf_internacional;cplug.com.br;47;0;0;0;0.000219
transf_internacional;cplug.com.br;48;0;0;0;0.000417
transf_internacional;cplug.com.br;50;0;0;0;0.000228
transf_internacional;cplug.com.br;51;0;0;1;0.008634
transf_internacional;cplug.com.br;52;0;0;0;0.000459
transf_internacional;cplug.com.br;53;0;0;0;0.000192
transf_internacional;cplug.com.br;54;0;0;0;0.000160
transf_internacional;cplug.com.br;55;0;0;0;0.000277
transf_internacional;cplug.com.br;56;0;0;0;0.000231
transf_internacional;cplug.com.br;57;0;0;0;0.000423
transf_internacional;cplug.com.br;60;0;0;0;0.001576
transf_internacional;cplug.com.br;61;0;0;1;0.012947
transf_internacional;cplug.com.br;62;0;0;0;0.000585
transf_internacional;cplug.com.br;63;0;0;0;0.000493
transf_internacional;cplug.com.br;64;0;0;0;0.000142
transf_internacional;cplug.com.br;65;0;0;0;0.000186
transf_internacional;cplug.com.br;66;0;0;0;0.000139
transf_internacional;cplug.com.br;67;0;0;0;0.000301
transf_internacional;cplug.com.br;68;0;0;0;0.000206
transf_internacional;cplug.com.br;69;0;0;0;0.000150
transf_internacional;cplug.com.br;70;0;0;0;0.000230
transf_internacional;cplug.com.br;71;0;0;0;0.000528
transf_internacional;cplug.com.br;72;0;0;0;0.001270
transf_internacional;cplug.com.br;73;0;0;0;0.000216
transf_internacional;cplug.com.br;74;0;0;0;0.000358
transf_internacional;cplug.com.br;75;0;0;0;0.000477
transf_internacional;cplug.com.br;76;0;0;0;0.000159
transf_internacional;cplug.com.br;77;0;0;0;0.001062
transf_internacional;cplug.com.br;78;0;0;0;0.000509
transf_internacional;cplug.com.br;79;0;0;0;0.000620
transf_internacional;cplug.com.br;80;0;0;0;0.000272
transf_internacional;cplug.com.br;81;0;0;0;0.000292
transf_internacional;cplug.com.br;82;0;0;0;0.000263
transf_internacional;cplug.com.br;83;0;0;0;0.000321
transf_internacional;cplug.com.br;84;0;0;0;0.000253
transf_internacional;cplug.com.br;85;0;0;0;0.000175
transf_internacional;cplug.com.br;86;0;0;0;0.000191
transf_internacional;cplug.com.br;87;0;0;0;0.000259
transf_internacional;cplug.com.br;88;0;0;0;0.000781
transf_internacional;cplug.com.br;89;0;0;0;0.000449
transf_internacional;cplug.com.br;90;0;0;0;0.000223
transf_internacional;cplug.com.br;91;0;0;0;0.000670
transf_internacional;cplug.com.br;94;0;0;0;0.001080
transf_internacional;cplug.com.br;95;0;0;0;0.000422
transf_internacional;cplug.com.br;96;0;0;0;0.000148
transf_internacional;cplug.com.br;97;0;0;0;0.001380
transf_internacional;cplug.com.br;98;0;0;0;0.001576
transf_internacional;cplug.com.br;99;0;0;0;0.000507
transf_internacional;cplug.com.br;100;0;0;1;0.004556
transf_internacional;cplug.com.br;101;0;0;0;0.000566
transf_internacional;cplug.com.br;102;0;0;0;0.001094
transf_internacional;cplug.com.br;103;0;0;0;0.000137
transf_internacional;cplug.com.br;104;0;0;0;0.000219
transf_internacional;cplug.com.br;105;0;0;0;0.001126
transf_internacional;cplug.com.br;106;0;0;0;0.000111
transf_internacional;cplug.com.br;107;0;0;0;0.001437
transf_internacional;cplug.com.br;108;0;0;0;0.000509
transf_internacional;cplug.com.br;109;0;0;0;0.000651
transf_internacional;cplug.com.br;110;0;0;0;0.000183
transf_internacional;cplug.com.br;111;0;0;0;0.000217
transf_internacional;cplug.com.br;112;0;0;0;0.000308
transf_internacional;cplug.com.br;113;0;0;0;0.000382
transf_internacional;cplug.com.br;114;0;0;0;0.000384
transf_internacional;cplug.com.br;115;0;0;0;0.000263
transf_internacional;cplug.com.br;117;0;0;0;0.000195
transf_internacional;cplug.com.br;121;0;0;0;0.002074
transf_internacional;cplug.com.br;122;0;0;0;0.001576
transf_internacional;cplug.com.br;123;0;0;0;0.000271
transf_internacional;cplug.com.br;124;0;0;0;0.000389
transf_internacional;cplug.com.br;127;0;0;0;0.000182
transf_internacional;cplug.com.br;128;0;0;0;0.000115
transf_internacional;cplug.com.br;130;0;0;0;0.000190
transf_internacional;cplug.com.br;131;0;0;0;0.000767
transf_internacional;cplug.com.br;133;0;0;0;0.000182
transf_internacional;cplug.com.br;134;0;0;0;0.000614
transf_internacional;cplug.com.br;135;0;0;0;0.000160
transf_internacional;cplug.com.br;136;0;0;0;0.000509
transf_internacional;cplug.com.br;137;0;0;0;0.000684
transf_internacional;cplug.com.br;138;0;0;0;0.000197
transf_internacional;cplug.com.br;140;0;0;0;0.000392
transf_internacional;cplug.com.br;141;0;0;0;0.001027
transf_internacional;cplug.com.br;142;0;0;0;0.000329
transf_internacional;cplug.com.br;149;0;0;0;0.000488
transf_internacional;cplug.com.br;150;0;0;0;0.001164
transf_internacional;cplug.com.br;151;0;0;0;0.000537
transf_internacional;cplug.com.br;152;0;0;0;0.000658
transf_internacional;cplug.com.br;153;0;0;0;0.000186
transf_internacional;cplug.com.br;154;0;0;0;0.000139
transf_internacional;cplug.com.br;155;0;0;0;0.000214
transf_internacional;cplug.com.br;156;0;0;1;0.007343
transf_internacional;cplug.com.br;157;0;0;0;0.000633
transf_internacional;cplug.com.br;158;0;0;0;0.000798
transf_internacional;cplug.com.br;159;0;0;0;0.003116
transf_internacional;cplug.com.br;160;0;0;0;0.000633
transf_internacional;cplug.com.br;161;0;0;0;0.000506
transf_internacional;cplug.com.br;162;0;0;0;0.000492
transf_internacional;cplug.com.br;163;0;0;0;0.000486
transf_internacional;cplug.com.br;164;0;0;0;0.002624
transf_internacional;cplug.com.br;165;0;0;0;0.000840
transf_internacional;cplug.com.br;166;0;0;0;0.001009
transf_internacional;cplug.com.br;167;0;0;0;0.000250
transf_internacional;cplug.com.br;168;0;0;0;0.000473
transf_internacional;cplug.com.br;169;0;0;0;0.000388
transf_internacional;cplug.com.br;170;0;0;0;0.000319
transf_internacional;cplug.com.br;171;0;0;0;0.000363
transf_internacional;cplug.com.br;173;0;0;0;0.000185
transf_internacional;cplug.com.br;174;0;0;0;0.000375
transf_internacional;cplug.com.br;175;0;0;0;0.000307
transf_internacional;cplug.com.br;176;0;0;0;0.000199
transf_internacional;cplug.com.br;177;0;0;0;0.000212
transf_internacional;cplug.com.br;179;0;0;1;0.825618
transf_internacional;cplug.com.br;180;1;1;1;0.035022
transf_internacional;cplug.com.br;181;1;1;1;0.886241
transf_internacional;cplug.com.br;183;0;0;0;0.000377
transf_internacional;cplug.com.br;184;0;0;0;0.001063
transf_internacional;cplug.com.br;185;0;0;0;0.000149
transf_internacional;cplug.com.br;186;0;0;0;0.000100
transf_internacional;cplug.com.br;187;0;0;0;0.000313
transf_internacional;cplug.com.br;188;0;0;0;0.000380
transf_internacional;cplug.com.br;191;0;0;0;0.000317
transf_internacional;cplug.com.br;194;0;0;0;0.001065
transf_internacional;cplug.com.br;195;0;0;0;0.000176
transf_internacional;cplug.com.br;196;0;0;0;0.000268
transf_internacional;cplug.com.br;197;0;0;0;0.000290
transf_internacional;cplug.com.br;198;0;0;0;0.000150
transf_internacional;cplug.com.br;199;0;0;0;0.002879
transf_internacional;cplug.com.br;200;0;0;0;0.000180
transf_internacional;cplug.com.br;201;0;0;0;0.000445
transf_internacional;cplug.com.br;202;0;0;0;0.001456
transf_internacional;cplug.com.br;203;0;0;0;0.000271
transf_internacional;cplug.com.br;204;0;0;0;0.000270
transf_internacional;cplug.com.br;205;0;0;0;0.000705
transf_internacional;cplug.com.br;206;0;0;0;0.000291
transf_internacional;cplug.com.br;207;0;0;0;0.000572
transf_internacional;cplug.com.br;209;0;0;0;0.000142
transf_internacional;cplug.com.br;210;0;0;0;0.001469
transf_internacional;cplug.com.br;211;0;0;0;0.000130
transf_internacional;cplug.com.br;212;0;0;0;0.000137
transf_internacional;cplug.com.br;213;0;0;0;0.000192
transf_internacional;cplug.com.br;214;0;0;0;0.000166
transf_internacional;cplug.com.br;215;0;0;1;0.008310
transf_internacional;cplug.com.br;216;0;0;0;0.000660
transf_internacional;cplug.com.br;217;0;0;0;0.001062
transf_internacional;cplug.com.br;218;0;0;0;0.000749
transf_internacional;cplug.com.br;219;0;0;0;0.000565
transf_internacional;cplug.com.br;220;0;0;0;0.001481
transf_internacional;cplug.com.br;222;0;0;0;0.000275
transf_internacional;cplug.com.br;223;0;0;0;0.000201
transf_internacional;cplug.com.br;224;0;0;0;0.000112
transf_internacional;cplug.com.br;226;0;0;0;0.000178
transf_internacional;cplug.com.br;229;0;0;0;0.000208
transf_internacional;cplug.com.br;230;0;0;0;0.000177
transf_internacional;cplug.com.br;233;0;0;0;0.000202
transf_internacional;cplug.com.br;234;0;0;0;0.001433
transf_internacional;cplug.com.br;235;0;0;0;0.000211
transf_internacional;cplug.com.br;236;0;0;0;0.000157
transf_internacional;cplug.com.br;237;0;0;0;0.000263
transf_internacional;cplug.com.br;238;0;0;0;0.000296
transf_internacional;cplug.com.br;239;0;0;0;0.000779
transf_internacional;cplug.com.br;240;0;0;0;0.002957
transf_internacional;cplug.com.br;242;0;0;0;0.000237
transf_internacional;cplug.com.br;243;0;0;0;0.000640
transf_internacional;cplug.com.br;244;0;0;0;0.000184
transf_internacional;cplug.com.br;245;0;0;0;0.000163
transf_internacional;cplug.com.br;246;0;0;0;0.000337
transf_internacional;cplug.com.br;249;0;0;0;0.000173
transf_internacional;cplug.com.br;250;0;0;0;0.000137
transf_internacional;cplug.com.br;251;0;0;0;0.000293
transf_internacional;cplug.com.br;252;0;0;0;0.000161
transf_internacional;cplug.com.br;253;0;0;0;0.000392
transf_internacional;cplug.com.br;255;0;0;0;0.000190
transf_internacional;cplug.com.br;256;0;0;0;0.000155
transf_internacional;cplug.com.br;257;0;0;0;0.000410
transf_internacional;cplug.com.br;260;0;0;0;0.000393
transf_internacional;cplug.com.br;262;0;0;0;0.001060
transf_internacional;cplug.com.br;264;0;0;0;0.000338
transf_internacional;cplug.com.br;266;0;0;0;0.000184
transf_internacional;cplug.com.br;267;0;0;0;0.000205
transf_internacional;cplug.com.br;268;0;0;0;0.000269
transf_internacional;cplug.com.br;269;0;0;0;0.000232
transf_internacional;cplug.com.br;270;0;0;0;0.000279
transf_internacional;cplug.com.br;272;0;0;0;0.000130
transf_internacional;cplug.com.br;273;0;0;0;0.000192
transf_internacional;cplug.com.br;274;0;0;0;0.000212
transf_internacional;cplug.com.br;275;0;0;0;0.000170
transf_internacional;cplug.com.br;278;0;0;0;0.000200
transf_internacional;cplug.com.br;279;0;0;0;0.000122
transf_internacional;cplug.com.br;280;0;0;0;0.000538
transf_internacional;cplug.com.br;281;0;0;0;0.000248
transf_internacional;cplug.com.br;284;0;0;0;0.000465
transf_internacional;cplug.com.br;285;0;0;0;0.000721
transf_internacional;cplug.com.br;286;0;0;0;0.000166
transf_internacional;cplug.com.br;287;0;0;0;0.000343
transf_internacional;cplug.com.br;288;0;0;0;0.000172
transf_internacional;cplug.com.br;289;0;0;0;0.001105
transf_internacional;cplug.com.br;290;0;0;0;0.001313
transf_internacional;cplug.com.br;293;0;0;0;0.000210
transf_internacional;cplug.com.br;295;0;0;0;0.000370
transf_internacional;cplug.com.br;296;0;0;0;0.000236
transf_internacional;cplug.com.br;297;0;0;0;0.000187
transf_internacional;cplug.com.br;299;0;0;0;0.000209
transf_internacional;cplug.com.br;301;0;0;0;0.000198
transf_internacional;cplug.com.br;302;0;0;0;0.000211
transf_internacional;cplug.com.br;303;0;0;0;0.000182
transf_internacional;cplug.com.br;304;0;0;1;0.003425
transf_internacional;cplug.com.br;307;0;0;0;0.000489
transf_internacional;cplug.com.br;308;0;0;0;0.000298
transf_internacional;cplug.com.br;309;0;0;0;0.001089
transf_internacional;cplug.com.br;310;0;0;0;0.000617
transf_internacional;cplug.com.br;311;0;0;0;0.000510
transf_internacional;cplug.com.br;314;0;0;0;0.000152
transf_internacional;cplug.com.br;316;0;0;0;0.000346
transf_internacional;cplug.com.br;317;0;0;0;0.000631
transf_internacional;cplug.com.br;318;0;0;0;0.000291
transf_internacional;cplug.com.br;319;0;0;0;0.000193
transf_internacional;cplug.com.br;320;0;0;0;0.000305
transf_internacional;cplug.com.br;321;0;0;0;0.000218
transf_internacional;cplug.com.br;322;0;0;0;0.000219
transf_internacional;cplug.com.br;323;0;0;0;0.000242
transf_internacional;cplug.com.br;324;0;0;0;0.000243
transf_internacional;cplug.com.br;325;0;0;0;0.000123
transf_internacional;cplug.com.br;326;0;0;0;0.000194
transf_internacional;cplug.com.br;327;0;0;0;0.000413
transf_internacional;cplug.com.br;328;0;0;0;0.000193
transf_internacional;cplug.com.br;329;0;0;0;0.000105
transf_internacional;cplug.com.br;330;0;0;0;0.000562
transf_internacional;cplug.com.br;331;0;0;0;0.000192
transf_internacional;cplug.com.br;332;0;0;0;0.000959
transf_internacional;cplug.com.br;333;0;0;0;0.000112
transf_internacional;cplug.com.br;335;0;0;0;0.000459
transf_internacional;cplug.com.br;336;0;0;0;0.000123
transf_internacional;cplug.com.br;337;0;0;0;0.000192
transf_internacional;cplug.com.br;338;0;0;0;0.000613
transf_internacional;cplug.com.br;339;0;0;0;0.000656
transf_internacional;cplug.com.br;340;0;0;0;0.000165
transf_internacional;cplug.com.br;341;0;0;0;0.000202
transf_internacional;cplug.com.br;342;0;0;0;0.000174
transf_internacional;cplug.com.br;344;0;0;0;0.000405
transf_internacional;cplug.com.br;345;0;0;0;0.000635
transf_internacional;cplug.com.br;346;0;0;0;0.000103
transf_internacional;cplug.com.br;347;0;0;0;0.000324
transf_internacional;cplug.com.br;349;0;0;0;0.001100
transf_internacional;cplug.com.br;350;0;0;0;0.000174
transf_internacional;cplug.com.br;351;0;0;0;0.000121
transf_internacional;cplug.com.br;352;0;0;0;0.000357
transf_internacional;cplug.com.br;353;0;0;0;0.000203
transf_internacional;cplug.com.br;355;0;0;0;0.000216
transf_internacional;cplug.com.br;356;0;0;0;0.000420
transf_internacional;cplug.com.br;357;0;0;0;0.000226
transf_internacional;cplug.com.br;358;0;0;0;0.000707
transf_internacional;cplug.com.br;359;0;0;0;0.000218
transf_internacional;cplug.com.br;360;0;0;0;0.000191
transf_internacional;cplug.com.br;361;0;0;0;0.000171
transf_internacional;cplug.com.br;362;0;0;0;0.000423
transf_internacional;cplug.com.br;363;0;0;0;0.000766
transf_internacional;cplug.com.br;364;0;0;0;0.000963
transf_internacional;cplug.com.br;365;0;0;0;0.000204
transf_internacional;cplug.com.br;366;0;0;0;0.000303
transf_internacional;cplug.com.br;367;0;0;0;0.000282
transf_internacional;cplug.com.br;368;0;0;0;0.000188
transf_internacional;cplug.com.br;369;0;0;0;0.000243
transf_internacional;cplug.com.br;370;0;0;0;0.000316
transf_internacional;cplug.com.br;372;0;0;0;0.000185
transf_internacional;cplug.com.br;374;0;0;0;0.000157
transf_internacional;cplug.com.br;375;0;0;0;0.000337
transf_internacional;cplug.com.br;376;0;0;0;0.000312
transf_internacional;cplug.com.br;377;0;0;0;0.001360
transf_internacional;cplug.com.br;378;0;0;0;0.000206
transf_internacional;cplug.com.br;379;0;0;0;0.000508
transf_internacional;cplug.com.br;380;0;0;0;0.001481
transf_internacional;cplug.com.br;381;0;0;0;0.001692
transf_internacional;cplug.com.br;382;0;0;0;0.000380
transf_internacional;cplug.com.br;384;0;0;0;0.000235
transf_internacional;cplug.com.br;385;0;0;0;0.000130
transf_internacional;cplug.com.br;386;0;0;0;0.000156
transf_internacional;cplug.com.br;387;0;0;0;0.000419
transf_internacional;cplug.com.br;388;0;0;0;0.000257
transf_internacional;cplug.com.br;389;0;0;0;0.000280
transf_internacional;cplug.com.br;390;0;0;0;0.000401
transf_internacional;cplug.com.br;391;0;0;0;0.000182
transf_internacional;cplug.com.br;392;0;0;0;0.000283
transf_internacional;cplug.com.br;393;0;0;0;0.000195
transf_internacional;cplug.com.br;394;0;0;0;0.000185
transf_internacional;cplug.com.br;395;0;0;0;0.000206
transf_internacional;cplug.com.br;396;0;0;0;0.000215
transf_internacional;cplug.com.br;397;0;0;0;0.000152
transf_internacional;cplug.com.br;398;0;0;0;0.000243
transf_internacional;cplug.com.br;399;0;0;0;0.000524
transf_internacional;cplug.com.br;400;0;0;0;0.000207
transf_internacional;cplug.com.br;401;0;0;0;0.000427
transf_internacional;cplug.com.br;402;0;0;0;0.000203
transf_internacional;cplug.com.br;403;0;0;0;0.001642
transf_internacional;cplug.com.br;404;0;0;0;0.000609
transf_internacional;cplug.com.br;405;0;0;0;0.000461
transf_internacional;cplug.com.br;406;0;0;0;0.000139
transf_internacional;cplug.com.br;407;0;0;0;0.000459
transf_internacional;cplug.com.br;408;0;0;0;0.000214
transf_internacional;cplug.com.br;409;0;0;0;0.000661
transf_internacional;cplug.com.br;411;0;0;0;0.002531
transf_internacional;cplug.com.br;412;0;0;0;0.001376
transf_internacional;cplug.com.br;413;0;0;1;0.513169
transf_internacional;cplug.com.br;414;1;1;1;0.029129
transf_internacional;cplug.com.br;415;1;1;1;0.754844
transf_internacional;cplug.com.br;416;0;0;0;0.001231
transf_internacional;cplug.com.br;417;0;0;0;0.000146
transf_internacional;cplug.com.br;419;0;0;0;0.000467
transf_internacional;cplug.com.br;420;0;0;0;0.001198
transf_internacional;cplug.com.br;421;0;0;0;0.000868
transf_internacional;cplug.com.br;422;0;0;0;0.000417
transf_internacional;cplug.com.br;423;0;0;0;0.000742
transf_internacional;cplug.com.br;424;0;0;0;0.001012
transf_internacional;cplug.com.br;425;0;0;0;0.000235
transf_internacional;cplug.com.br;426;0;0;0;0.002058
transf_internacional;cplug.com.br;427;0;0;0;0.000941
transf_internacional;cplug.com.br;428;0;0;0;0.000767
transf_internacional;cplug.com.br;429;0;0;0;0.000551
transf_internacional;cplug.com.br;430;0;0;0;0.000824
transf_internacional;cplug.com.br;431;0;0;0;0.001741
transf_internacional;cplug.com.br;432;0;0;0;0.000483
transf_internacional;cplug.com.br;433;0;0;0;0.000443
transf_internacional;cplug.com.br;434;0;0;0;0.000451
transf_internacional;cplug.com.br;435;0;0;0;0.001007
transf_internacional;cplug.com.br;436;0;0;0;0.001291
transf_internacional;cplug.com.br;437;0;0;0;0.000263
transf_internacional;cplug.com.br;438;0;0;0;0.000493
transf_internacional;cplug.com.br;439;0;0;1;0.004070
transf_internacional;cplug.com.br;440;0;0;0;0.002303
transf_internacional;cplug.com.br;441;0;0;0;0.002452
transf_internacional;cplug.com.br;442;0;0;0;0.000217
transf_internacional;cplug.com.br;443;0;0;0;0.000108
transf_internacional;cplug.com.br;444;0;0;0;0.000238
transf_internacional;cplug.com.br;445;0;0;0;0.000149
transf_internacional;cplug.com.br;446;0;0;0;0.000386
transf_internacional;cplug.com.br;447;0;0;0;0.000169
transf_internacional;cplug.com.br;448;0;0;0;0.000646
transf_internacional;cplug.com.br;475;0;0;0;0.000195
transf_internacional;cplug.com.br;476;0;0;0;0.000176
transf_internacional;cplug.com.br;477;0;0;0;0.000137
transf_internacional;cplug.com.br;479;0;0;0;0.000209
transf_internacional;cplug.com.br;480;0;0;0;0.000108
transf_internacional;cplug.com.br;481;0;0;0;0.000194
transf_internacional;cplug.com.br;483;0;0;0;0.000305
transf_internacional;cplug.com.br;484;0;0;0;0.000267
transf_internacional;cplug.com.br;486;0;0;0;0.000236
transf_internacional;cplug.com.br;488;0;0;0;0.000180
transf_internacional;cplug.com.br;489;0;0;0;0.000414
transf_internacional;cplug.com.br;490;0;0;0;0.000519
transf_internacional;cplug.com.br;491;0;0;0;0.000219
transf_internacional;cplug.com.br;492;0;0;0;0.000147
transf_internacional;cplug.com.br;494;0;0;0;0.000110
transf_internacional;cplug.com.br;495;0;0;0;0.000239
transf_internacional;cplug.com.br;496;0;0;0;0.000689
transf_internacional;cplug.com.br;497;0;0;0;0.000330
transf_internacional;cplug.com.br;498;0;0;0;0.000426
transf_internacional;cplug.com.br;499;0;0;0;0.000172
transf_internacional;cplug.com.br;500;0;0;0;0.000225
transf_internacional;cplug.com.br;501;0;0;0;0.001846
transf_internacional;cplug.com.br;502;0;0;0;0.000590
transf_internacional;cplug.com.br;503;0;0;0;0.000145
transf_internacional;cplug.com.br;504;0;0;0;0.000164
transf_internacional;cplug.com.br;506;0;0;0;0.000160
transf_internacional;cplug.com.br;507;0;0;0;0.000244
transf_internacional;cplug.com.br;508;0;0;0;0.000214
transf_internacional;cplug.com.br;509;0;0;0;0.000122
transf_internacional;cplug.com.br;510;0;0;0;0.000227
transf_internacional;cplug.com.br;511;0;0;0;0.000380
transf_internacional;cplug.com.br;512;0;0;0;0.000222
transf_internacional;cplug.com.br;513;0;0;0;0.000164
transf_internacional;cplug.com.br;514;0;0;0;0.000346
transf_internacional;cplug.com.br;515;0;0;0;0.000105
transf_internacional;cplug.com.br;516;0;0;0;0.000137
transf_internacional;cplug.com.br;517;0;0;0;0.000445
transf_internacional;cplug.com.br;518;0;0;0;0.000323
transf_internacional;cplug.com.br;519;0;0;0;0.000249
transf_internacional;cplug.com.br;520;0;0;0;0.000225
transf_internacional;cplug.com.br;521;0;0;0;0.000128
transf_internacional;cplug.com.br;522;0;0;0;0.000328
transf_internacional;cplug.com.br;523;0;0;0;0.000366
transf_internacional;cplug.com.br;524;0;0;0;0.000634
transf_internacional;cplug.com.br;525;0;0;0;0.000186
transf_internacional;cplug.com.br;526;0;0;0;0.000504
transf_internacional;cplug.com.br;527;0;0;0;0.000413
transf_internacional;cplug.com.br;528;0;0;0;0.000201
transf_internacional;cplug.com.br;529;0;0;0;0.000215
transf_internacional;cplug.com.br;530;0;0;0;0.000170
transf_internacional;cplug.com.br;532;0;0;0;0.000178
transf_internacional;cplug.com.br;533;0;0;0;0.000117
transf_internacional;cplug.com.br;534;0;0;0;0.000229
transf_internacional;cplug.com.br;535;0;0;0;0.000168
transf_internacional;cplug.com.br;536;0;0;0;0.000148
transf_internacional;cplug.com.br;537;0;0;0;0.000558
transf_internacional;cplug.com.br;539;0;0;0;0.000187
transf_internacional;cplug.com.br;540;0;0;0;0.000153
transf_internacional;cplug.com.br;541;0;0;0;0.000458
transf_internacional;cplug.com.br;542;0;0;0;0.000161
transf_internacional;cplug.com.br;544;0;0;0;0.003036
transf_internacional;cplug.com.br;545;0;0;1;0.005939
transf_internacional;cplug.com.br;547;0;0;0;0.000377
transf_internacional;cplug.com.br;548;0;0;0;0.000094
transf_internacional;cplug.com.br;549;0;0;0;0.000096
transf_internacional;cplug.com.br;550;0;0;0;0.000190
transf_internacional;cplug.com.br;551;0;0;0;0.000289
transf_internacional;cplug.com.br;552;0;0;0;0.000308
transf_internacional;cplug.com.br;553;0;0;0;0.000133
transf_internacional;cplug.com.br;554;0;0;0;0.000226
transf_internacional;cplug.com.br;555;0;0;0;0.000420
transf_internacional;cplug.com.br;557;0;0;0;0.000208
transf_internacional;cplug.com.br;558;0;0;0;0.000175
transf_internacional;cplug.com.br;559;0;0;0;0.000176
transf_internacional;cplug.com.br;560;0;0;0;0.000203
transf_internacional;cplug.com.br;561;0;0;0;0.000409
transf_internacional;cplug.com.br;562;0;0;0;0.000163
transf_internacional;cplug.com.br;563;0;0;0;0.000488
transf_internacional;cplug.com.br;564;0;0;0;0.000093
transf_internacional;cplug.com.br;565;0;0;0;0.000268
transf_internacional;cplug.com.br;566;0;0;0;0.000232
transf_internacional;cplug.com.br;567;0;0;0;0.000278
transf_internacional;cplug.com.br;568;0;0;0;0.000275
transf_internacional;cplug.com.br;570;0;0;0;0.000357
transf_internacional;cplug.com.br;571;0;0;0;0.000208
transf_internacional;pcd.com.br;12;0;0;0;0.001549
transf_internacional;pcd.com.br;14;0;0;0;0.002305
transf_internacional;pcd.com.br;15;0;0;0;0.002459
transf_internacional;pcd.com.br;16;0;0;0;0.002812
transf_internacional;pcd.com.br;17;0;0;0;0.007959
transf_internacional;pcd.com.br;19;0;0;0;0.001614
transf_internacional;pcd.com.br;20;0;0;0;0.001614
transf_internacional;pcd.com.br;21;0;0;0;0.001733
transf_internacional;pcd.com.br;22;0;0;0;0.001382
transf_internacional;pcd.com.br;42;0;0;0;0.000973
transf_internacional;pcd.com.br;43;0;0;0;0.000832
transf_internacional;pcd.com.br;44;0;0;0;0.001145
transf_internacional;pcd.com.br;45;0;0;0;0.001937
transf_internacional;pcd.com.br;46;0;0;0;0.001473
transf_internacional;pcd.com.br;47;0;0;0;0.009936
transf_internacional;pcd.com.br;49;0;0;0;0.001918
transf_internacional;pcd.com.br;50;0;0;0;0.001413
transf_internacional;pcd.com.br;51;0;0;0;0.001113
transf_internacional;pcd.com.br;52;0;0;0;0.001817
transf_internacional;pcd.com.br;53;0;0;0;0.002842
transf_internacional;pcd.com.br;54;0;0;0;0.001376
transf_internacional;pcd.com.br;55;0;0;0;0.002209
transf_internacional;pcd.com.br;56;0;0;0;0.003315
transf_internacional;pcd.com.br;57;0;0;0;0.005455
transf_internacional;pcd.com.br;60;0;0;0;0.002745
transf_internacional;pcd.com.br;61;0;0;0;0.001503
transf_internacional;pcd.com.br;62;0;0;0;0.006372
transf_internacional;pcd.com.br;64;0;0;0;0.003681
transf_internacional;pcd.com.br;65;0;0;0;0.001513
transf_internacional;pcd.com.br;66;0;0;0;0.001312
transf_internacional;pcd.com.br;67;0;0;0;0.001686
transf_internacional;pcd.com.br;68;0;0;0;0.001536
transf_internacional;pcd.com.br;69;0;0;0;0.002473
transf_internacional;pcd.com.br;70;0;0;0;0.001494
transf_internacional;pcd.com.br;71;0;0;0;0.001686
transf_internacional;pcd.com.br;72;0;0;0;0.001738
transf_internacional;pcd.com.br;73;0;0;0;0.001804
transf_internacional;pcd.com.br;74;0;0;0;0.001962
transf_internacional;pcd.com.br;75;0;0;0;0.001716
transf_internacional;pcd.com.br;76;0;0;0;0.001424
transf_internacional;pcd.com.br;77;0;0;0;0.002537
transf_internacional;pcd.com.br;78;0;0;0;0.001801
transf_internacional;pcd.com.br;79;0;0;0;0.001597
transf_internacional;pcd.com.br;80;0;0;0;0.001874
transf_internacional;pcd.com.br;82;0;0;0;0.003198
transf_internacional;pcd.com.br;83;0;0;0;0.001573
transf_internacional;pcd.com.br;85;0;0;0;0.001815
transf_internacional;pcd.com.br;86;0;0;0;0.004688
transf_internacional;pcd.com.br;87;0;0;0;0.001752
transf_internacional;pcd.com.br;88;0;0;0;0.003082
transf_internacional;pcd.com.br;89;0;0;0;0.002669
transf_internacional;pcd.com.br;90;0;0;0;0.001235
transf_internacional;pcd.com.br;91;0;0;0;0.001304
transf_internacional;pcd.com.br;92;0;0;0;0.002850
transf_internacional;pcd.com.br;93;0;0;0;0.003100
transf_internacional;pcd.com.br;94;0;0;0;0.001282
transf_internacional;pcd.com.br;95;0;0;0;0.002807
transf_internacional;pcd.com.br;97;0;0;0;0.001999
transf_internacional;pcd.com.br;98;0;0;0;0.001566
transf_internacional;pcd.com.br;99;0;0;0;0.001535
transf_internacional;pcd.com.br;100;0;0;0;0.001419
transf_internacional;pcd.com.br;101;0;0;0;0.003272
transf_internacional;pcd.com.br;102;0;0;0;0.002292
transf_internacional;pcd.com.br;103;0;0;0;0.001589
transf_internacional;pcd.com.br;104;0;0;0;0.001723
transf_internacional;pcd.com.br;107;0;0;0;0.010238
transf_internacional;pcd.com.br;108;0;0;0;0.002830
transf_internacional;pcd.com.br;110;0;0;0;0.001227
transf_internacional;pcd.com.br;111;0;0;0;0.002210
transf_internacional;pcd.com.br;112;0;0;0;0.005151
transf_internacional;pcd.com.br;113;0;0;0;0.001903
transf_internacional;pcd.com.br;114;0;0;0;0.002132
transf_internacional;pcd.com.br;115;0;0;0;0.003876
transf_internacional;pcd.com.br;116;0;0;0;0.003487
transf_internacional;pcd.com.br;117;0;0;0;0.001619
transf_internacional;pcd.com.br;118;0;0;0;0.006464
transf_internacional;pcd.com.br;119;0;0;0;0.002025
transf_internacional;pcd.com.br;120;0;0;0;0.002813
transf_internacional;pcd.com.br;122;0;0;0;0.001757
transf_internacional;pcd.com.br;123;0;0;0;0.002704
transf_internacional;pcd.com.br;124;0;0;0;0.001363
transf_internacional;pcd.com.br;125;0;0;0;0.001476
transf_internacional;pcd.com.br;126;0;0;0;0.001419
transf_internacional;pcd.com.br;127;0;0;0;0.003456
transf_internacional;pcd.com.br;128;0;0;0;0.003815
transf_internacional;pcd.com.br;129;0;0;0;0.003195
transf_internacional;pcd.com.br;130;0;0;0;0.002500
transf_internacional;pcd.com.br;131;0;0;0;0.001834
transf_internacional;pcd.com.br;132;0;0;0;0.001558
transf_internacional;pcd.com.br;133;0;0;0;0.001693
transf_internacional;pcd.com.br;136;0;0;0;0.002272
transf_internacional;pcd.com.br;137;0;0;0;0.002047
transf_internacional;pcd.com.br;138;0;0;0;0.008127
transf_internacional;pcd.com.br;139;0;0;0;0.001623
transf_internacional;pcd.com.br;140;0;0;0;0.003052
transf_internacional;pcd.com.br;141;0;0;0;0.003407
transf_internacional;pcd.com.br;142;0;0;0;0.003659
transf_internacional;pcd.com.br;143;0;0;0;0.001504
transf_internacional;pcd.com.br;144;0;0;0;0.001815
transf_internacional;pcd.com.br;145;0;0;0;0.002416
transf_internacional;pcd.com.br;146;0;0;0;0.002656
transf_internacional;pcd.com.br;147;0;0;0;0.001499
transf_internacional;pcd.com.br;148;0;0;0;0.001462
transf_internacional;pcd.com.br;149;0;0;0;0.001435
transf_internacional;pcd.com.br;150;0;0;0;0.002023
transf_internacional;pcd.com.br;151;0;0;0;0.001521
transf_internacional;pcd.com.br;153;0;0;0;0.001806
transf_internacional;pcd.com.br;154;0;0;0;0.001677
transf_internacional;pcd.com.br;155;0;0;0;0.003199
transf_internacional;pcd.com.br;156;0;0;0;0.001779
transf_internacional;pcd.com.br;157;0;0;0;0.001620
transf_internacional;pcd.com.br;158;0;0;0;0.001629
transf_internacional;pcd.com.br;159;0;0;0;0.001128
transf_internacional;pcd.com.br;160;0;0;0;0.002323
transf_internacional;pcd.com.br;161;0;0;0;0.001896
transf_internacional;pcd.com.br;163;0;0;0;0.002078
transf_internacional;pcd.com.br;164;0;0;0;0.001643
transf_internacional;pcd.com.br;165;0;0;0;0.001416
transf_internacional;pcd.com.br;166;0;0;0;0.002213
transf_internacional;pcd.com.br;167;0;0;0;0.002065
transf_internacional;pcd.com.br;168;0;0;0;0.001646
transf_internacional;pcd.com.br;169;0;0;0;0.002064
transf_internacional;pcd.com.br;170;0;0;0;0.001356
transf_internacional;pcd.com.br;171;0;0;0;0.002319
transf_internacional;pcd.com.br;172;0;0;0;0.001620
transf_internacional;pcd.com.br;173;0;0;0;0.001693
transf_internacional;pcd.com.br;176;0;0;0;0.001470
transf_internacional;pcd.com.br;178;0;0;0;0.001311
transf_internacional;pcd.com.br;180;0;0;0;0.001583
transf_internacional;pcd.com.br;181;0;0;0;0.002969
transf_internacional;pcd.com.br;182;0;0;0;0.001674
transf_internacional;pcd.com.br;183;0;0;0;0.003243
transf_internacional;pcd.com.br;185;0;0;0;0.004275
transf_internacional;pcd.com.br;186;0;0;0;0.002362
transf_internacional;pcd.com.br;187;0;0;0;0.001671
transf_internacional;pcd.com.br;188;0;0;0;0.004036
transf_internacional;pcd.com.br;189;0;0;0;0.002616
transf_internacional;pcd.com.br;191;0;0;0;0.002689
transf_internacional;pcd.com.br;192;0;0;0;0.004055
transf_internacional;pcd.com.br;194;0;0;0;0.003068
transf_internacional;pcd.com.br;195;0;0;0;0.002264
transf_internacional;pcd.com.br;197;0;0;0;0.004060
transf_internacional;pcd.com.br;198;0;0;0;0.001934
transf_internacional;pcd.com.br;200;0;0;0;0.004152
transf_internacional;pcd.com.br;201;0;0;0;0.001088
transf_internacional;pcd.com.br;202;0;0;0;0.001495
transf_internacional;pcd.com.br;204;0;0;0;0.002134
transf_internacional;pcd.com.br;205;0;0;0;0.001609
transf_internacional;pcd.com.br;206;0;0;0;0.002344
transf_internacional;pcd.com.br;207;0;0;0;0.001578
transf_internacional;pcd.com.br;208;0;0;0;0.002299
transf_internacional;pcd.com.br;210;0;0;0;0.000954
transf_internacional;pcd.com.br;212;0;0;0;0.001561
transf_internacional;pcd.com.br;214;0;0;0;0.001862
transf_internacional;pcd.com.br;215;0;0;0;0.002973
transf_internacional;pcd.com.br;216;0;0;0;0.002439
transf_internacional;pcd.com.br;217;0;0;0;0.001299
transf_internacional;pcd.com.br;218;0;0;0;0.002609
transf_internacional;pcd.com.br;219;0;0;0;0.001039
transf_internacional;pcd.com.br;220;0;0;0;0.001387
transf_internacional;pcd.com.br;221;0;0;0;0.002234
transf_internacional;pcd.com.br;222;0;0;0;0.001554
transf_internacional;pcd.com.br;224;0;0;0;0.001743
transf_internacional;pcd.com.br;226;0;0;0;0.002234
transf_internacional;pcd.com.br;227;0;0;0;0.001314
transf_internacional;pcd.com.br;228;0;0;0;0.001489
transf_internacional;pcd.com.br;229;0;0;0;0.001696
transf_internacional;pcd.com.br;230;0;0;0;0.001760
transf_internacional;pcd.com.br;231;0;0;0;0.001181
transf_internacional;pcd.com.br;232;0;0;0;0.001625
transf_internacional;pcd.com.br;233;0;0;0;0.002501
transf_internacional;pcd.com.br;234;0;0;0;0.001779
transf_internacional;pcd.com.br;235;0;0;0;0.001703
transf_internacional;pcd.com.br;236;0;0;0;0.003129
transf_internacional;pcd.com.br;237;0;0;0;0.001986
transf_internacional;pcd.com.br;239;0;0;0;0.001387
transf_internacional;pcd.com.br;240;0;0;0;0.002253
transf_internacional;pcd.com.br;241;0;0;0;0.003012
transf_internacional;pcd.com.br;242;0;0;0;0.002247
transf_internacional;pcd.com.br;243;0;0;0;0.001760
transf_internacional;pcd.com.br;244;0;0;0;0.001018
transf_internacional;pcd.com.br;245;0;0;0;0.004544
transf_internacional;pcd.com.br;246;0;0;0;0.001498
transf_internacional;pcd.com.br;248;0;0;0;0.002073
transf_internacional;pcd.com.br;250;0;0;0;0.002165
transf_internacional;pcd.com.br;252;0;0;0;0.002460
transf_internacional;pcd.com.br;254;0;0;0;0.001982
transf_internacional;pcd.com.br;256;0;0;0;0.001335
transf_internacional;pcd.com.br;258;0;0;0;0.001290
transf_internacional;pcd.com.br;259;0;0;0;0.001834
transf_internacional;pcd.com.br;260;0;0;0;0.002622
transf_internacional;pcd.com.br;262;0;0;0;0.002356
transf_internacional;pcd.com.br;263;0;0;0;0.001779
transf_internacional;pcd.com.br;264;0;0;0;0.001225
transf_internacional;pcd.com.br;265;0;0;0;0.001289
transf_internacional;pcd.com.br;266;0;0;0;0.001583
transf_internacional;pcd.com.br;269;0;0;0;0.003968
transf_internacional;pcd.com.br;270;0;0;0;0.001834
transf_internacional;pcd.com.br;271;0;0;0;0.001126
transf_internacional;pcd.com.br;273;0;0;0;0.001433
transf_internacional;pcd.com.br;274;0;0;0;0.001779
transf_internacional;pcd.com.br;275;0;0;0;0.003333
transf_internacional;pcd.com.br;276;0;0;0;0.002865
transf_internacional;pcd.com.br;277;0;0;0;0.001421
transf_internacional;pcd.com.br;280;0;0;0;0.001449
transf_internacional;pcd.com.br;282;0;0;0;0.001519
transf_internacional;pcd.com.br;284;0;0;0;0.001461
transf_internacional;pcd.com.br;286;0;0;0;0.001598
transf_internacional;pcd.com.br;288;0;0;0;0.001364
transf_internacional;pcd.com.br;289;0;0;0;0.001740
transf_internacional;pcd.com.br;290;0;0;0;0.001213
transf_internacional;pcd.com.br;291;0;0;0;0.011125
transf_internacional;pcd.com.br;292;0;0;0;0.002204
transf_internacional;pcd.com.br;295;0;0;0;0.001282
transf_internacional;pcd.com.br;297;0;0;0;0.001378
transf_internacional;pcd.com.br;299;0;0;0;0.001127
transf_internacional;pcd.com.br;300;0;0;0;0.001779
transf_internacional;pcd.com.br;301;0;0;0;0.001841
transf_internacional;pcd.com.br;302;0;0;0;0.001174
transf_internacional;pcd.com.br;303;0;0;0;0.005005
transf_internacional;pcd.com.br;304;0;0;0;0.001660
transf_internacional;pcd.com.br;305;0;0;0;0.001322
transf_internacional;pcd.com.br;306;0;0;0;0.004186
transf_internacional;pcd.com.br;307;0;0;0;0.001645
transf_internacional;pcd.com.br;308;0;0;0;0.001834
transf_internacional;pcd.com.br;309;0;0;0;0.002911
transf_internacional;pcd.com.br;311;0;0;0;0.001377
transf_internacional;pcd.com.br;312;0;0;0;0.002305
transf_internacional;pcd.com.br;313;0;0;0;0.001572
transf_internacional;pcd.com.br;314;0;0;0;0.001834
transf_internacional;pcd.com.br;315;0;0;0;0.001657
transf_internacional;pcd.com.br;316;0;0;0;0.002007
transf_internacional;pcd.com.br;317;0;0;0;0.001864
transf_internacional;pcd.com.br;319;0;0;0;0.001677
transf_internacional;pcd.com.br;320;0;0;0;0.003617
transf_internacional;pcd.com.br;321;0;0;0;0.001823
transf_internacional;pcd.com.br;329;0;0;0;0.001517
transf_internacional;pcd.com.br;331;0;0;0;0.001565
transf_internacional;pcd.com.br;334;0;0;0;0.001682
transf_internacional;pcd.com.br;335;0;0;0;0.002345
transf_internacional;pcd.com.br;338;0;0;0;0.001704
transf_internacional;pcd.com.br;339;0;0;0;0.001592
transf_internacional;pcd.com.br;340;0;0;0;0.001473
transf_internacional;pcd.com.br;341;0;0;0;0.001638
transf_internacional;pcd.com.br;342;0;0;0;0.001616
transf_internacional;pcd.com.br;343;0;0;0;0.001917
transf_internacional;pcd.com.br;344;0;0;0;0.002692
transf_internacional;pcd.com.br;345;0;0;0;0.001362
transf_internacional;pcd.com.br;346;0;0;0;0.001495
transf_internacional;pcd.com.br;347;0;0;0;0.001371
transf_internacional;pcd.com.br;348;0;0;0;0.001440
transf_internacional;pcd.com.br;349;0;0;0;0.005288
transf_internacional;pcd.com.br;350;0;0;0;0.002630
transf_internacional;pcd.com.br;353;0;0;0;0.001506
transf_internacional;pcd.com.br;354;0;0;0;0.001438
transf_internacional;pcd.com.br;356;0;0;0;0.001689
transf_internacional;pcd.com.br;357;0;0;0;0.001391
transf_internacional;pcd.com.br;361;0;0;0;0.001207
transf_internacional;pcd.com.br;362;0;0;0;0.001461
transf_internacional;pcd.com.br;365;0;0;0;0.001318
transf_internacional;pcd.com.br;366;0;0;0;0.001206
transf_internacional;pcd.com.br;368;0;0;0;0.002086
transf_internacional;pcd.com.br;369;0;0;0;0.001446
transf_internacional;pcd.com.br;370;0;0;0;0.002841
transf_internacional;pcd.com.br;371;0;0;0;0.002331
transf_internacional;pcd.com.br;372;0;0;0;0.002039
transf_internacional;pcd.com.br;373;0;0;0;0.002854
transf_internacional;pcd.com.br;374;0;0;0;0.001326
transf_internacional;pcd.com.br;375;0;0;0;0.002747
transf_internacional;pcd.com.br;377;0;0;0;0.001522
transf_internacional;pcd.com.br;378;0;0;0;0.002396
transf_internacional;pcd.com.br;380;0;0;0;0.002396
transf_internacional;pcd.com.br;381;0;0;0;0.001932
transf_internacional;pcd.com.br;382;0;0;0;0.001974
transf_internacional;pcd.com.br;383;0;0;0;0.001289
transf_internacional;pcd.com.br;384;0;0;0;0.008369
transf_internacional;pcd.com.br;385;0;0;0;0.001509
transf_internacional;pcd.com.br;387;0;0;1;0.032997
transf_internacional;pcd.com.br;388;0;0;0;0.001358
transf_internacional;pcd.com.br;389;0;0;0;0.001892
transf_internacional;pcd.com.br;390;0;0;0;0.001882
transf_internacional;pcd.com.br;391;0;0;0;0.002199
transf_internacional;pcd.com.br;392;0;0;0;0.001607
transf_internacional;pcd.com.br;393;0;0;0;0.002638
transf_internacional;pcd.com.br;394;0;0;0;0.007210
transf_internacional;pcd.com.br;396;0;0;0;0.002799
transf_internacional;pcd.com.br;397;0;0;0;0.003183
transf_internacional;pcd.com.br;399;0;0;0;0.001309
transf_internacional;pcd.com.br;400;0;0;0;0.002003
transf_internacional;pcd.com.br;401;0;0;0;0.003161
transf_internacional;pcd.com.br;403;0;0;0;0.001225
transf_internacional;pcd.com.br;404;0;0;0;0.001506
transf_internacional;pcd.com.br;405;0;0;0;0.001583
transf_internacional;pcd.com.br;406;0;0;0;0.005353
transf_internacional;pcd.com.br;408;0;0;0;0.001809
transf_internacional;pcd.com.br;409;0;0;0;0.002314
transf_internacional;pcd.com.br;410;0;0;0;0.003903
transf_internacional;pcd.com.br;411;0;0;0;0.003485
transf_internacional;pcd.com.br;413;0;0;0;0.001662
transf_internacional;pcd.com.br;414;0;0;0;0.002399
transf_internacional;pcd.com.br;415;0;0;0;0.003389
transf_internacional;pcd.com.br;417;0;0;0;0.002290
transf_internacional;pcd.com.br;419;0;0;0;0.002078
transf_internacional;pcd.com.br;420;0;0;0;0.002484
transf_internacional;pcd.com.br;421;0;0;0;0.002969
transf_internacional;pcd.com.br;423;0;0;0;0.001857
transf_internacional;pcd.com.br;424;0;0;0;0.001692
transf_internacional;pcd.com.br;426;0;0;0;0.001224
transf_internacional;pcd.com.br;427;0;0;0;0.002120
transf_internacional;pcd.com.br;428;0;0;0;0.002302
transf_internacional;pcd.com.br;430;0;0;0;0.001164
transf_internacional;pcd.com.br;431;0;0;0;0.002529
transf_internacional;pcd.com.br;432;0;0;0;0.001910
transf_internacional;pcd.com.br;433;0;0;0;0.001223
transf_internacional;pcd.com.br;434;0;0;0;0.001173
transf_internacional;pcd.com.br;435;0;0;0;0.002579
transf_internacional;pcd.com.br;436;0;0;0;0.002670
transf_internacional;pcd.com.br;437;0;0;0;0.001433
transf_internacional;pcd.com.br;438;0;0;0;0.001643
transf_internacional;pcd.com.br;439;0;0;0;0.002510
transf_internacional;pcd.com.br;440;0;0;0;0.002251
transf_internacional;pcd.com.br;441;0;0;0;0.003418
transf_internacional;pcd.com.br;442;0;0;0;0.003355
transf_internacional;pcd.com.br;443;0;0;0;0.001635
transf_internacional;pcd.com.br;444;0;0;0;0.001618
transf_internacional;pcd.com.br;445;0;0;0;0.001358
transf_internacional;pcd.com.br;446;0;0;0;0.010982
transf_internacional;pcd.com.br;447;0;0;0;0.002088
transf_internacional;pcd.com.br;449;0;0;0;0.001570
transf_internacional;pcd.com.br;450;0;0;0;0.002544
transf_internacional;pcd.com.br;451;0;0;0;0.003489
transf_internacional;pcd.com.br;452;0;0;0;0.001252
transf_internacional;pcd.com.br;453;0;0;0;0.001663
transf_internacional;pcd.com.br;455;0;0;0;0.001531
transf_internacional;pcd.com.br;456;0;0;0;0.001234
transf_internacional;pcd.com.br;457;0;0;0;0.003337
transf_internacional;pcd.com.br;458;0;0;0;0.001264
transf_internacional;pcd.com.br;459;0;0;0;0.001951
transf_internacional;pcd.com.br;460;0;0;0;0.009284
transf_internacional;pcd.com.br;462;0;0;0;0.001758
transf_internacional;pcd.com.br;463;0;0;0;0.002394
transf_internacional;pcd.com.br;464;0;0;0;0.002275
transf_internacional;pcd.com.br;465;0;0;0;0.001468
transf_internacional;pcd.com.br;467;0;0;0;0.003872
transf_internacional;pcd.com.br;468;0;0;0;0.003820
transf_internacional;pcd.com.br;469;0;0;0;0.001114
transf_internacional;pcd.com.br;470;0;0;0;0.002949
transf_internacional;pcd.com.br;471;0;0;0;0.001889
transf_internacional;pcd.com.br;472;0;0;0;0.001651
transf_internacional;pcd.com.br;473;0;0;0;0.002018
transf_internacional;pcd.com.br;474;0;0;0;0.001357
transf_internacional;pcd.com.br;475;0;0;0;0.001827
transf_internacional;pcd.com.br;476;0;0;0;0.001515
transf_internacional;pcd.com.br;477;0;0;0;0.001626
transf_internacional;pcd.com.br;478;0;0;0;0.002445
transf_internacional;pcd.com.br;479;0;0;0;0.001811
transf_internacional;pcd.com.br;481;0;0;0;0.000906
transf_internacional;pcd.com.br;482;0;0;0;0.000923
transf_internacional;pcd.com.br;484;0;0;0;0.001801
transf_internacional;pcd.com.br;485;0;0;0;0.001801
transf_internacional;pcd.com.br;487;0;0;0;0.001095
transf_internacional;pcd.com.br;488;0;0;0;0.001756
transf_internacional;pcd.com.br;489;0;0;0;0.001637
transf_internacional;pcd.com.br;490;0;0;0;0.001290
transf_internacional;pcd.com.br;492;0;0;0;0.002560
transf_internacional;pcd.com.br;494;0;0;0;0.002773
transf_internacional;pcd.com.br;495;0;0;0;0.003000
transf_internacional;pcd.com.br;496;0;0;0;0.002128
transf_internacional;pcd.com.br;497;0;0;0;0.003263
transf_internacional;pcd.com.br;498;0;0;0;0.001236
transf_internacional;pcd.com.br;500;0;0;0;0.004217
transf_internacional;pcd.com.br;501;0;0;0;0.004122
transf_internacional;pcd.com.br;502;0;0;0;0.002120
transf_internacional;pcd.com.br;504;0;0;0;0.001076
transf_internacional;pcd.com.br;505;0;0;0;0.002495
transf_internacional;pcd.com.br;506;0;0;0;0.001100
transf_internacional;pcd.com.br;507;0;0;0;0.001313
transf_internacional;pcd.com.br;508;0;0;0;0.002115
transf_internacional;pcd.com.br;509;0;0;0;0.002340
transf_internacional;pcd.com.br;510;0;0;0;0.002085
transf_internacional;pcd.com.br;511;0;0;0;0.002025
transf_internacional;pcd.com.br;512;0;0;0;0.002087
transf_internacional;pcd.com.br;513;0;0;0;0.002047
transf_internacional;pcd.com.br;514;0;0;0;0.001441
transf_internacional;pcd.com.br;515;0;0;0;0.003768
transf_internacional;pcd.com.br;516;0;0;0;0.004356
transf_internacional;pcd.com.br;519;0;0;0;0.004425
transf_internacional;pcd.com.br;522;0;0;0;0.002123
transf_internacional;pcd.com.br;525;0;0;0;0.003040
transf_internacional;pcd.com.br;528;0;0;0;0.011319
transf_internacional;pcd.com.br;530;0;0;0;0.002596
transf_internacional;pcd.com.br;531;0;0;0;0.007916
transf_internacional;pcd.com.br;534;0;0;0;0.006705
transf_internacional;pcd.com.br;535;0;0;0;0.001700
transf_internacional;pcd.com.br;536;0;0;0;0.001377
transf_internacional;pcd.com.br;537;0;0;0;0.006423
transf_internacional;pcd.com.br;539;0;0;0;0.013515
transf_internacional;pcd.com.br;540;0;0;0;0.005217
transf_internacional;pcd.com.br;541;0;0;0;0.002168
transf_internacional;pcd.com.br;542;0;0;0;0.002407
transf_internacional;pcd.com.br;543;0;0;0;0.004674
transf_internacional;pcd.com.br;544;0;0;0;0.002664
transf_internacional;pcd.com.br;546;0;0;0;0.001467
transf_internacional;pcd.com.br;547;0;0;0;0.004514
transf_internacional;pcd.com.br;548;0;0;0;0.001194
transf_internacional;pcd.com.br;549;0;0;0;0.009014
transf_internacional;pcd.com.br;550;0;0;0;0.007075
transf_internacional;pcd.com.br;551;0;0;0;0.002976
transf_internacional;pcd.com.br;552;0;0;0;0.001436
transf_internacional;pcd.com.br;553;0;0;0;0.001922
transf_internacional;pcd.com.br;554;0;0;0;0.001338
transf_internacional;pcd.com.br;555;0;0;0;0.005406
transf_internacional;pcd.com.br;556;0;0;0;0.002237
transf_internacional;pcd.com.br;557;0;0;0;0.002475
transf_internacional;pcd.com.br;558;0;0;0;0.002387
transf_internacional;pcd.com.br;559;0;0;0;0.004370
transf_internacional;pcd.com.br;560;0;0;0;0.002200
transf_internacional;pcd.com.br;561;0;0;0;0.006580
transf_internacional;pcd.com.br;563;0;0;0;0.001689
transf_internacional;pcd.com.br;565;0;0;0;0.005256
transf_internacional;pcd.com.br;566;0;0;0;0.001268
transf_internacional;pcd.com.br;567;0;0;0;0.002310
transf_internacional;pcd.com.br;568;0;0;0;0.001365
transf_internacional;pcd.com.br;569;0;0;0;0.004122
transf_internacional;pcd.com.br;570;0;0;0;0.001076
transf_internacional;pcd.com.br;571;0;0;0;0.001540
transf_internacional;pcd.com.br;572;0;0;0;0.001315
transf_internacional;pcd.com.br;573;0;0;0;0.001434
transf_internacional;pcd.com.br;574;0;0;0;0.002582
transf_internacional;pcd.com.br;576;0;0;0;0.004696
transf_internacional;pcd.com.br;577;0;0;0;0.004806
transf_internacional;pcd.com.br;578;0;0;0;0.004056
transf_internacional;pcd.com.br;580;0;0;0;0.004428
transf_internacional;pcd.com.br;581;0;0;0;0.001430
transf_internacional;pcd.com.br;582;0;0;0;0.001605
transf_internacional;pcd.com.br;583;0;0;0;0.001518
transf_internacional;pcd.com.br;584;0;0;0;0.001442
transf_internacional;pcd.com.br;586;0;0;0;0.003159
transf_internacional;pcd.com.br;587;0;0;0;0.005613
transf_internacional;pcd.com.br;588;0;0;0;0.002290
transf_internacional;pcd.com.br;589;0;0;0;0.002822
transf_internacional;pcd.com.br;591;0;0;0;0.001265
transf_internacional;pcd.com.br;592;0;0;0;0.001562
transf_internacional;pcd.com.br;593;0;0;0;0.001844
transf_internacional;pcd.com.br;594;0;0;0;0.001803
transf_internacional;pcd.com.br;595;0;0;0;0.002113
transf_internacional;pcd.com.br;596;0;0;0;0.003007
transf_internacional;pcd.com.br;597;0;0;0;0.010635
transf_internacional;pcd.com.br;599;0;0;0;0.003928
transf_internacional;pcd.com.br;600;0;0;0;0.003099
transf_internacional;pcd.com.br;601;0;0;0;0.004108
transf_internacional;pcd.com.br;602;0;0;0;0.001990
transf_internacional;pcd.com.br;603;0;0;0;0.003196
transf_internacional;pcd.com.br;605;0;0;0;0.001618
transf_internacional;pcd.com.br;606;0;0;0;0.014460
transf_internacional;pcd.com.br;608;0;0;1;0.020791
transf_internacional;pcd.com.br;609;0;0;1;0.017734
transf_internacional;pcd.com.br;610;0;0;0;0.004823
transf_internacional;pcd.com.br;612;0;0;0;0.001529
transf_internacional;pcd.com.br;613;0;0;0;0.005625
transf_internacional;pcd.com.br;614;0;0;1;0.019911
transf_internacional;pcd.com.br;616;0;0;0;0.001744
transf_internacional;pcd.com.br;617;0;0;0;0.001888
transf_internacional;pcd.com.br;618;0;0;0;0.001575
transf_internacional;pcd.com.br;619;0;0;0;0.003405
transf_internacional;pcd.com.br;620;0;0;0;0.004287
transf_internacional;pcd.com.br;621;0;0;0;0.001488
transf_internacional;pcd.com.br;622;0;0;0;0.001937
transf_internacional;pcd.com.br;623;0;0;0;0.002894
transf_internacional;pcd.com.br;624;0;0;0;0.002494
transf_internacional;pcd.com.br;625;0;0;0;0.001106
transf_internacional;pcd.com.br;627;0;0;0;0.001091
transf_internacional;pcd.com.br;628;0;0;0;0.003714
transf_internacional;pcd.com.br;629;0;0;0;0.001264
transf_internacional;pcd.com.br;630;0;0;0;0.003602
transf_internacional;pcd.com.br;631;0;0;1;0.019703
transf_internacional;pcd.com.br;632;0;0;0;0.001856
transf_internacional;pcd.com.br;635;0;0;0;0.002595
transf_internacional;pcd.com.br;636;0;0;0;0.002504
transf_internacional;pcd.com.br;637;0;0;0;0.002774
transf_internacional;pcd.com.br;638;0;0;0;0.005614
transf_internacional;pcd.com.br;640;0;0;1;0.056620
transf_internacional;pcd.com.br;641;1;0;1;0.021032
transf_internacional;pcd.com.br;642;1;0;1;0.033721
transf_internacional;pcd.com.br;644;0;1;0;0.004795
transf_internacional;pcd.com.br;645;1;1;0;0.010815
transf_internacional;pcd.com.br;646;1;1;1;0.156690
transf_internacional;pcd.com.br;647;1;0;1;0.022898
transf_internacional;pcd.com.br;649;0;0;1;0.037157
transf_internacional;pcd.com.br;650;1;0;1;0.327193
transf_internacional;pcd.com.br;652;0;0;0;0.002325
transf_internacional;pcd.com.br;653;1;0;1;0.035539
transf_internacional;pcd.com.br;655;0;0;0;0.001765
transf_internacional;pcd.com.br;656;1;0;0;0.009410
transf_internacional;pcd.com.br;658;0;0;0;0.005952
transf_internacional;pcd.com.br;659;0;0;0;0.001429
transf_internacional;pcd.com.br;661;0;0;0;0.001326
transf_internacional;pcd.com.br;662;0;0;0;0.001575
transf_internacional;pcd.com.br;663;0;0;0;0.001659
transf_internacional;pcd.com.br;664;0;0;0;0.001517
transf_internacional;pcd.com.br;665;0;0;0;0.001349
transf_internacional;pcd.com.br;668;0;0;0;0.001860
transf_internacional;pcd.com.br;669;0;0;0;0.001377
transf_internacional;pcd.com.br;670;0;0;0;0.001375
transf_internacional;pcd.com.br;671;0;0;0;0.001283
transf_internacional;pcd.com.br;672;0;0;0;0.001583
transf_internacional;pcd.com.br;673;0;0;0;0.001508
transf_internacional;pcd.com.br;674;0;0;0;0.004305
transf_internacional;pcd.com.br;675;0;0;0;0.001426
transf_internacional;pcd.com.br;676;0;0;0;0.001198
transf_internacional;pcd.com.br;677;0;0;0;0.001273
transf_internacional;pcd.com.br;678;0;0;0;0.001561
transf_internacional;pcd.com.br;679;0;0;0;0.001883
transf_internacional;pcd.com.br;680;0;0;0;0.001336
transf_internacional;pcd.com.br;681;0;0;0;0.001326
transf_internacional;pcd.com.br;682;0;0;0;0.001244
transf_internacional;pcd.com.br;683;0;0;0;0.001673
transf_internacional;pcd.com.br;685;0;0;0;0.001167
transf_internacional;pcd.com.br;686;0;0;0;0.001865
transf_internacional;pcd.com.br;687;0;0;0;0.002092
transf_internacional;pcd.com.br;688;0;0;0;0.002174
transf_internacional;pcd.com.br;689;0;0;0;0.001471
transf_internacional;pcd.com.br;690;0;0;0;0.001373
transf_internacional;pcd.com.br;691;0;0;0;0.001429
transf_internacional;pcd.com.br;692;0;0;0;0.002122
transf_internacional;pcd.com.br;693;0;0;0;0.001203
transf_internacional;pcd.com.br;694;0;0;0;0.001217
transf_internacional;pcd.com.br;695;0;0;0;0.001312
transf_internacional;pcd.com.br;696;0;0;0;0.001623
transf_internacional;pcd.com.br;697;0;0;0;0.001364
transf_internacional;pcd.com.br;698;0;0;0;0.001848
transf_internacional;pcd.com.br;700;0;0;0;0.001149
transf_internacional;pcd.com.br;701;0;0;0;0.001742
transf_internacional;pcd.com.br;702;0;0;0;0.001589
transf_internacional;pcd.com.br;703;0;0;0;0.002047
transf_internacional;pcd.com.br;704;0;0;0;0.001324
transf_internacional;pcd.com.br;705;0;0;0;0.001250
transf_internacional;pcd.com.br;706;0;0;0;0.001300
transf_internacional;pcd.com.br;707;0;0;0;0.001324
transf_internacional;pcd.com.br;708;0;0;0;0.001324
transf_internacional;pcd.com.br;709;0;0;0;0.001314
transf_internacional;pcd.com.br;710;0;0;0;0.001673
transf_internacional;pcd.com.br;711;0;0;0;0.002751
transf_internacional;pcd.com.br;712;0;0;0;0.001351
transf_internacional;pcd.com.br;714;0;0;0;0.002080
transf_internacional;pcd.com.br;715;0;0;0;0.002751
transf_internacional;pcd.com.br;716;0;0;0;0.001321
transf_internacional;pcd.com.br;717;0;0;0;0.005096
transf_internacional;pcd.com.br;718;0;0;0;0.005073
transf_internacional;pcd.com.br;719;0;0;0;0.001457
transf_internacional;pcd.com.br;720;0;0;0;0.003938
transf_internacional;pcd.com.br;721;0;0;0;0.006685
transf_internacional;pcd.com.br;722;0;0;0;0.005270
transf_internacional;pcd.com.br;723;0;0;0;0.002009
transf_internacional;pcd.com.br;725;0;0;0;0.001059
transf_internacional;pcd.com.br;726;0;0;0;0.001478
transf_internacional;pcd.com.br;727;0;0;0;0.002674
transf_internacional;pcd.com.br;728;0;0;0;0.001760
transf_internacional;pcd.com.br;729;0;0;0;0.001916
transf_internacional;pcd.com.br;732;0;0;0;0.002713
transf_internacional;pcd.com.br;733;0;0;0;0.005797
transf_internacional;pcd.com.br;734;0;0;0;0.001186
transf_internacional;pcd.com.br;735;0;0;0;0.001478
transf_internacional;pcd.com.br;738;0;0;0;0.002141
transf_internacional;pcd.com.br;739;0;0;0;0.002157
transf_internacional;pcd.com.br;740;0;0;0;0.002428
transf_internacional;pcd.com.br;742;0;0;0;0.001211
transf_internacional;pcd.com.br;744;0;0;0;0.001070
transf_internacional;pcd.com.br;745;0;0;0;0.001902
transf_internacional;pcd.com.br;746;0;0;0;0.002113
transf_internacional;pcd.com.br;755;0;0;0;0.001238
transf_internacional;pcd.com.br;757;0;0;0;0.001406
transf_internacional;pcd.com.br;762;0;0;0;0.001633
transf_internacional;pcd.com.br;764;0;0;0;0.001286
transf_internacional;pcd.com.br;768;0;0;0;0.001666
transf_internacional;pcd.com.br;774;0;0;0;0.001901
transf_internacional;pcd.com.br;775;0;0;0;0.001342
transf_internacional;pcd.com.br;780;0;0;0;0.001769
transf_internacional;pcd.com.br;783;0;0;0;0.007959
transf_internacional;pcd.com.br;786;0;0;0;0.001310
transf_internacional;pcd.com.br;793;0;0;0;0.000973
transf_internacional;pcd.com.br;794;0;0;0;0.001622
transf_internacional;pcd.com.br;799;0;0;0;0.001614
transf_internacional;pcd.com.br;800;0;0;0;0.001600
transf_internacional;pcd.com.br;801;0;0;0;0.005273
transf_internacional;pcd.com.br;802;0;0;0;0.001050
transf_internacional;pcd.com.br;845;0;0;0;0.002073
transf_internacional;pcd.com.br;848;0;0;0;0.003362
transf_internacional;pcd.com.br;849;0;0;0;0.002563
transf_internacional;pcd.com.br;850;0;0;0;0.009036
transf_internacional;pcd.com.br;854;0;0;0;0.001413
transf_internacional;pcd.com.br;856;0;0;0;0.004606
transf_internacional;pcd.com.br;857;0;0;0;0.002892
transf_internacional;pcd.com.br;858;0;0;0;0.005288
transf_internacional;pcd.com.br;859;0;0;0;0.003088
transf_internacional;pcd.com.br;860;0;0;0;0.003607
transf_internacional;pcd.com.br;861;0;0;0;0.001527
transf_internacional;pcd.com.br;862;0;0;0;0.001433
transf_internacional;pcd.com.br;864;0;0;0;0.002352
transf_internacional;pcd.com.br;867;0;0;0;0.001368
transf_internacional;pcd.com.br;868;0;0;0;0.001813
transf_internacional;pcd.com.br;870;0;0;0;0.004085
transf_internacional;pcd.com.br;871;0;0;0;0.001951
transf_internacional;pcd.com.br;872;0;0;0;0.002887
transf_internacional;pcd.com.br;875;0;0;0;0.003585
transf_internacional;pcd.com.br;876;0;0;0;0.002021
transf_internacional;pcd.com.br;880;0;0;0;0.002661
transf_internacional;pcd.com.br;881;0;0;0;0.004089
transf_internacional;pcd.com.br;882;0;0;0;0.000712
transf_internacional;pcd.com.br;883;0;0;0;0.001215
transf_internacional;pcd.com.br;884;0;0;0;0.001141
transf_internacional;pcd.com.br;885;0;0;0;0.001867
transf_internacional;pcd.com.br;886;0;0;0;0.002021
transf_internacional;pcd.com.br;887;0;0;0;0.001396
transf_internacional;pcd.com.br;893;0;0;0;0.002490
transf_internacional;pcd.com.br;894;0;0;0;0.001215
transf_internacional;pcd.com.br;895;0;0;0;0.013857
transf_internacional;pcd.com.br;897;0;0;0;0.000771
transf_internacional;pcd.com.br;899;0;0;0;0.001294
transf_internacional;pcd.com.br;901;0;0;0;0.002243
transf_internacional;pcd.com.br;903;0;0;0;0.001370
transf_internacional;pcd.com.br;905;0;0;0;0.001165
transf_internacional;pcd.com.br;906;0;0;0;0.006811
transf_internacional;pcd.com.br;907;0;0;0;0.003923
transf_internacional;pcd.com.br;909;0;0;0;0.002432
transf_internacional;pcd.com.br;911;0;0;0;0.001590
transf_internacional;pcd.com.br;913;0;0;0;0.001861
transf_internacional;pcd.com.br;915;0;0;0;0.001304
transf_internacional;pcd.com.br;916;0;0;0;0.001505
transf_internacional;pcd.com.br;917;0;0;0;0.003345
transf_internacional;pcd.com.br;918;0;0;0;0.001914
transf_internacional;pcd.com.br;919;0;0;0;0.001607
transf_internacional;pcd.com.br;920;0;0;0;0.001532
transf_internacional;pcd.com.br;921;0;0;0;0.002899
transf_internacional;pcd.com.br;922;0;0;0;0.001322
transf_internacional;pcd.com.br;923;0;0;0;0.002545
transf_internacional;pcd.com.br;924;0;0;0;0.002557
transf_internacional;pcd.com.br;925;0;0;0;0.001878
transf_internacional;pcd.com.br;926;0;0;0;0.003352
transf_internacional;pcd.com.br;927;0;0;0;0.002629
transf_internacional;pcd.com.br;928;0;0;0;0.002080
transf_internacional;pcd.com.br;929;0;0;0;0.004191
transf_internacional;pcd.com.br;931;0;0;0;0.001160
transf_internacional;pcd.com.br;933;0;0;0;0.001346
transf_internacional;pcd.com.br;934;0;0;0;0.006022
transf_internacional;pcd.com.br;939;0;0;0;0.002021
transf_internacional;pcd.com.br;946;0;0;0;0.000913
transf_internacional;pcd.com.br;947;0;0;0;0.002796
transf_internacional;pcd.com.br;948;0;0;0;0.001069
transf_internacional;pcd.com.br;949;0;0;0;0.002208
transf_internacional;pcd.com.br;951;0;0;0;0.001318
transf_internacional;pcd.com.br;952;0;0;0;0.001535
transf_internacional;pcd.com.br;953;0;0;0;0.006175
transf_internacional;pcd.com.br;954;0;0;0;0.001242
transf_internacional;pcd.com.br;955;0;0;0;0.002569
transf_internacional;pcd.com.br;956;0;0;0;0.002224
transf_internacional;pcd.com.br;957;0;0;0;0.001243
transf_internacional;pcd.com.br;959;0;0;0;0.002955
transf_internacional;pcd.com.br;960;0;0;0;0.001105
transf_internacional;pcd.com.br;962;0;0;0;0.001916
transf_internacional;pcd.com.br;963;0;0;0;0.001777
transf_internacional;pcd.com.br;964;0;0;0;0.001204
transf_internacional;pcd.com.br;965;0;0;0;0.001392
transf_internacional;pcd.com.br;968;0;0;0;0.006335
transf_internacional;pcd.com.br;971;0;0;0;0.012591
transf_internacional;pcd.com.br;983;0;0;0;0.001512
transf_internacional;pcd.com.br;988;0;0;0;0.001397
transf_internacional;pcd.com.br;989;0;0;0;0.001356
transf_internacional;pcd.com.br;991;0;0;0;0.009625
transf_internacional;pcd.com.br;992;0;0;0;0.001368
transf_internacional;pcd.com.br;993;0;0;0;0.001492
transf_internacional;pcd.com.br;998;0;0;0;0.001777
transf_internacional;pcd.com.br;1001;0;0;0;0.001285
transf_internacional;pcd.com.br;1005;0;0;0;0.001022
transf_internacional;pcd.com.br;1006;0;0;0;0.001256
transf_internacional;pcd.com.br;1007;0;0;0;0.001101
transf_internacional;pcd.com.br;1009;0;0;0;0.001845
transf_internacional;pcd.com.br;1010;0;0;0;0.002939
transf_internacional;pcd.com.br;1011;0;0;0;0.001298
transf_internacional;pcd.com.br;1015;0;0;0;0.008351
transf_internacional;pcd.com.br;1016;0;0;0;0.002283
transf_internacional;pcd.com.br;1019;0;0;0;0.003055
transf_internacional;pcd.com.br;1020;0;0;0;0.001586
transf_internacional;pcd.com.br;1022;0;0;0;0.002290
transf_internacional;pcd.com.br;1023;0;0;0;0.005973
transf_internacional;pcd.com.br;1024;0;0;0;0.004735
transf_internacional;pcd.com.br;1025;0;0;1;0.152739
transf_internacional;pcd.com.br;1027;0;0;0;0.001292
transf_internacional;pcd.com.br;1028;0;0;0;0.001683
transf_internacional;pcd.com.br;1029;0;0;0;0.003013
transf_internacional;pcd.com.br;1030;0;0;0;0.001971
transf_internacional;pcd.com.br;1031;0;0;0;0.002239
transf_internacional;pcd.com.br;1033;0;0;0;0.002615
transf_internacional;pcd.com.br;1035;0;0;0;0.001039
transf_internacional;pcd.com.br;1036;0;0;0;0.002343
transf_internacional;pcd.com.br;1038;0;0;0;0.007706
transf_internacional;pcd.com.br;1039;1;1;1;0.063376
transf_internacional;pcd.com.br;1040;0;0;0;0.003043
transf_internacional;pcd.com.br;1042;0;0;0;0.002747
transf_internacional;pcd.com.br;1043;0;0;0;0.003083
transf_internacional;pcd.com.br;1044;0;0;0;0.003171
transf_internacional;pcd.com.br;1045;0;0;0;0.002378
transf_internacional;pcd.com.br;1047;0;0;0;0.001483
transf_internacional;pcd.com.br;1148;0;0;0;0.001140
transf_internacional;pcd.com.br;1151;0;0;0;0.001335
transf_internacional;pcd.com.br;1154;0;0;0;0.001696
transf_internacional;pcd.com.br;1155;0;0;0;0.001825
transf_internacional;pcd.com.br;1156;0;0;0;0.001182
transf_internacional;pcd.com.br;1159;0;0;0;0.001435
transf_internacional;pcd.com.br;1161;0;0;0;0.001517
transf_internacional;pcd.com.br;1163;0;0;0;0.002633
transf_internacional;pcd.com.br;1165;0;0;0;0.001604
transf_internacional;pcd.com.br;1166;0;0;0;0.001627
transf_internacional;pcd.com.br;1167;0;0;0;0.001462
transf_internacional;pcd.com.br;1168;0;0;0;0.001545
transf_internacional;pcd.com.br;1169;0;0;0;0.001898
transf_internacional;pcd.com.br;1171;0;0;0;0.001163
transf_internacional;pcd.com.br;1172;0;0;0;0.000859
transf_internacional;pcd.com.br;1173;0;0;0;0.001274
transf_internacional;pcd.com.br;1174;0;0;0;0.002802
transf_internacional;pcd.com.br;1175;0;0;0;0.002748
transf_internacional;pcd.com.br;1176;0;0;0;0.001022
transf_internacional;pcd.com.br;1178;0;0;0;0.002259
transf_internacional;pcd.com.br;1179;0;0;0;0.010629
transf_internacional;pcd.com.br;1180;0;0;0;0.002358
transf_internacional;pcd.com.br;1181;0;0;0;0.003782
transf_internacional;pcd.com.br;1182;0;0;0;0.002926
transf_internacional;pcd.com.br;1183;0;0;0;0.002353
transf_internacional;pcd.com.br;1184;0;0;0;0.002249
transf_internacional;pcd.com.br;1186;0;0;0;0.001485
transf_internacional;pcd.com.br;1187;0;0;0;0.001919
transf_internacional;pcd.com.br;1188;0;0;0;0.001224
transf_internacional;pcd.com.br;1190;0;0;0;0.001357
transf_internacional;pcd.com.br;1191;0;0;0;0.002418
transf_internacional;pcd.com.br;1192;0;0;0;0.002877
transf_internacional;pcd.com.br;1194;0;0;0;0.001478
transf_internacional;pcd.com.br;1195;0;0;0;0.001526
transf_internacional;pcd.com.br;1196;0;0;0;0.001184
transf_internacional;pcd.com.br;1197;0;0;0;0.002501
transf_internacional;pcd.com.br;1200;0;0;0;0.001440
transf_internacional;pcd.com.br;1204;0;0;0;0.001552
transf_internacional;pcd.com.br;1205;0;0;0;0.001263
transf_internacional;pcd.com.br;1206;0;0;0;0.002429
transf_internacional;pcd.com.br;1210;0;0;0;0.001836
transf_internacional;pcd.com.br;1211;0;0;0;0.001462
transf_internacional;pcd.com.br;1212;0;0;0;0.001683
transf_internacional;pcd.com.br;1214;0;0;0;0.001626
transf_internacional;pcd.com.br;1216;0;0;0;0.009445
transf_internacional;pcd.com.br;1217;0;0;0;0.001527
transf_internacional;pcd.com.br;1218;0;0;0;0.001656
transf_internacional;pcd.com.br;1220;0;0;0;0.002044
transf_internacional;pcd.com.br;1221;0;0;0;0.002435
transf_internacional;pcd.com.br;1222;0;0;0;0.001504
transf_internacional;pcd.com.br;1223;0;0;0;0.001356
transf_internacional;pcd.com.br;1224;0;0;0;0.002080
transf_internacional;pcd.com.br;1225;0;0;0;0.001359
transf_internacional;pcd.com.br;1227;0;0;0;0.001244
transf_internacional;pcd.com.br;1230;0;0;0;0.001709
transf_internacional;pcd.com.br;1232;0;0;0;0.001135
transf_internacional;pcd.com.br;1234;0;0;0;0.001206
transf_internacional;pcd.com.br;1235;0;0;0;0.003706
transf_internacional;pcd.com.br;1236;0;0;0;0.001432
transf_internacional;pcd.com.br;1239;0;0;0;0.006715
transf_internacional;pcd.com.br;1240;0;0;0;0.001624
transf_internacional;pcd.com.br;1242;0;0;0;0.001511
transf_internacional;pcd.com.br;1243;0;0;0;0.001740
transf_internacional;pcd.com.br;1244;0;0;0;0.001073
transf_internacional;pcd.com.br;1246;0;0;0;0.001727
transf_internacional;pcd.com.br;1247;0;0;0;0.001857
transf_internacional;pcd.com.br;1248;0;0;0;0.003275
transf_internacional;pcd.com.br;1249;0;0;0;0.002192
transf_internacional;pcd.com.br;1250;0;0;0;0.001892
transf_internacional;pcd.com.br;1251;0;0;0;0.002628
transf_internacional;pcd.com.br;1252;0;0;0;0.001056
transf_internacional;pcd.com.br;1253;0;0;0;0.001241
transf_internacional;pcd.com.br;1255;0;0;0;0.002056
transf_internacional;pcd.com.br;1257;0;0;0;0.002807
transf_internacional;pcd.com.br;1258;0;0;0;0.001305
transf_internacional;pcd.com.br;1260;0;0;0;0.001404
transf_internacional;pcd.com.br;1261;0;0;0;0.002518
transf_internacional;pcd.com.br;1262;0;0;0;0.002977
transf_internacional;pcd.com.br;1264;0;0;0;0.001286
transf_internacional;pcd.com.br;1265;0;0;0;0.002063
transf_internacional;pcd.com.br;1266;0;0;0;0.001596
transf_internacional;pcd.com.br;1268;0;0;0;0.001180
transf_internacional;pcd.com.br;1269;0;0;0;0.006396
transf_internacional;pcd.com.br;1270;0;0;0;0.002020
transf_internacional;pcd.com.br;1271;0;0;0;0.001121
transf_internacional;pcd.com.br;1272;0;0;0;0.001358
transf_internacional;pcd.com.br;1274;0;0;0;0.002156
transf_internacional;pcd.com.br;1275;0;0;1;0.021051
transf_internacional;pcd.com.br;1276;0;0;0;0.001999
transf_internacional;pcd.com.br;1277;0;0;0;0.001964
transf_internacional;pcd.com.br;1279;0;0;0;0.001243
transf_internacional;pcd.com.br;1280;0;0;0;0.001540
transf_internacional;pcd.com.br;1281;0;0;0;0.001128
transf_internacional;pcd.com.br;1282;0;0;0;0.001894
transf_internacional;pcd.com.br;1284;0;0;0;0.001679
transf_internacional;pcd.com.br;1285;0;0;0;0.001614
transf_internacional;pcd.com.br;1286;0;0;0;0.001536
transf_internacional;pcd.com.br;1288;0;0;0;0.001677
transf_internacional;pcd.com.br;1289;0;0;0;0.001410
transf_internacional;pcd.com.br;1290;0;0;0;0.001455
transf_internacional;pcd.com.br;1293;0;0;0;0.001080
transf_internacional;pcd.com.br;1294;0;0;0;0.003007
transf_internacional;pcd.com.br;1295;0;0;0;0.000934
transf_internacional;pcd.com.br;1296;0;0;0;0.003689
transf_internacional;pcd.com.br;1297;0;0;0;0.000960
transf_internacional;pcd.com.br;1298;0;0;0;0.002102
transf_internacional;pcd.com.br;1299;0;0;0;0.003186
transf_internacional;pcd.com.br;1300;0;0;0;0.000970
transf_internacional;pcd.com.br;1301;0;0;0;0.003612
transf_internacional;pcd.com.br;1303;0;0;0;0.001245
transf_internacional;pcd.com.br;1304;0;0;0;0.003231
transf_internacional;pcd.com.br;1305;0;0;0;0.001942
transf_internacional;pcd.com.br;1306;0;0;0;0.002248
transf_internacional;pcd.com.br;1307;0;0;0;0.001640
transf_internacional;pcd.com.br;1308;0;0;0;0.003230
transf_internacional;pcd.com.br;1309;0;0;0;0.001742
transf_internacional;pcd.com.br;1310;0;0;0;0.001911
transf_internacional;pcd.com.br;1312;0;0;0;0.001598
transf_internacional;pcd.com.br;1314;0;0;0;0.003082
transf_internacional;pcd.com.br;1316;0;0;0;0.002768
transf_internacional;pcd.com.br;1318;0;0;0;0.001807
transf_internacional;pcd.com.br;1320;0;0;0;0.001295
transf_internacional;pcd.com.br;1322;0;0;0;0.001612
transf_internacional;pcd.com.br;1324;0;0;0;0.001755
transf_internacional;pcd.com.br;1327;0;0;0;0.001661
transf_internacional;pcd.com.br;1328;0;0;0;0.001706
transf_internacional;pcd.com.br;1331;0;0;0;0.001358
transf_internacional;pcd.com.br;1334;0;0;0;0.001389
transf_internacional;pcd.com.br;1335;0;0;0;0.002642
transf_internacional;pcd.com.br;1336;0;0;0;0.001232
transf_internacional;pcd.com.br;1339;0;0;0;0.001641
transf_internacional;pcd.com.br;1340;0;0;0;0.001485
transf_internacional;pcd.com.br;1343;0;0;0;0.001325
transf_internacional;pcd.com.br;1345;0;0;0;0.001357
transf_internacional;pcd.com.br;1404;0;0;0;0.002039
transf_internacional;pcd.com.br;1406;0;0;0;0.001623
transf_internacional;pcd.com.br;1408;0;0;0;0.001806
transf_internacional;pcd.com.br;1410;0;0;0;0.002039
transf_internacional;pcd.com.br;1412;0;0;0;0.001603
transf_internacional;pcd.com.br;1414;0;1;0;0.005484
transf_internacional;pcd.com.br;1418;0;0;0;0.001559
transf_internacional;pcd.com.br;1427;0;0;0;0.002810
transf_internacional;pcd.com.br;1429;0;0;0;0.004350
transf_internacional;pcd.com.br;1430;0;0;0;0.001967
transf_internacional;pcd.com.br;1446;0;0;0;0.002083
transf_internacional;pcd.com.br;1450;0;0;0;0.001403
transf_internacional;pcd.com.br;1459;0;0;0;0.001618
transf_internacional;pcd.com.br;1467;0;0;0;0.003637
transf_internacional;pcd.com.br;1471;0;0;0;0.002883
transf_internacional;pcd.com.br;1472;0;0;0;0.006464
transf_internacional;pcd.com.br;1473;0;0;0;0.002025
transf_internacional;pcd.com.br;1475;0;0;0;0.002977
transf_internacional;pcd.com.br;1476;0;0;0;0.001271
transf_internacional;pcd.com.br;1477;0;0;0;0.001419
transf_internacional;pcd.com.br;1478;0;0;0;0.004517
transf_internacional;pcd.com.br;1480;0;0;0;0.002082
transf_internacional;pcd.com.br;1484;0;0;0;0.002747
transf_internacional;pcd.com.br;1487;0;0;0;0.002246
transf_internacional;pcd.com.br;1488;0;0;0;0.001368
transf_internacional;pcd.com.br;1494;0;0;0;0.001541
transf_internacional;pcd.com.br;1496;0;0;0;0.001808
transf_internacional;pcd.com.br;1499;0;0;0;0.002065
transf_internacional;pcd.com.br;1500;0;0;0;0.001646
transf_internacional;pcd.com.br;1502;0;0;0;0.001356
transf_internacional;pcd.com.br;1504;0;0;0;0.001620
transf_internacional;pcd.com.br;1506;0;0;0;0.001490
transf_internacional;pcd.com.br;1512;0;0;0;0.001139
transf_internacional;pcd.com.br;1531;0;0;0;0.001088
transf_internacional;pcd.com.br;1537;0;0;0;0.001578
transf_internacional;pcd.com.br;1545;0;0;0;0.002973
transf_internacional;pcd.com.br;1547;0;0;0;0.001299
transf_internacional;pcd.com.br;1548;0;0;0;0.002609
transf_internacional;pcd.com.br;1549;0;0;0;0.001039
transf_internacional;pcd.com.br;1551;0;0;0;0.001316
transf_internacional;pcd.com.br;1556;0;0;0;0.001336
transf_internacional;pcd.com.br;1558;0;0;0;0.001687
transf_internacional;pcd.com.br;1560;0;0;0;0.001625
transf_internacional;pcd.com.br;1562;0;0;0;0.001779
transf_internacional;pcd.com.br;1566;0;0;0;0.001332
transf_internacional;pcd.com.br;1567;0;0;0;0.001850
transf_internacional;pcd.com.br;1568;0;0;0;0.002289
transf_internacional;pcd.com.br;1569;0;0;0;0.001541
transf_internacional;pcd.com.br;1570;0;0;0;0.001753
transf_internacional;pcd.com.br;1596;0;0;0;0.001583
transf_internacional;pcd.com.br;1604;0;0;0;0.001779
transf_internacional;pcd.com.br;1608;0;0;0;0.001507
transf_internacional;pcd.com.br;1618;0;0;0;0.001740
transf_internacional;pcd.com.br;1629;0;0;0;0.001779
transf_internacional;pcd.com.br;1633;0;0;0;0.001660
transf_internacional;pcd.com.br;1636;0;0;0;0.001645
transf_internacional;pcd.com.br;1637;0;0;0;0.001834
transf_internacional;pcd.com.br;1639;0;0;0;0.001377
transf_internacional;pcd.com.br;1640;0;0;0;0.002157
transf_internacional;pcd.com.br;1643;0;0;0;0.001396
transf_internacional;pcd.com.br;1645;0;0;0;0.003150
transf_internacional;pcd.com.br;1647;0;0;0;0.001896
transf_internacional;pcd.com.br;1648;0;0;0;0.001337
transf_internacional;pcd.com.br;1659;0;0;0;0.001119
transf_internacional;pcd.com.br;1663;0;0;0;0.001103
transf_internacional;pcd.com.br;1670;0;0;0;0.002854
transf_internacional;pcd.com.br;1676;0;0;0;0.002396
transf_internacional;pcd.com.br;1680;0;0;0;0.008369
transf_internacional;pcd.com.br;1684;0;0;0;0.007016
transf_internacional;pcd.com.br;1685;0;0;0;0.001358
transf_internacional;pcd.com.br;1687;0;0;0;0.001882
transf_internacional;pcd.com.br;1689;0;0;0;0.001607
transf_internacional;pcd.com.br;1692;0;0;0;0.002730
transf_internacional;pcd.com.br;1693;0;0;0;0.001779
transf_internacional;pcd.com.br;1695;0;0;0;0.001300
transf_internacional;pcd.com.br;1698;0;0;0;0.002189
transf_internacional;pcd.com.br;1699;0;0;0;0.004582
transf_internacional;pcd.com.br;1700;0;0;0;0.001807
transf_internacional;pcd.com.br;1702;0;0;0;0.002025
transf_internacional;pcd.com.br;1704;0;0;0;0.001686
transf_internacional;pcd.com.br;1705;0;0;0;0.001887
transf_internacional;pcd.com.br;1706;0;0;0;0.001267
transf_internacional;pcd.com.br;1707;0;0;0;0.001853
transf_internacional;pcd.com.br;1708;0;0;0;0.002053
transf_internacional;pcd.com.br;1710;0;0;0;0.001365
transf_internacional;pcd.com.br;1711;0;0;0;0.002072
transf_internacional;pcd.com.br;1712;0;0;0;0.003040
transf_internacional;pcd.com.br;1713;0;0;0;0.001211
transf_internacional;pcd.com.br;1715;0;0;0;0.001822
transf_internacional;pcd.com.br;1716;0;0;0;0.001891
transf_internacional;pcd.com.br;1717;0;0;0;0.002193
transf_internacional;pcd.com.br;1718;0;0;0;0.003332
transf_internacional;pcd.com.br;1719;0;0;0;0.002428
transf_internacional;pcd.com.br;1720;0;0;0;0.001255
transf_internacional;pcd.com.br;1721;0;0;0;0.002391
transf_internacional;pcd.com.br;1722;0;0;0;0.002030
transf_internacional;pcd.com.br;1724;0;0;0;0.002084
transf_internacional;pcd.com.br;1725;0;0;0;0.001608
transf_internacional;pcd.com.br;1727;0;0;0;0.001721
transf_internacional;pcd.com.br;1728;0;0;0;0.001048
transf_internacional;pcd.com.br;1729;0;0;0;0.003112
transf_internacional;pcd.com.br;1733;0;0;0;0.004880
transf_internacional;pcd.com.br;1735;0;0;0;0.002094
transf_internacional;pcd.com.br;1736;0;0;0;0.012438
transf_internacional;pcd.com.br;1737;0;0;0;0.001100
transf_internacional;pcd.com.br;1738;0;0;0;0.001313
transf_internacional;pcd.com.br;1739;0;0;0;0.002115
transf_internacional;pcd.com.br;1740;0;0;0;0.000991
transf_internacional;pcd.com.br;1741;0;0;0;0.001567
transf_internacional;pcd.com.br;1743;0;0;0;0.001974
transf_internacional;pcd.com.br;1744;0;0;0;0.002085
transf_internacional;pcd.com.br;1745;0;0;0;0.002025
transf_internacional;pcd.com.br;1746;0;0;0;0.002087
transf_internacional;pcd.com.br;1747;0;0;0;0.002047
transf_internacional;pcd.com.br;1748;0;0;0;0.001441
transf_internacional;pcd.com.br;1751;0;0;0;0.004144
transf_internacional;pcd.com.br;1752;0;0;0;0.002104
transf_internacional;pcd.com.br;1753;0;0;0;0.002696
transf_internacional;pcd.com.br;1754;0;0;0;0.010467
transf_internacional;pcd.com.br;1755;0;0;0;0.007431
transf_internacional;pcd.com.br;1756;0;0;0;0.006032
transf_internacional;pcd.com.br;1757;0;0;0;0.001499
transf_internacional;pcd.com.br;1760;0;0;0;0.012175
transf_internacional;pcd.com.br;1765;0;0;0;0.003451
transf_internacional;pcd.com.br;1769;0;0;0;0.002420
transf_internacional;pcd.com.br;1770;0;0;0;0.001669
transf_internacional;pcd.com.br;1783;0;0;0;0.001268
transf_internacional;pcd.com.br;1785;0;0;0;0.001365
transf_internacional;pcd.com.br;1787;0;0;0;0.000884
transf_internacional;pcd.com.br;1790;0;0;0;0.001434
transf_internacional;pcd.com.br;1807;0;0;0;0.001382
transf_internacional;pcd.com.br;1809;0;0;0;0.001546
transf_internacional;pcd.com.br;1813;0;0;0;0.003483
transf_internacional;pcd.com.br;1817;0;0;1;0.025465
transf_internacional;pcd.com.br;1818;0;0;1;0.019157
transf_internacional;pcd.com.br;1820;0;0;0;0.001093
transf_internacional;pcd.com.br;1823;0;0;0;0.001762
transf_internacional;pcd.com.br;1832;0;0;0;0.001995
transf_internacional;pcd.com.br;1836;0;0;0;0.001856
transf_internacional;pcd.com.br;1837;0;0;0;0.002347
transf_internacional;pcd.com.br;1841;1;0;1;0.052111
transf_internacional;pcd.com.br;1842;1;0;1;0.033721
transf_internacional;pcd.com.br;1843;1;1;0;0.010124
transf_internacional;pcd.com.br;1844;1;1;1;0.125399
transf_internacional;pcd.com.br;1845;1;0;1;0.066512
transf_internacional;pcd.com.br;1847;0;0;0;0.002325
transf_internacional;pcd.com.br;1849;0;0;0;0.001765
transf_internacional;pcd.com.br;1854;0;0;0;0.001430
transf_internacional;pcd.com.br;1858;0;0;0;0.001618
transf_internacional;pcd.com.br;1862;0;0;0;0.001583
transf_internacional;pcd.com.br;1865;0;0;0;0.001015
transf_internacional;pcd.com.br;1868;0;0;0;0.001561
transf_internacional;pcd.com.br;1870;0;0;0;0.001336
transf_internacional;pcd.com.br;1872;0;0;0;0.001244
transf_internacional;pcd.com.br;1874;0;0;0;0.001579
transf_internacional;pcd.com.br;1875;0;0;0;0.002092
transf_internacional;pcd.com.br;1876;0;0;0;0.002174
transf_internacional;pcd.com.br;1877;0;0;0;0.001471
transf_internacional;pcd.com.br;1878;0;0;0;0.001373
transf_internacional;pcd.com.br;1879;0;0;0;0.001429
transf_internacional;pcd.com.br;1880;0;0;0;0.002122
transf_internacional;pcd.com.br;1881;0;0;0;0.001203
transf_internacional;pcd.com.br;1882;0;0;0;0.001217
transf_internacional;pcd.com.br;1887;0;0;0;0.001410
transf_internacional;pcd.com.br;1890;0;0;0;0.001114
transf_internacional;pcd.com.br;1891;0;0;0;0.001300
transf_internacional;pcd.com.br;1892;0;0;0;0.001344
transf_internacional;pcd.com.br;1895;0;0;0;0.002629
transf_internacional;pcd.com.br;1896;0;0;0;0.003545
transf_internacional;pcd.com.br;1897;0;0;0;0.003441
transf_internacional;pcd.com.br;1901;0;0;0;0.001510
transf_internacional;pcd.com.br;1902;0;0;0;0.001253
transf_internacional;pcd.com.br;1906;0;0;0;0.002601
transf_internacional;pcd.com.br;1907;0;0;0;0.005797
transf_internacional;pcd.com.br;1909;0;0;0;0.001478
transf_internacional;pcd.com.br;1910;0;0;0;0.002553
transf_internacional;pcd.com.br;1912;0;0;0;0.000958
transf_internacional;pcd.com.br;1913;0;0;0;0.001294
transf_internacional;pcd.com.br;1914;0;0;0;0.001459
transf_internacional;pcd.com.br;1917;0;0;0;0.003362
transf_internacional;pcd.com.br;1921;0;0;0;0.001630
transf_internacional;pcd.com.br;1926;0;0;0;0.005602
transf_internacional;pcd.com.br;1934;0;0;0;0.001358
transf_internacional;pcd.com.br;1937;0;0;0;0.002336
transf_internacional;pcd.com.br;1939;0;0;0;0.002939
transf_internacional;pcd.com.br;1943;0;0;0;0.001392
transf_internacional;pcd.com.br;1945;0;0;0;0.001497
transf_internacional;pcd.com.br;1949;0;0;0;0.001591
transf_internacional;pcd.com.br;1957;0;0;0;0.002277
transf_internacional;pcd.com.br;1959;0;0;0;0.001330
transf_internacional;pcd.com.br;1961;0;0;0;0.001183
transf_internacional;pcd.com.br;1965;0;0;0;0.002066
transf_internacional;pcd.com.br;1966;0;0;0;0.002187
transf_internacional;pcd.com.br;1973;0;0;0;0.001803
transf_internacional;pcd.com.br;1975;0;0;0;0.001531
transf_internacional;pcd.com.br;1976;0;0;0;0.002669
transf_internacional;pcd.com.br;1978;0;0;0;0.001878
transf_internacional;pcd.com.br;1981;0;0;0;0.002167
transf_internacional;pcd.com.br;1983;0;0;0;0.001190
transf_internacional;pcd.com.br;1986;0;0;0;0.004870
transf_internacional;pcd.com.br;1987;0;0;0;0.000909
transf_internacional;pcd.com.br;1988;0;0;0;0.001757
transf_internacional;pcd.com.br;1989;0;0;0;0.001122
transf_internacional;pcd.com.br;1992;0;0;0;0.001297
transf_internacional;pcd.com.br;1995;0;0;0;0.002414
transf_internacional;pcd.com.br;1996;0;0;0;0.002231
transf_internacional;pcd.com.br;1997;0;0;0;0.001237
transf_internacional;pcd.com.br;1999;0;0;0;0.003246
transf_internacional;pcd.com.br;2000;0;0;0;0.001225
transf_internacional;pcd.com.br;2001;0;0;0;0.001316
transf_internacional;pcd.com.br;2004;0;0;0;0.006101
transf_internacional;pcd.com.br;2005;0;0;0;0.003548
transf_internacional;pcd.com.br;2008;0;0;0;0.000752
transf_internacional;pcd.com.br;2009;0;0;0;0.001426
transf_internacional;pcd.com.br;2011;0;0;0;0.004674
transf_internacional;pcd.com.br;2012;0;0;0;0.001492
transf_internacional;pcd.com.br;2013;0;0;0;0.001704
transf_internacional;pcd.com.br;2014;0;0;0;0.001212
transf_internacional;pcd.com.br;2015;0;0;0;0.001296
transf_internacional;pcd.com.br;2017;0;0;0;0.008303
transf_internacional;pcd.com.br;2020;0;0;0;0.002792
transf_internacional;pcd.com.br;2023;0;0;0;0.005704
transf_internacional;pcd.com.br;2027;0;0;0;0.002210
transf_internacional;pcd.com.br;2028;0;0;0;0.001971
transf_internacional;pcd.com.br;2029;0;0;0;0.002239
transf_internacional;pcd.com.br;2030;0;0;0;0.002615
transf_internacional;pcd.com.br;2032;0;0;0;0.001294
transf_internacional;pcd.com.br;2033;0;0;0;0.000907
transf_internacional;pcd.com.br;2034;0;0;0;0.002561
transf_internacional;pcd.com.br;2039;0;1;1;0.074745
transf_internacional;pcd.com.br;2042;0;0;0;0.003169
transf_internacional;pcd.com.br;2044;0;0;0;0.001060
transf_internacional;pcd.com.br;2048;0;0;0;0.001696
transf_internacional;pcd.com.br;2052;0;0;0;0.001438
transf_internacional;pcd.com.br;2058;0;0;0;0.001559
transf_internacional;pcd.com.br;2063;0;0;0;0.000789
transf_internacional;pcd.com.br;2067;0;0;0;0.000867
transf_internacional;pcd.com.br;2069;0;0;0;0.009663
transf_internacional;pcd.com.br;2071;0;0;0;0.003782
transf_internacional;pcd.com.br;2073;0;0;0;0.002353
transf_internacional;pcd.com.br;2076;0;0;0;0.001812
transf_internacional;pcd.com.br;2079;0;0;0;0.002160
transf_internacional;pcd.com.br;2082;0;0;0;0.001481
transf_internacional;pcd.com.br;2084;0;0;0;0.001062
transf_internacional;pcd.com.br;2093;0;0;0;0.001460
transf_internacional;pcd.com.br;2095;0;0;0;0.001462
transf_internacional;pcd.com.br;2104;0;0;0;0.002345
transf_internacional;pcd.com.br;2105;0;0;0;0.001504
transf_internacional;pcd.com.br;2106;0;0;0;0.001356
transf_internacional;pcd.com.br;2107;0;0;0;0.002080
transf_internacional;pcd.com.br;2108;0;0;0;0.001359
transf_internacional;pcd.com.br;2112;0;0;0;0.001655
transf_internacional;pcd.com.br;2113;0;0;0;0.001165
transf_internacional;pcd.com.br;2114;0;0;0;0.001174
transf_internacional;pcd.com.br;2115;0;0;0;0.003706
transf_internacional;pcd.com.br;2118;0;0;0;0.005812
transf_internacional;pcd.com.br;2121;0;0;0;0.001638
transf_internacional;pcd.com.br;2124;0;0;0;0.001816
transf_internacional;pcd.com.br;2126;0;0;0;0.002192
transf_internacional;pcd.com.br;2127;0;0;0;0.001892
transf_internacional;pcd.com.br;2128;0;0;0;0.001947
transf_internacional;pcd.com.br;2133;0;0;0;0.001601
transf_internacional;pcd.com.br;2135;0;0;0;0.002151
transf_internacional;pcd.com.br;2138;0;0;0;0.001943
transf_internacional;pcd.com.br;2141;0;0;0;0.004675
transf_internacional;pcd.com.br;2142;0;0;0;0.002020
transf_internacional;pcd.com.br;2143;0;0;0;0.001121
transf_internacional;pcd.com.br;2144;0;0;0;0.001358
transf_internacional;pcd.com.br;2146;0;0;1;0.016936
transf_internacional;pcd.com.br;2150;0;0;0;0.001344
transf_internacional;pcd.com.br;2151;0;0;0;0.001128
transf_internacional;pcd.com.br;2158;0;0;0;0.001430
transf_internacional;pcd.com.br;2161;0;0;0;0.002227
transf_internacional;pcd.com.br;2165;0;0;0;0.002887
transf_internacional;pcd.com.br;2169;0;0;0;0.002954
transf_internacional;pcd.com.br;2195;0;0;0;0.001364
transf_internacional;pcd.com.br;2197;0;0;0;0.001387
transf_internacional;pcd.com.br;2201;0;0;0;0.001623
